loan_amnt,annual_inc,dti,emp_length,grade,term,purpose,home_ownership,state,revol_util,fico,default
20000.0,75000.0,1.68,4 years,D, 60 months,major_purchase,MORTGAGE,OK,34.2,734.0,0
22000.0,86000.0,28.59,10+ years,B, 36 months,debt_consolidation,MORTGAGE,VA,58.0,684.0,0
5600.0,60000.0,24.56,10+ years,A, 36 months,credit_card,RENT,TX,55.7,684.0,0
13000.0,55000.0,21.12,3 years,C, 36 months,credit_card,MORTGAGE,CO,63.1,684.0,0
7300.0,57500.0,14.88,10+ years,D, 36 months,debt_consolidation,MORTGAGE,MN,88.5,674.0,0
15000.0,64000.0,12.34,7 years,A, 36 months,credit_card,MORTGAGE,NJ,27.8,779.0,0
22000.0,68000.0,21.21,10+ years,B, 60 months,home_improvement,MORTGAGE,PA,24.2,709.0,1
3000.0,125000.0,6.83,5 years,B, 36 months,credit_card,MORTGAGE,TX,72.4,679.0,0
10000.0,100000.0,5.76,10+ years,D, 60 months,debt_consolidation,RENT,FL,34.5,674.0,1
16000.0,58000.0,20.88,< 1 year,D, 60 months,debt_consolidation,RENT,CA,68.4,669.0,0
20000.0,48700.0,11.11,< 1 year,C, 60 months,debt_consolidation,MORTGAGE,IL,75.7,709.0,0
12000.0,56000.0,21.69,4 years,F, 60 months,debt_consolidation,RENT,NY,43.6,669.0,1
15000.0,40000.0,21.23,2 years,E, 60 months,credit_card,RENT,AZ,75.2,679.0,1
9000.0,76000.0,14.65,10+ years,A, 36 months,credit_card,RENT,NY,68.5,684.0,0
6000.0,40000.0,25.88,1 year,A, 36 months,debt_consolidation,RENT,IL,38.0,724.0,0
25000.0,60000.0,15.74,2 years,B, 36 months,debt_consolidation,RENT,CA,60.4,694.0,0
35000.0,85000.0,30.04,3 years,C, 60 months,credit_card,MORTGAGE,WI,77.9,704.0,0
12125.0,53480.0,33.44,7 years,B, 36 months,debt_consolidation,MORTGAGE,CA,64.9,684.0,0
5125.0,40884.0,36.84,8 years,C, 36 months,credit_card,MORTGAGE,LA,35.9,714.0,0
19000.0,50200.0,18.29,5 years,E, 60 months,debt_consolidation,RENT,CA,48.0,664.0,0
15000.0,36000.0,33.33,4 years,B, 36 months,credit_card,MORTGAGE,WI,34.0,719.0,0
5300.0,25000.0,26.4,< 1 year,B, 36 months,debt_consolidation,RENT,TX,42.7,664.0,0
12000.0,55000.0,25.53,7 years,A, 36 months,credit_card,MORTGAGE,WI,37.0,714.0,0
35000.0,150000.0,18.98,6 years,E, 60 months,debt_consolidation,MORTGAGE,FL,70.9,699.0,0
4550.0,37000.0,6.75,5 years,B, 36 months,debt_consolidation,MORTGAGE,MO,52.8,669.0,0
28000.0,210000.0,9.15,2 years,C, 36 months,credit_card,RENT,CA,74.0,679.0,0
20000.0,82500.0,18.94,10+ years,C, 60 months,debt_consolidation,MORTGAGE,GA,43.4,689.0,1
12000.0,50000.0,9.1,10+ years,A, 36 months,credit_card,MORTGAGE,ND,60.6,724.0,0
3000.0,75000.0,11.7,8 years,B, 36 months,home_improvement,MORTGAGE,GA,59.9,729.0,0
11575.0,50000.0,5.66,< 1 year,E, 60 months,debt_consolidation,OWN,NY,71.8,704.0,0
16000.0,54000.0,18.42,10+ years,B, 60 months,credit_card,MORTGAGE,KY,52.1,684.0,0
10000.0,27000.0,19.56,2 years,D, 36 months,credit_card,MORTGAGE,TN,42.3,684.0,0
32000.0,115000.0,18.84,5 years,F, 60 months,major_purchase,MORTGAGE,GA,93.2,704.0,1
28000.0,144379.0,18.06,10+ years,A, 36 months,credit_card,MORTGAGE,AR,79.1,709.0,0
15000.0,105000.0,23.36,2 years,B, 60 months,debt_consolidation,MORTGAGE,NJ,53.3,734.0,0
23175.0,69000.0,29.98,9 years,C, 36 months,credit_card,MORTGAGE,AZ,99.8,684.0,1
25000.0,300000.0,5.96,3 years,A, 36 months,debt_consolidation,MORTGAGE,NV,84.8,689.0,1
35000.0,95000.0,11.72,7 years,D, 60 months,debt_consolidation,RENT,NJ,49.9,699.0,0
3500.0,28838.0,5.87,7 years,B, 36 months,car,MORTGAGE,IN,16.6,714.0,0
12000.0,75000.0,26.24,1 year,B, 60 months,debt_consolidation,MORTGAGE,LA,81.1,704.0,0
18000.0,69000.0,28.57,10+ years,E, 60 months,debt_consolidation,OWN,MD,76.3,694.0,0
21000.0,57000.0,28.32,5 years,D, 60 months,home_improvement,MORTGAGE,FL,46.2,704.0,0
7250.0,41000.0,28.69,10+ years,C, 36 months,debt_consolidation,OWN,NY,57.2,684.0,1
12000.0,42000.0,20.51,10+ years,B, 36 months,debt_consolidation,RENT,PA,32.8,699.0,0
20000.0,105000.0,11.91,5 years,B, 36 months,debt_consolidation,RENT,CA,85.7,679.0,0
18500.0,50000.0,15.34,1 year,A, 36 months,debt_consolidation,RENT,IL,92.0,714.0,0
6750.0,60000.0,29.42,10+ years,D, 36 months,debt_consolidation,OWN,NY,33.2,679.0,0
35000.0,225000.0,15.25,10+ years,B, 60 months,debt_consolidation,MORTGAGE,NC,33.4,714.0,0
10000.0,106000.0,19.59,10+ years,B, 36 months,home_improvement,MORTGAGE,NY,60.0,704.0,0
19350.0,44000.0,19.48,10+ years,C, 36 months,credit_card,RENT,NJ,65.9,664.0,0
5000.0,38000.0,6.22,10+ years,B, 36 months,credit_card,RENT,CA,30.2,669.0,0
35000.0,340000.0,10.68,6 years,D, 60 months,small_business,MORTGAGE,TX,21.2,739.0,0
25600.0,96000.0,14.31,8 years,A, 36 months,credit_card,MORTGAGE,AL,47.9,744.0,0
9600.0,36000.0,7.03,2 years,B, 36 months,debt_consolidation,MORTGAGE,MS,73.7,664.0,1
35000.0,425000.0,18.39,10+ years,B, 36 months,debt_consolidation,MORTGAGE,AZ,87.0,679.0,1
20000.0,240000.0,11.83,3 years,E, 60 months,debt_consolidation,MORTGAGE,WA,70.3,664.0,1
5600.0,70000.0,16.25,1 year,B, 36 months,credit_card,RENT,FL,33.0,664.0,1
14400.0,70000.0,13.73,1 year,A, 36 months,credit_card,RENT,IL,40.4,674.0,0
20000.0,73000.0,25.81,10+ years,E, 60 months,debt_consolidation,MORTGAGE,OH,63.2,679.0,1
25000.0,80000.0,14.54,10+ years,A, 60 months,credit_card,OWN,TX,11.1,794.0,0
12325.0,50000.0,15.22,10+ years,C, 36 months,debt_consolidation,MORTGAGE,PA,28.0,664.0,0
25000.0,68000.0,9.53,10+ years,A, 36 months,debt_consolidation,RENT,WY,51.4,719.0,0
9500.0,57000.0,18.76,3 years,C, 36 months,home_improvement,MORTGAGE,OH,44.0,679.0,1
7000.0,76000.0,28.68,9 years,C, 36 months,small_business,MORTGAGE,NC,41.2,719.0,1
28000.0,107000.0,21.02,< 1 year,A, 36 months,debt_consolidation,MORTGAGE,NC,6.1,824.0,0
30000.0,300000.0,15.51,5 years,B, 36 months,credit_card,MORTGAGE,LA,68.2,699.0,0
5000.0,52000.0,18.23,5 years,B, 36 months,debt_consolidation,MORTGAGE,TN,21.3,724.0,0
3000.0,105800.0,12.14,2 years,A, 36 months,other,RENT,TX,29.6,719.0,0
17525.0,66000.0,35.84,3 years,D, 60 months,credit_card,RENT,VA,40.4,699.0,0
15000.0,90000.0,14.24,2 years,A, 36 months,vacation,RENT,NV,4.9,814.0,0
18000.0,42000.0,21.68,4 years,E, 60 months,credit_card,RENT,VA,87.6,664.0,1
7000.0,53560.0,11.97,10+ years,B, 36 months,debt_consolidation,MORTGAGE,AR,18.4,674.0,0
1450.0,24000.0,0.2,9 years,E, 36 months,other,MORTGAGE,MI,0.1,694.0,0
14500.0,82400.0,15.16,7 years,C, 60 months,debt_consolidation,RENT,NJ,42.0,684.0,0
18900.0,43000.0,14.9,10+ years,E, 60 months,debt_consolidation,RENT,TX,89.7,699.0,0
8000.0,33000.0,25.02,4 years,B, 36 months,debt_consolidation,RENT,UT,69.1,689.0,0
23100.0,55000.0,28.93,10+ years,E, 60 months,debt_consolidation,OWN,GA,72.8,714.0,0
26400.0,65000.0,27.49,< 1 year,D, 60 months,credit_card,MORTGAGE,IL,65.0,709.0,0
16000.0,74000.0,15.84,10+ years,B, 60 months,debt_consolidation,MORTGAGE,CA,13.8,699.0,0
10000.0,25000.0,30.58,2 years,C, 60 months,home_improvement,MORTGAGE,MA,32.0,704.0,0
13425.0,32000.0,16.62,10+ years,D, 36 months,debt_consolidation,RENT,CO,1.5,679.0,1
18400.0,40000.0,24.61,< 1 year,D, 60 months,credit_card,OWN,IL,64.0,679.0,0
2500.0,55800.0,12.58,2 years,C, 36 months,medical,RENT,FL,43.9,669.0,1
8000.0,61000.0,2.97,6 years,C, 36 months,other,RENT,NY,47.7,724.0,0
23375.0,75344.0,6.82,2 years,G, 60 months,small_business,MORTGAGE,TX,10.0,734.0,1
8000.0,61000.0,14.08,10+ years,C, 36 months,debt_consolidation,RENT,PA,68.8,674.0,1
15000.0,40000.0,27.57,3 years,C, 60 months,credit_card,MORTGAGE,OH,61.2,664.0,1
21500.0,53760.0,28.48,< 1 year,D, 60 months,debt_consolidation,RENT,CA,58.4,664.0,1
15000.0,75000.0,22.43,7 years,A, 36 months,debt_consolidation,MORTGAGE,MI,25.6,724.0,0
18000.0,62000.0,16.76,3 years,C, 60 months,credit_card,RENT,TX,57.9,669.0,1
8150.0,40000.0,32.55,5 years,E, 36 months,debt_consolidation,RENT,GA,79.1,684.0,1
16000.0,147123.0,27.85,10+ years,A, 36 months,debt_consolidation,MORTGAGE,NV,74.5,724.0,0
30000.0,75000.0,16.43,10+ years,B, 60 months,debt_consolidation,MORTGAGE,MA,52.3,709.0,0
14000.0,90000.0,9.04,10+ years,A, 36 months,debt_consolidation,RENT,CA,42.9,709.0,0
20000.0,42000.0,21.74,2 years,C, 60 months,credit_card,RENT,VA,76.9,684.0,0
18925.0,61791.0,26.14,10+ years,C, 36 months,credit_card,MORTGAGE,TN,58.4,709.0,0
15200.0,38000.0,29.28,10+ years,E, 60 months,debt_consolidation,OWN,VA,34.0,694.0,0
35000.0,150000.0,8.75,3 years,C, 36 months,debt_consolidation,RENT,CA,90.1,694.0,0
25625.0,99000.0,11.04,10+ years,D, 36 months,debt_consolidation,RENT,CA,49.0,669.0,1
9000.0,60000.0,25.86,2 years,B, 36 months,credit_card,RENT,IN,73.3,669.0,1
8650.0,48100.0,33.98,6 years,E, 36 months,debt_consolidation,MORTGAGE,TX,97.8,679.0,1
10000.0,90000.0,1.55,5 years,B, 36 months,vacation,RENT,GA,4.8,739.0,0
21850.0,65000.0,24.61,10+ years,D, 60 months,debt_consolidation,MORTGAGE,CA,85.8,669.0,0
35000.0,100000.0,22.28,10+ years,E, 60 months,debt_consolidation,MORTGAGE,IL,81.2,709.0,0
28000.0,216000.0,4.12,10+ years,A, 36 months,debt_consolidation,MORTGAGE,MA,9.1,809.0,0
15000.0,48000.0,37.2,3 years,B, 36 months,debt_consolidation,MORTGAGE,TX,52.0,684.0,1
5000.0,35000.0,17.26,< 1 year,B, 36 months,debt_consolidation,RENT,CA,18.1,669.0,0
20000.0,82500.0,35.84,2 years,B, 36 months,credit_card,RENT,TX,39.7,669.0,1
21950.0,65000.0,25.98,5 years,C, 36 months,debt_consolidation,MORTGAGE,FL,50.0,709.0,0
11000.0,30000.0,9.68,2 years,B, 36 months,credit_card,MORTGAGE,NJ,38.8,724.0,0
3600.0,56000.0,36.2,1 year,D, 36 months,small_business,RENT,NY,48.2,669.0,1
12000.0,75000.0,9.5,< 1 year,D, 36 months,debt_consolidation,RENT,TX,86.2,664.0,0
3000.0,35000.0,33.4,10+ years,C, 36 months,debt_consolidation,MORTGAGE,SC,43.6,684.0,1
10000.0,90000.0,15.4,7 years,B, 36 months,credit_card,MORTGAGE,TX,82.5,669.0,0
15000.0,55000.0,12.35,10+ years,B, 36 months,debt_consolidation,MORTGAGE,CA,72.4,664.0,0
24800.0,62000.0,17.87,2 years,E, 60 months,debt_consolidation,MORTGAGE,OK,37.9,719.0,0
10000.0,45000.0,27.95,2 years,B, 36 months,debt_consolidation,RENT,MO,24.4,699.0,0
9925.0,34500.0,17.15,2 years,C, 36 months,debt_consolidation,RENT,MO,39.9,694.0,1
6500.0,62000.0,29.27,< 1 year,B, 36 months,credit_card,MORTGAGE,OH,57.1,669.0,1
24000.0,50000.0,3.7,6 years,B, 36 months,home_improvement,MORTGAGE,NJ,2.7,684.0,1
20000.0,50000.0,28.88,10+ years,E, 60 months,debt_consolidation,OWN,CA,20.6,694.0,1
21000.0,70000.0,24.84,3 years,C, 36 months,debt_consolidation,RENT,CA,70.8,694.0,0
22800.0,67000.0,7.95,10+ years,B, 36 months,debt_consolidation,MORTGAGE,NM,60.5,689.0,0
9500.0,42000.0,22.74,1 year,D, 36 months,small_business,RENT,MN,10.0,724.0,1
20000.0,104000.0,10.3,10+ years,D, 60 months,debt_consolidation,MORTGAGE,CA,0.4,689.0,0
13100.0,60000.0,30.4,10+ years,E, 60 months,debt_consolidation,OWN,IL,44.0,674.0,0
8000.0,52250.0,10.91,6 years,A, 36 months,car,MORTGAGE,MO,17.7,784.0,0
7000.0,62000.0,14.48,5 years,C, 36 months,other,RENT,TX,42.1,684.0,1
17450.0,82000.0,31.9,3 years,C, 60 months,credit_card,OWN,MO,80.4,734.0,0
8000.0,95000.0,9.58,1 year,C, 36 months,debt_consolidation,MORTGAGE,OH,43.0,664.0,0
20000.0,300000.0,2.96,10+ years,C, 36 months,debt_consolidation,RENT,FL,10.5,664.0,0
18100.0,75000.0,32.69,1 year,B, 60 months,debt_consolidation,RENT,OH,29.0,724.0,0
14000.0,62000.0,26.25,3 years,E, 60 months,home_improvement,MORTGAGE,MI,34.5,664.0,0
21000.0,125000.0,12.65,3 years,C, 36 months,debt_consolidation,MORTGAGE,CT,66.0,674.0,1
2500.0,45000.0,2.51,9 years,D, 36 months,small_business,RENT,NY,40.6,669.0,0
7200.0,20000.0,31.82,5 years,D, 36 months,debt_consolidation,OWN,CA,23.4,734.0,0
13600.0,85000.0,10.84,1 year,B, 36 months,credit_card,MORTGAGE,FL,96.8,679.0,0
6475.0,30000.0,31.96,< 1 year,C, 36 months,debt_consolidation,RENT,KY,34.8,704.0,0
8000.0,95000.0,13.58,6 years,A, 36 months,credit_card,OWN,CO,39.8,719.0,0
24000.0,56000.0,26.79,1 year,C, 36 months,debt_consolidation,MORTGAGE,MO,73.0,674.0,1
7000.0,38000.0,18.83,8 years,B, 36 months,debt_consolidation,MORTGAGE,NV,35.4,669.0,0
28000.0,250000.0,2.53,4 years,A, 36 months,debt_consolidation,MORTGAGE,NJ,26.6,734.0,0
2400.0,40000.0,14.73,2 years,B, 36 months,debt_consolidation,MORTGAGE,TN,56.3,704.0,0
18500.0,75000.0,24.27,6 years,C, 60 months,debt_consolidation,MORTGAGE,KS,56.6,729.0,0
26000.0,85000.0,21.48,8 years,C, 36 months,credit_card,RENT,NY,39.4,669.0,0
15000.0,60000.0,17.76,10+ years,C, 60 months,credit_card,MORTGAGE,CA,53.2,699.0,0
30000.0,100000.0,4.31,3 years,F, 60 months,other,RENT,PA,24.7,699.0,0
10000.0,50000.0,20.93,10+ years,E, 60 months,home_improvement,OWN,IN,2.2,684.0,0
27800.0,129000.0,37.17,10+ years,B, 36 months,debt_consolidation,RENT,MA,51.2,719.0,0
7500.0,87500.0,12.76,6 years,B, 36 months,debt_consolidation,RENT,CA,52.3,664.0,0
23600.0,70000.0,22.46,3 years,C, 36 months,other,MORTGAGE,MI,94.1,709.0,0
12950.0,36000.0,9.67,10+ years,B, 36 months,credit_card,OWN,OK,38.9,744.0,0
18400.0,40000.0,23.04,10+ years,C, 60 months,credit_card,RENT,NY,16.7,679.0,0
1500.0,12000.0,17.7,5 years,C, 36 months,debt_consolidation,RENT,AZ,19.9,744.0,0
27000.0,80000.0,14.88,10+ years,F, 60 months,home_improvement,MORTGAGE,AZ,27.5,679.0,0
12000.0,71000.0,19.08,10+ years,A, 36 months,debt_consolidation,RENT,TN,79.5,684.0,0
4375.0,12200.0,21.36,10+ years,D, 36 months,credit_card,RENT,CA,50.1,709.0,0
18000.0,57000.0,38.91,10+ years,D, 36 months,debt_consolidation,MORTGAGE,KS,47.0,734.0,0
1200.0,61000.0,20.68,7 years,D, 36 months,renewable_energy,MORTGAGE,TX,41.0,684.0,0
30000.0,89000.0,17.72,10+ years,B, 60 months,debt_consolidation,MORTGAGE,TX,62.9,684.0,0
24000.0,85000.0,14.58,3 years,B, 60 months,credit_card,OWN,NY,68.4,714.0,0
24000.0,65000.0,7.85,4 years,B, 36 months,debt_consolidation,MORTGAGE,NC,82.6,704.0,0
7450.0,40000.0,5.91,< 1 year,D, 36 months,debt_consolidation,MORTGAGE,AZ,49.0,679.0,1
2500.0,100000.0,19.08,10+ years,A, 36 months,home_improvement,OWN,LA,69.8,694.0,0
30000.0,90000.0,15.39,8 years,F, 60 months,debt_consolidation,MORTGAGE,CO,62.8,684.0,0
15000.0,77000.0,13.68,2 years,A, 36 months,credit_card,RENT,NJ,52.2,704.0,0
12000.0,175000.0,9.33,10+ years,C, 36 months,credit_card,MORTGAGE,FL,3.5,689.0,0
25000.0,140000.0,11.67,8 years,B, 60 months,debt_consolidation,MORTGAGE,AL,39.3,734.0,0
23225.0,62000.0,21.1,10+ years,D, 60 months,debt_consolidation,MORTGAGE,IN,75.4,709.0,1
11000.0,75000.0,8.88,7 years,B, 60 months,credit_card,MORTGAGE,OK,67.4,689.0,0
4200.0,38000.0,4.8,2 years,C, 36 months,debt_consolidation,MORTGAGE,KY,71.1,664.0,0
10000.0,85000.0,14.38,< 1 year,A, 36 months,debt_consolidation,RENT,WI,22.1,709.0,0
12000.0,40000.0,24.6,10+ years,D, 36 months,debt_consolidation,RENT,WA,77.8,684.0,0
10000.0,65000.0,29.54,6 years,C, 36 months,debt_consolidation,MORTGAGE,CA,61.0,664.0,1
29000.0,122000.0,12.52,3 years,A, 36 months,credit_card,OWN,UT,73.2,719.0,0
16000.0,165000.0,10.92,1 year,B, 60 months,home_improvement,MORTGAGE,TX,96.8,684.0,0
25200.0,107000.0,18.78,10+ years,B, 60 months,credit_card,MORTGAGE,CT,82.5,694.0,0
4800.0,50000.0,31.42,10+ years,C, 36 months,debt_consolidation,MORTGAGE,AZ,65.5,709.0,0
8500.0,42000.0,24.23,< 1 year,B, 36 months,credit_card,RENT,TN,34.5,669.0,0
24000.0,80000.0,19.32,7 years,B, 60 months,debt_consolidation,MORTGAGE,TX,57.1,669.0,0
3600.0,16000.0,8.7,3 years,B, 36 months,credit_card,MORTGAGE,CA,86.8,664.0,0
6750.0,62500.0,12.77,7 years,B, 36 months,home_improvement,MORTGAGE,CA,85.0,714.0,0
15950.0,38000.0,17.88,1 year,E, 60 months,debt_consolidation,MORTGAGE,AZ,70.3,739.0,0
24000.0,165000.0,13.17,2 years,B, 60 months,debt_consolidation,MORTGAGE,CA,0.0,719.0,0
3000.0,22000.0,27.77,8 years,A, 36 months,debt_consolidation,OWN,PA,10.7,789.0,1
12000.0,52000.0,23.03,10+ years,C, 36 months,credit_card,RENT,MA,73.7,669.0,0
8000.0,50000.0,29.84,10+ years,A, 36 months,debt_consolidation,RENT,NH,87.9,679.0,0
3000.0,14400.0,27.23,2 years,D, 36 months,credit_card,RENT,NJ,51.4,664.0,0
35000.0,117756.0,24.98,10+ years,B, 36 months,debt_consolidation,MORTGAGE,GA,80.3,719.0,0
8750.0,25000.0,26.31,2 years,C, 36 months,debt_consolidation,OWN,CA,44.0,689.0,0
24000.0,125000.0,23.56,4 years,B, 36 months,credit_card,MORTGAGE,TN,64.4,679.0,0
6375.0,51000.0,11.88,10+ years,B, 36 months,other,MORTGAGE,PA,41.9,714.0,0
12000.0,67006.86,16.98,10+ years,C, 60 months,debt_consolidation,MORTGAGE,TX,87.3,729.0,0
5000.0,24000.0,18.15,< 1 year,C, 36 months,moving,RENT,NY,45.5,734.0,0
5000.0,105000.0,20.78,8 years,B, 36 months,debt_consolidation,RENT,PA,35.7,744.0,1
10000.0,65000.0,27.88,< 1 year,C, 36 months,home_improvement,MORTGAGE,SC,78.3,714.0,1
4800.0,55000.0,22.65,7 years,D, 36 months,other,MORTGAGE,OK,69.7,694.0,0
28000.0,150000.0,10.28,4 years,D, 60 months,debt_consolidation,MORTGAGE,NC,67.1,684.0,0
6000.0,42000.0,14.23,3 years,B, 36 months,debt_consolidation,MORTGAGE,MI,16.0,684.0,1
24000.0,86000.0,26.22,9 years,B, 36 months,debt_consolidation,RENT,IL,63.0,669.0,1
29000.0,58000.0,25.12,10+ years,C, 36 months,debt_consolidation,RENT,TX,67.8,724.0,0
10800.0,45000.0,20.99,7 years,A, 36 months,debt_consolidation,RENT,AZ,40.7,719.0,0
34000.0,81000.0,35.29,10+ years,F, 60 months,credit_card,OWN,MA,59.7,689.0,1
20000.0,79200.0,16.12,10+ years,B, 60 months,credit_card,MORTGAGE,GA,88.6,709.0,0
21875.0,49735.44,12.14,3 years,E, 60 months,debt_consolidation,MORTGAGE,IL,33.5,699.0,0
30000.0,60000.0,22.12,< 1 year,D, 36 months,credit_card,RENT,CA,30.6,774.0,1
11200.0,64000.0,18.19,9 years,A, 36 months,home_improvement,MORTGAGE,NC,25.2,789.0,0
18000.0,95000.0,24.42,4 years,B, 60 months,debt_consolidation,MORTGAGE,TX,21.0,704.0,0
3500.0,40000.0,5.88,2 years,C, 36 months,medical,RENT,PA,34.9,704.0,0
30000.0,74000.0,25.59,8 years,E, 60 months,credit_card,MORTGAGE,NY,40.5,714.0,0
20000.0,190000.0,17.92,8 years,C, 60 months,debt_consolidation,MORTGAGE,MD,62.6,694.0,0
8000.0,36000.0,26.47,2 years,D, 36 months,debt_consolidation,MORTGAGE,PA,73.8,704.0,0
10000.0,50000.0,18.12,10+ years,D, 60 months,debt_consolidation,RENT,UT,62.2,674.0,1
16000.0,87000.0,16.04,10+ years,A, 36 months,debt_consolidation,MORTGAGE,CA,23.7,749.0,0
7000.0,25000.0,12.53,10+ years,D, 36 months,debt_consolidation,RENT,VT,100.5,669.0,0
10000.0,100000.0,25.11,10+ years,C, 36 months,moving,MORTGAGE,CA,56.9,704.0,0
9000.0,45000.0,27.44,10+ years,B, 36 months,debt_consolidation,MORTGAGE,TN,4.0,774.0,0
20000.0,80000.0,24.45,10+ years,E, 60 months,debt_consolidation,MORTGAGE,UT,89.4,724.0,0
21600.0,200000.0,12.32,10+ years,B, 36 months,credit_card,MORTGAGE,CA,29.4,714.0,0
6000.0,95000.0,15.45,9 years,C, 36 months,debt_consolidation,RENT,CO,96.4,679.0,0
5000.0,42000.0,30.17,2 years,D, 36 months,debt_consolidation,RENT,FL,96.9,689.0,0
14950.0,44000.0,26.76,9 years,D, 36 months,debt_consolidation,RENT,MD,55.0,684.0,0
22000.0,66100.0,24.01,9 years,C, 36 months,debt_consolidation,RENT,AZ,41.1,734.0,0
16500.0,45000.0,16.61,6 years,C, 36 months,debt_consolidation,RENT,CA,57.3,689.0,0
10000.0,51000.0,23.55,1 year,C, 36 months,debt_consolidation,MORTGAGE,FL,72.0,679.0,1
14400.0,150000.0,30.52,5 years,B, 36 months,credit_card,MORTGAGE,OK,52.4,694.0,0
11200.0,82000.0,17.4,6 years,B, 36 months,debt_consolidation,MORTGAGE,OH,81.1,684.0,0
24000.0,80000.0,11.4,< 1 year,C, 36 months,debt_consolidation,RENT,CA,98.8,714.0,0
24000.0,65000.0,26.94,7 years,B, 36 months,credit_card,RENT,OH,82.2,684.0,0
9600.0,29000.0,22.94,4 years,C, 36 months,other,RENT,FL,32.9,674.0,0
10000.0,50000.0,7.75,2 years,A, 36 months,credit_card,RENT,WI,84.2,679.0,0
6000.0,36192.0,5.17,10+ years,B, 36 months,home_improvement,MORTGAGE,FL,21.4,704.0,0
8500.0,39702.0,31.32,2 years,A, 36 months,credit_card,MORTGAGE,OH,60.2,739.0,0
3200.0,93000.0,2.12,10+ years,B, 36 months,credit_card,RENT,IL,22.2,719.0,0
7425.0,42000.0,37.69,3 years,F, 36 months,debt_consolidation,OWN,AL,53.2,679.0,0
6000.0,42000.0,10.56,5 years,B, 36 months,car,RENT,CO,20.1,679.0,0
30000.0,84000.0,16.27,6 years,C, 60 months,debt_consolidation,MORTGAGE,CA,30.1,689.0,0
4725.0,59000.0,23.42,3 years,D, 36 months,debt_consolidation,RENT,GA,69.5,694.0,0
12000.0,72500.0,9.62,< 1 year,C, 36 months,debt_consolidation,OWN,GA,55.2,664.0,0
35000.0,91000.0,13.68,< 1 year,C, 60 months,home_improvement,MORTGAGE,TX,62.3,754.0,0
19875.0,54000.0,27.18,10+ years,D, 60 months,credit_card,MORTGAGE,SC,35.8,754.0,0
17000.0,75000.0,8.16,6 years,C, 36 months,debt_consolidation,RENT,TX,86.3,674.0,0
8000.0,53000.0,11.39,3 years,B, 36 months,credit_card,MORTGAGE,FL,31.5,684.0,0
6300.0,43000.0,27.18,10+ years,E, 36 months,other,RENT,RI,58.8,689.0,0
35000.0,275000.0,17.75,4 years,D, 60 months,debt_consolidation,MORTGAGE,TN,67.4,734.0,0
11000.0,25000.0,9.51,10+ years,A, 36 months,debt_consolidation,RENT,RI,10.0,734.0,0
12000.0,41000.0,22.66,10+ years,B, 60 months,credit_card,OWN,AL,82.7,699.0,0
22000.0,55000.0,9.93,1 year,E, 60 months,home_improvement,MORTGAGE,IL,58.3,674.0,1
9000.0,46000.0,18.5,2 years,B, 36 months,debt_consolidation,RENT,WI,63.4,689.0,0
6000.0,49000.0,30.49,10+ years,A, 36 months,home_improvement,MORTGAGE,MO,0.1,764.0,0
16000.0,70000.0,17.33,10+ years,C, 60 months,debt_consolidation,MORTGAGE,TN,54.8,669.0,0
19800.0,75000.0,24.11,< 1 year,D, 60 months,debt_consolidation,OWN,MN,43.8,679.0,1
11000.0,48000.0,21.95,1 year,A, 36 months,debt_consolidation,MORTGAGE,AZ,60.9,724.0,0
20900.0,58100.0,13.86,< 1 year,E, 60 months,debt_consolidation,RENT,GA,48.6,694.0,0
5375.0,100000.0,4.98,10+ years,C, 36 months,debt_consolidation,RENT,FL,43.0,674.0,1
12000.0,89000.0,17.53,10+ years,B, 36 months,home_improvement,MORTGAGE,NY,74.8,699.0,0
10000.0,52000.0,3.4,3 years,B, 36 months,debt_consolidation,RENT,LA,27.4,714.0,0
10000.0,51000.0,13.06,3 years,B, 36 months,debt_consolidation,MORTGAGE,FL,70.1,684.0,0
12000.0,55000.0,27.93,5 years,A, 36 months,debt_consolidation,MORTGAGE,LA,5.3,814.0,0
11200.0,103000.0,31.18,10+ years,C, 60 months,debt_consolidation,MORTGAGE,GA,95.2,704.0,1
9600.0,53780.0,20.96,10+ years,D, 36 months,home_improvement,MORTGAGE,NJ,49.8,669.0,0
21000.0,95000.0,27.34,4 years,B, 60 months,credit_card,MORTGAGE,TN,96.2,729.0,0
11200.0,110000.0,17.47,10+ years,D, 60 months,debt_consolidation,MORTGAGE,WA,68.9,674.0,0
14000.0,152000.0,11.03,3 years,B, 60 months,debt_consolidation,OWN,IN,37.9,704.0,1
3800.0,37000.0,16.96,7 years,C, 36 months,debt_consolidation,MORTGAGE,OH,34.0,669.0,0
25000.0,56500.0,16.23,10+ years,C, 60 months,debt_consolidation,OWN,PA,95.2,694.0,0
10000.0,60000.0,17.0,8 years,B, 36 months,credit_card,MORTGAGE,TX,76.3,689.0,0
10075.0,28000.0,15.0,5 years,E, 60 months,debt_consolidation,RENT,FL,57.6,664.0,0
25000.0,150000.0,8.58,7 years,A, 36 months,debt_consolidation,RENT,CA,41.7,729.0,0
5000.0,44100.0,22.04,10+ years,C, 36 months,debt_consolidation,MORTGAGE,IL,75.7,679.0,0
20000.0,85000.0,10.32,8 years,B, 36 months,debt_consolidation,MORTGAGE,FL,66.3,674.0,0
15000.0,46000.0,22.51,< 1 year,B, 36 months,debt_consolidation,MORTGAGE,FL,38.5,679.0,0
10000.0,160000.0,6.94,10+ years,B, 36 months,credit_card,RENT,IL,77.6,674.0,0
2400.0,35000.0,12.41,2 years,B, 36 months,other,MORTGAGE,MI,43.4,724.0,0
7975.0,21000.0,25.54,3 years,E, 36 months,credit_card,RENT,FL,28.6,684.0,1
14000.0,100000.0,14.42,2 years,A, 36 months,debt_consolidation,MORTGAGE,OK,37.4,724.0,0
30500.0,105000.0,20.45,10+ years,F, 60 months,debt_consolidation,MORTGAGE,TX,63.9,704.0,1
24500.0,49000.0,38.73,10+ years,C, 60 months,debt_consolidation,OWN,UT,47.9,719.0,0
9600.0,31000.0,18.97,< 1 year,B, 36 months,debt_consolidation,RENT,PA,54.0,664.0,1
28000.0,132000.0,16.6,< 1 year,D, 36 months,debt_consolidation,MORTGAGE,TX,69.7,719.0,0
14850.0,40000.0,35.52,1 year,C, 36 months,credit_card,MORTGAGE,TX,91.8,669.0,1
3600.0,58000.0,20.36,< 1 year,E, 36 months,other,MORTGAGE,IL,69.0,669.0,1
6000.0,30000.0,6.48,7 years,B, 36 months,credit_card,RENT,CA,102.6,689.0,0
2500.0,84000.0,34.01,3 years,B, 36 months,home_improvement,MORTGAGE,GA,60.2,679.0,0
5000.0,84000.0,10.97,10+ years,C, 36 months,other,MORTGAGE,TX,36.7,674.0,1
10000.0,145000.0,7.36,2 years,A, 36 months,credit_card,MORTGAGE,IL,46.1,709.0,0
13000.0,42000.0,25.57,1 year,B, 60 months,debt_consolidation,MORTGAGE,NH,7.2,689.0,0
8000.0,50000.0,6.17,< 1 year,B, 36 months,credit_card,RENT,NY,52.0,674.0,0
12000.0,50000.0,11.89,3 years,B, 36 months,debt_consolidation,MORTGAGE,AR,68.2,724.0,0
12175.0,29000.0,36.01,10+ years,D, 60 months,debt_consolidation,RENT,CT,43.7,699.0,1
12500.0,62000.0,17.07,10+ years,A, 36 months,debt_consolidation,MORTGAGE,PA,18.3,794.0,0
16000.0,50000.0,15.79,8 years,B, 60 months,debt_consolidation,MORTGAGE,AZ,30.2,759.0,0
18000.0,62000.0,19.13,10+ years,D, 36 months,debt_consolidation,MORTGAGE,MO,35.9,709.0,0
4500.0,60000.0,13.78,4 years,C, 36 months,debt_consolidation,RENT,FL,72.0,669.0,0
28000.0,75000.0,21.76,10+ years,A, 36 months,credit_card,MORTGAGE,MI,42.6,689.0,0
16000.0,63653.75,30.35,10+ years,C, 60 months,debt_consolidation,MORTGAGE,IL,78.1,699.0,1
25000.0,94000.0,33.17,6 years,C, 60 months,credit_card,MORTGAGE,FL,61.5,679.0,0
12000.0,61756.0,31.05,10+ years,D, 36 months,debt_consolidation,RENT,MO,82.9,664.0,0
21225.0,65000.0,16.03,10+ years,F, 60 months,home_improvement,MORTGAGE,FL,15.3,694.0,1
6000.0,61287.0,24.7,10+ years,D, 36 months,credit_card,RENT,CA,48.8,674.0,0
9025.0,68000.0,10.59,8 years,E, 36 months,debt_consolidation,MORTGAGE,KY,23.4,679.0,0
12500.0,86000.0,32.91,< 1 year,B, 36 months,debt_consolidation,MORTGAGE,TX,20.5,689.0,0
30800.0,72000.0,21.97,10+ years,C, 60 months,credit_card,MORTGAGE,UT,66.3,709.0,0
7000.0,52000.0,12.53,10+ years,B, 36 months,credit_card,MORTGAGE,ME,39.0,684.0,0
9050.0,95000.0,14.68,5 years,A, 36 months,credit_card,OWN,CT,27.6,704.0,0
35000.0,100000.0,28.45,10+ years,C, 60 months,credit_card,MORTGAGE,TX,54.3,714.0,0
35000.0,300000.0,9.46,4 years,B, 36 months,debt_consolidation,MORTGAGE,NC,73.0,674.0,0
10425.0,30000.0,38.96,5 years,B, 36 months,credit_card,RENT,CT,37.4,739.0,0
6500.0,20000.0,10.5,< 1 year,B, 36 months,credit_card,RENT,GA,47.9,689.0,0
25000.0,140000.0,18.39,10+ years,A, 36 months,debt_consolidation,MORTGAGE,NH,54.0,734.0,0
2500.0,35360.0,25.66,< 1 year,B, 36 months,debt_consolidation,RENT,NH,24.2,719.0,0
10000.0,40000.0,27.75,5 years,C, 36 months,debt_consolidation,RENT,WI,27.5,674.0,1
24000.0,152000.0,39.83,10+ years,C, 60 months,debt_consolidation,MORTGAGE,GA,36.5,729.0,0
7275.0,39900.0,18.47,4 years,F, 36 months,debt_consolidation,RENT,NY,95.4,664.0,1
30000.0,88000.0,13.47,10+ years,C, 60 months,debt_consolidation,MORTGAGE,NC,61.2,699.0,0
14400.0,55000.0,32.32,4 years,C, 60 months,other,RENT,OH,48.0,714.0,0
6000.0,52000.0,21.49,7 years,C, 36 months,debt_consolidation,OWN,AZ,47.5,669.0,0
10000.0,60000.0,19.46,3 years,D, 36 months,debt_consolidation,RENT,MN,62.9,669.0,0
15000.0,100000.0,21.7,9 years,B, 36 months,credit_card,MORTGAGE,TX,26.6,704.0,0
10000.0,55000.0,14.36,5 years,A, 36 months,debt_consolidation,MORTGAGE,CO,17.8,754.0,0
9900.0,52960.0,26.26,8 years,A, 36 months,debt_consolidation,MORTGAGE,IN,50.9,689.0,0
20000.0,70000.0,16.56,2 years,B, 60 months,debt_consolidation,OWN,AR,64.9,719.0,0
15000.0,95000.0,7.29,7 years,B, 60 months,debt_consolidation,MORTGAGE,MI,40.8,684.0,0
9100.0,64000.0,7.68,10+ years,A, 36 months,major_purchase,MORTGAGE,TN,21.0,749.0,0
10000.0,41000.0,17.15,4 years,B, 36 months,debt_consolidation,MORTGAGE,KS,50.0,699.0,0
12200.0,65400.0,10.42,10+ years,F, 60 months,debt_consolidation,RENT,MA,14.6,709.0,1
14400.0,36000.0,19.57,4 years,D, 36 months,debt_consolidation,RENT,MI,72.9,669.0,1
16000.0,50000.0,8.31,8 years,A, 36 months,debt_consolidation,RENT,GA,41.7,739.0,0
12000.0,54000.0,35.02,3 years,D, 60 months,debt_consolidation,RENT,IL,52.9,689.0,0
7000.0,58000.0,15.23,10+ years,C, 36 months,home_improvement,MORTGAGE,MA,56.0,664.0,0
10000.0,136000.0,9.86,5 years,C, 36 months,moving,MORTGAGE,WA,13.7,699.0,0
16000.0,85000.0,6.34,10+ years,C, 60 months,debt_consolidation,MORTGAGE,NY,47.6,669.0,0
6000.0,50000.0,35.21,10+ years,B, 36 months,other,MORTGAGE,AL,50.7,719.0,0
6875.0,71000.0,28.18,5 years,C, 36 months,debt_consolidation,MORTGAGE,CA,80.0,704.0,0
19025.0,95000.0,17.65,10+ years,D, 36 months,credit_card,MORTGAGE,FL,66.1,694.0,0
14075.0,32000.0,24.19,1 year,D, 60 months,debt_consolidation,RENT,MA,40.9,734.0,0
30000.0,92500.0,11.78,2 years,B, 60 months,debt_consolidation,MORTGAGE,OK,19.7,754.0,0
1500.0,35000.0,2.47,8 years,B, 36 months,debt_consolidation,RENT,AZ,18.2,679.0,0
18000.0,48000.0,31.48,10+ years,B, 60 months,credit_card,OWN,OH,32.3,709.0,0
28000.0,290000.0,9.27,< 1 year,A, 36 months,credit_card,RENT,CA,24.9,789.0,0
13000.0,75000.0,23.36,1 year,C, 36 months,credit_card,MORTGAGE,NY,38.8,664.0,1
5000.0,70000.0,15.72,7 years,C, 36 months,other,RENT,TX,18.7,664.0,0
15000.0,65000.0,16.45,10+ years,E, 60 months,debt_consolidation,MORTGAGE,MI,70.9,694.0,0
20000.0,71000.0,10.99,10+ years,C, 60 months,debt_consolidation,MORTGAGE,IL,32.8,689.0,0
21000.0,85000.0,14.36,< 1 year,C, 36 months,home_improvement,MORTGAGE,GA,71.1,669.0,0
10875.0,32000.0,20.63,3 years,F, 36 months,debt_consolidation,OWN,TX,61.9,664.0,0
6600.0,50000.0,33.7,5 years,B, 36 months,credit_card,MORTGAGE,MO,84.9,669.0,0
5100.0,50000.0,26.62,10+ years,B, 36 months,vacation,MORTGAGE,NJ,24.4,724.0,0
26000.0,52037.0,34.59,10+ years,E, 60 months,debt_consolidation,MORTGAGE,TX,101.9,694.0,0
6400.0,38376.0,21.08,2 years,A, 36 months,house,RENT,NJ,48.6,684.0,0
14150.0,101000.0,14.0,8 years,C, 36 months,debt_consolidation,OWN,FL,79.1,679.0,0
10000.0,83000.0,15.38,10+ years,C, 60 months,debt_consolidation,RENT,TX,52.0,664.0,0
18000.0,76000.0,14.98,< 1 year,B, 60 months,other,MORTGAGE,MA,51.1,704.0,0
10125.0,40000.0,19.14,10+ years,B, 60 months,debt_consolidation,RENT,GA,41.5,709.0,0
24900.0,250000.0,25.49,10+ years,D, 36 months,house,RENT,CA,53.4,724.0,1
4700.0,40000.0,33.12,10+ years,C, 36 months,debt_consolidation,MORTGAGE,SC,73.9,664.0,0
6450.0,46000.0,19.15,8 years,E, 36 months,debt_consolidation,RENT,NJ,38.3,664.0,0
11200.0,79000.0,11.47,4 years,C, 60 months,debt_consolidation,MORTGAGE,TX,25.0,694.0,0
30000.0,126000.0,23.34,10+ years,B, 36 months,debt_consolidation,MORTGAGE,TX,57.8,664.0,0
14400.0,40500.0,34.47,4 years,C, 36 months,debt_consolidation,OWN,HI,55.0,664.0,1
19000.0,80000.0,0.38,2 years,C, 60 months,debt_consolidation,MORTGAGE,CO,0.3,809.0,0
12000.0,66000.0,15.58,5 years,A, 36 months,credit_card,MORTGAGE,CA,20.5,694.0,0
5000.0,24000.0,17.05,9 years,B, 36 months,credit_card,RENT,NJ,51.0,679.0,0
12000.0,115000.0,5.96,2 years,C, 36 months,small_business,OWN,NY,70.4,674.0,0
9600.0,78000.0,8.95,10+ years,A, 36 months,debt_consolidation,RENT,MA,32.4,714.0,0
15000.0,42000.0,17.97,10+ years,B, 36 months,credit_card,MORTGAGE,CT,80.8,734.0,0
5050.0,65000.0,17.37,3 years,B, 36 months,home_improvement,MORTGAGE,IL,95.6,699.0,0
30000.0,90000.0,33.98,10+ years,D, 60 months,credit_card,RENT,TX,58.1,714.0,1
12000.0,48000.0,28.28,4 years,B, 36 months,home_improvement,MORTGAGE,FL,37.0,679.0,1
5975.0,55000.0,18.59,4 years,E, 36 months,other,RENT,CA,65.4,664.0,1
20000.0,85000.0,12.42,10+ years,A, 36 months,credit_card,MORTGAGE,TN,69.6,699.0,0
11200.0,145000.0,10.23,10+ years,B, 60 months,debt_consolidation,RENT,FL,42.8,719.0,0
6500.0,41600.0,23.2,10+ years,B, 36 months,debt_consolidation,OWN,CA,17.9,679.0,0
8000.0,48000.0,25.43,< 1 year,B, 36 months,credit_card,MORTGAGE,AL,52.0,699.0,0
21000.0,98500.0,11.06,10+ years,A, 60 months,major_purchase,MORTGAGE,MA,4.5,829.0,0
6000.0,65000.0,23.38,8 years,A, 36 months,credit_card,RENT,HI,61.6,709.0,1
33750.0,75000.0,21.82,5 years,F, 60 months,debt_consolidation,RENT,CA,85.0,669.0,1
16000.0,66000.0,30.49,3 years,B, 60 months,debt_consolidation,MORTGAGE,TX,30.3,729.0,0
6925.0,45000.0,21.63,10+ years,C, 36 months,credit_card,RENT,OH,62.4,674.0,0
19200.0,105000.0,13.19,4 years,A, 36 months,debt_consolidation,MORTGAGE,NJ,15.7,724.0,0
3000.0,65000.0,26.96,10+ years,B, 36 months,other,OWN,PA,55.2,714.0,0
20150.0,60000.0,17.08,4 years,C, 36 months,credit_card,RENT,NC,70.9,674.0,1
33000.0,124000.0,22.86,3 years,B, 36 months,debt_consolidation,MORTGAGE,GA,64.6,704.0,0
11725.0,120000.0,4.66,10+ years,A, 36 months,credit_card,RENT,CA,49.4,699.0,0
5000.0,55000.0,6.31,10+ years,B, 36 months,home_improvement,RENT,NY,76.5,694.0,0
3500.0,58240.0,5.79,2 years,B, 36 months,other,RENT,VA,87.6,684.0,0
16000.0,100000.0,13.54,8 years,C, 60 months,home_improvement,MORTGAGE,FL,51.9,684.0,0
8000.0,65000.0,28.03,10+ years,C, 36 months,debt_consolidation,MORTGAGE,NY,74.8,664.0,0
9000.0,52000.0,27.07,5 years,B, 36 months,debt_consolidation,MORTGAGE,WA,62.8,709.0,0
13200.0,42000.0,25.06,3 years,D, 36 months,debt_consolidation,RENT,MI,27.9,674.0,1
8125.0,52000.0,20.17,8 years,C, 36 months,debt_consolidation,MORTGAGE,NJ,58.7,714.0,1
8000.0,40000.0,17.13,1 year,B, 36 months,debt_consolidation,RENT,VA,79.6,689.0,0
17000.0,56038.0,21.23,5 years,C, 36 months,debt_consolidation,RENT,AR,52.6,684.0,1
25000.0,150000.0,31.91,5 years,D, 60 months,debt_consolidation,RENT,CO,69.5,679.0,1
6700.0,21000.0,20.57,5 years,C, 36 months,major_purchase,RENT,CA,32.8,674.0,0
25850.0,55000.0,9.3,10+ years,E, 60 months,debt_consolidation,MORTGAGE,NE,60.8,674.0,0
4500.0,27000.0,25.38,2 years,C, 36 months,credit_card,RENT,NY,56.5,684.0,0
11200.0,48000.0,22.93,10+ years,D, 60 months,debt_consolidation,MORTGAGE,IN,90.7,674.0,0
15000.0,55827.0,18.09,4 years,B, 36 months,other,RENT,CA,24.8,719.0,1
8400.0,60000.0,16.86,7 years,A, 36 months,debt_consolidation,MORTGAGE,MO,20.4,704.0,0
24000.0,91000.0,19.49,3 years,D, 60 months,debt_consolidation,MORTGAGE,VA,73.9,694.0,0
15000.0,60000.0,17.22,< 1 year,B, 36 months,debt_consolidation,RENT,FL,84.1,739.0,0
25000.0,113000.0,21.81,3 years,C, 60 months,debt_consolidation,OWN,CA,56.0,694.0,0
15000.0,65000.0,16.82,< 1 year,C, 60 months,debt_consolidation,MORTGAGE,CA,56.1,679.0,0
9000.0,166400.0,12.79,10+ years,A, 36 months,credit_card,MORTGAGE,MA,62.3,719.0,0
5000.0,120000.0,26.06,10+ years,C, 36 months,debt_consolidation,MORTGAGE,CA,63.5,669.0,0
12000.0,45000.0,29.23,3 years,C, 60 months,other,RENT,TX,57.4,689.0,1
10000.0,130000.0,7.43,10+ years,C, 36 months,home_improvement,MORTGAGE,RI,34.4,719.0,0
11200.0,90000.0,25.45,1 year,C, 60 months,major_purchase,RENT,MA,71.0,679.0,1
5000.0,50000.0,27.2,4 years,C, 36 months,other,RENT,FL,71.8,689.0,0
12000.0,108507.0,18.89,10+ years,A, 36 months,debt_consolidation,OWN,AL,93.3,709.0,0
2100.0,35517.0,23.65,8 years,D, 36 months,medical,RENT,CA,83.8,679.0,0
3000.0,30000.0,21.2,10+ years,B, 36 months,debt_consolidation,RENT,NY,48.6,699.0,0
23800.0,186000.0,9.27,10+ years,C, 60 months,other,MORTGAGE,IN,58.3,684.0,0
16300.0,48000.0,16.22,8 years,C, 36 months,other,OWN,CA,17.4,764.0,1
24000.0,85000.0,14.74,9 years,E, 60 months,debt_consolidation,MORTGAGE,NY,89.6,679.0,1
5000.0,24000.0,18.9,< 1 year,B, 36 months,credit_card,RENT,FL,26.7,739.0,0
22500.0,45000.0,29.84,6 years,B, 36 months,credit_card,MORTGAGE,TX,55.1,744.0,0
15200.0,110000.0,27.54,5 years,C, 60 months,credit_card,OWN,CA,85.2,679.0,1
9500.0,63000.0,27.41,10+ years,A, 36 months,debt_consolidation,OWN,IN,17.7,769.0,0
4000.0,80000.0,18.82,10+ years,B, 36 months,home_improvement,MORTGAGE,OH,38.2,744.0,0
7500.0,46000.0,15.29,2 years,C, 36 months,credit_card,RENT,NY,79.8,679.0,1
24000.0,99000.0,14.78,2 years,E, 60 months,credit_card,MORTGAGE,MI,60.6,704.0,1
16000.0,75000.0,12.85,3 years,B, 36 months,debt_consolidation,MORTGAGE,MD,94.0,684.0,0
14200.0,85000.0,8.99,1 year,A, 36 months,credit_card,RENT,IL,36.3,704.0,0
10000.0,57374.0,4.5,10+ years,C, 36 months,credit_card,RENT,NY,31.9,664.0,0
12000.0,54000.0,7.44,5 years,E, 60 months,debt_consolidation,OWN,NC,0.2,664.0,0
28000.0,98000.0,16.7,6 years,A, 36 months,debt_consolidation,MORTGAGE,MS,47.2,749.0,0
20000.0,59834.0,37.1,10+ years,D, 60 months,credit_card,MORTGAGE,AR,57.9,699.0,1
35000.0,210000.0,2.83,5 years,B, 36 months,debt_consolidation,RENT,IL,12.5,729.0,0
10000.0,84000.0,21.15,10+ years,B, 36 months,debt_consolidation,MORTGAGE,VA,80.8,684.0,0
3775.0,19200.0,9.63,< 1 year,E, 36 months,debt_consolidation,RENT,NJ,43.5,664.0,0
12000.0,80000.0,17.3,10+ years,C, 36 months,credit_card,MORTGAGE,FL,80.3,674.0,0
18175.0,90000.0,21.95,9 years,F, 60 months,debt_consolidation,RENT,CA,74.4,674.0,0
12000.0,72500.0,26.49,10+ years,A, 36 months,debt_consolidation,MORTGAGE,MO,91.3,694.0,0
11450.0,99612.0,14.15,10+ years,B, 36 months,debt_consolidation,RENT,CA,66.6,679.0,0
25000.0,70000.0,18.16,2 years,C, 36 months,major_purchase,RENT,CA,53.9,699.0,0
13675.0,38000.0,18.7,< 1 year,D, 60 months,other,RENT,NY,30.5,709.0,1
26625.0,70000.0,15.92,10+ years,F, 60 months,debt_consolidation,OWN,CA,32.2,694.0,0
15000.0,35000.0,3.98,< 1 year,B, 36 months,other,MORTGAGE,CT,10.3,694.0,0
6000.0,65000.0,23.72,3 years,B, 36 months,debt_consolidation,MORTGAGE,IL,37.4,674.0,0
15000.0,95000.0,15.9,6 years,B, 36 months,medical,MORTGAGE,GA,77.9,669.0,1
23000.0,85000.0,26.95,10+ years,B, 60 months,debt_consolidation,MORTGAGE,FL,64.0,744.0,0
11000.0,85000.0,18.2,1 year,B, 60 months,debt_consolidation,RENT,CO,9.0,779.0,0
4900.0,123000.0,25.6,2 years,C, 36 months,debt_consolidation,MORTGAGE,FL,64.8,689.0,0
20000.0,65000.0,12.87,10+ years,C, 36 months,credit_card,MORTGAGE,MI,7.3,714.0,0
12000.0,67000.0,7.63,10+ years,C, 60 months,debt_consolidation,MORTGAGE,WA,33.1,664.0,0
9900.0,50000.0,26.88,10+ years,E, 36 months,debt_consolidation,MORTGAGE,MD,46.8,669.0,1
35000.0,120000.0,14.99,5 years,B, 36 months,debt_consolidation,RENT,CA,78.8,734.0,1
24000.0,190000.0,12.23,10+ years,A, 36 months,credit_card,MORTGAGE,NV,89.2,689.0,0
9550.0,75900.0,16.36,7 years,E, 36 months,other,MORTGAGE,CA,90.3,679.0,0
17600.0,40000.0,15.18,10+ years,B, 36 months,debt_consolidation,OWN,FL,57.5,694.0,0
30000.0,82500.0,33.25,3 years,B, 60 months,credit_card,OWN,SC,59.0,694.0,0
15000.0,85000.0,6.1,8 years,C, 60 months,credit_card,RENT,NY,62.5,689.0,0
10000.0,100000.0,4.26,10+ years,A, 36 months,credit_card,RENT,CA,24.0,689.0,0
35000.0,91132.0,20.44,10+ years,D, 36 months,debt_consolidation,RENT,WI,91.7,689.0,0
12000.0,55000.0,29.68,5 years,B, 36 months,credit_card,RENT,LA,16.7,709.0,0
7475.0,55800.0,15.01,< 1 year,D, 36 months,debt_consolidation,RENT,WA,14.5,689.0,1
10000.0,45500.0,16.04,1 year,B, 36 months,credit_card,RENT,MA,65.7,669.0,0
15000.0,60000.0,24.68,10+ years,A, 36 months,home_improvement,MORTGAGE,OH,50.2,724.0,0
16000.0,83000.0,24.15,5 years,A, 60 months,debt_consolidation,MORTGAGE,MD,39.0,759.0,0
6400.0,80000.0,29.35,10+ years,B, 36 months,major_purchase,MORTGAGE,NV,80.8,684.0,0
6000.0,63000.0,11.9,5 years,A, 36 months,home_improvement,MORTGAGE,NJ,13.4,704.0,0
22000.0,59892.0,17.37,10+ years,A, 36 months,credit_card,MORTGAGE,TX,56.1,704.0,0
22000.0,70000.0,18.65,7 years,C, 36 months,debt_consolidation,MORTGAGE,AL,81.2,694.0,0
15825.0,37700.0,5.57,1 year,D, 60 months,credit_card,MORTGAGE,IN,98.8,699.0,0
10000.0,100000.0,18.51,4 years,B, 36 months,other,MORTGAGE,IN,54.0,729.0,0
35000.0,90000.0,13.53,8 years,E, 60 months,credit_card,MORTGAGE,CA,16.0,729.0,0
17000.0,150000.0,5.9,3 years,A, 36 months,debt_consolidation,MORTGAGE,CA,80.0,754.0,0
24150.0,52500.0,31.81,4 years,D, 60 months,debt_consolidation,RENT,FL,79.9,729.0,0
25000.0,69500.0,31.74,9 years,D, 36 months,debt_consolidation,RENT,CT,56.0,664.0,0
7375.0,46000.0,25.15,10+ years,D, 36 months,debt_consolidation,RENT,SD,69.5,684.0,1
35000.0,108000.0,26.54,10+ years,D, 60 months,debt_consolidation,MORTGAGE,MO,86.3,684.0,0
20000.0,180000.0,5.41,< 1 year,A, 36 months,debt_consolidation,RENT,CA,43.0,719.0,0
35000.0,150000.0,4.22,10+ years,B, 36 months,house,OWN,NY,20.6,739.0,0
23000.0,71000.0,24.14,4 years,C, 60 months,debt_consolidation,OWN,LA,47.1,684.0,1
18000.0,130000.0,23.35,10+ years,C, 60 months,debt_consolidation,MORTGAGE,UT,98.0,699.0,0
15325.0,70000.0,8.64,4 years,A, 36 months,debt_consolidation,MORTGAGE,FL,87.4,714.0,0
12000.0,63000.0,13.27,3 years,B, 60 months,credit_card,RENT,NJ,61.9,724.0,1
4700.0,70061.0,30.31,10+ years,A, 36 months,medical,MORTGAGE,TX,34.3,749.0,0
15600.0,36000.0,19.1,< 1 year,B, 36 months,debt_consolidation,OWN,FL,34.4,719.0,0
20000.0,100000.0,13.75,1 year,D, 60 months,other,MORTGAGE,NJ,14.9,699.0,0
25000.0,100000.0,11.81,2 years,B, 60 months,debt_consolidation,RENT,OR,28.1,759.0,0
33575.0,73000.0,16.34,7 years,C, 36 months,debt_consolidation,RENT,WA,87.4,684.0,0
15000.0,43000.0,7.7,8 years,B, 36 months,credit_card,RENT,NY,86.3,674.0,0
10000.0,108000.0,19.97,10+ years,C, 36 months,debt_consolidation,MORTGAGE,KS,91.2,664.0,0
22400.0,120000.0,17.24,8 years,C, 60 months,debt_consolidation,MORTGAGE,NM,88.8,699.0,1
11000.0,52000.0,28.64,2 years,B, 36 months,debt_consolidation,MORTGAGE,FL,48.7,719.0,0
3600.0,35000.0,30.8,2 years,B, 36 months,credit_card,RENT,CA,20.7,674.0,0
24000.0,100000.0,14.49,8 years,A, 36 months,debt_consolidation,RENT,NY,42.6,709.0,0
8000.0,60000.0,9.36,8 years,B, 36 months,home_improvement,OWN,TX,9.1,669.0,0
21500.0,89000.0,9.82,10+ years,D, 60 months,small_business,MORTGAGE,FL,14.2,699.0,0
5525.0,28000.0,11.19,10+ years,C, 36 months,home_improvement,MORTGAGE,NJ,43.0,674.0,0
24000.0,95000.0,12.54,3 years,C, 60 months,debt_consolidation,MORTGAGE,AL,84.7,684.0,1
7000.0,60000.0,33.04,10+ years,B, 36 months,debt_consolidation,MORTGAGE,IL,82.2,724.0,0
9350.0,26000.0,34.58,10+ years,D, 36 months,debt_consolidation,RENT,CA,63.9,674.0,1
6000.0,39000.0,23.14,3 years,B, 36 months,credit_card,MORTGAGE,MI,19.6,784.0,0
4200.0,37000.0,14.4,2 years,A, 36 months,home_improvement,MORTGAGE,LA,29.2,684.0,0
15000.0,45000.0,30.0,7 years,C, 60 months,credit_card,MORTGAGE,MI,50.0,684.0,0
3000.0,50000.0,21.75,< 1 year,C, 36 months,debt_consolidation,OWN,SC,70.6,674.0,0
19975.0,70000.0,6.63,3 years,C, 36 months,small_business,RENT,CA,40.5,684.0,0
18000.0,90000.0,13.63,10+ years,B, 36 months,credit_card,RENT,NY,69.2,664.0,0
5000.0,82000.0,9.37,3 years,C, 36 months,debt_consolidation,MORTGAGE,AZ,58.9,684.0,0
12000.0,43000.0,12.25,2 years,B, 60 months,credit_card,MORTGAGE,GA,28.3,714.0,0
20000.0,85000.0,24.95,2 years,A, 36 months,credit_card,MORTGAGE,AZ,37.1,729.0,0
30000.0,70000.0,23.42,10+ years,C, 36 months,debt_consolidation,RENT,CA,54.8,689.0,0
14000.0,38000.0,22.99,10+ years,D, 60 months,debt_consolidation,OWN,NC,53.7,704.0,0
15000.0,60000.0,11.46,10+ years,B, 60 months,debt_consolidation,RENT,CA,30.2,694.0,0
5500.0,60000.0,13.86,10+ years,A, 36 months,credit_card,MORTGAGE,AL,26.3,729.0,0
8000.0,212000.0,0.49,10+ years,B, 36 months,other,RENT,CA,18.2,674.0,0
16750.0,62000.0,34.42,9 years,E, 60 months,debt_consolidation,MORTGAGE,MO,100.0,694.0,0
12000.0,40000.0,17.16,< 1 year,B, 60 months,credit_card,MORTGAGE,VA,44.8,724.0,0
8000.0,102000.0,23.65,10+ years,A, 36 months,home_improvement,MORTGAGE,MI,37.8,699.0,0
28000.0,180000.0,35.03,2 years,D, 60 months,debt_consolidation,MORTGAGE,TX,81.6,684.0,0
5000.0,70000.0,14.9,2 years,B, 36 months,home_improvement,MORTGAGE,AZ,61.8,664.0,0
4000.0,39500.0,19.6,1 year,C, 36 months,debt_consolidation,OWN,OH,41.4,694.0,0
25000.0,110000.0,2.41,5 years,A, 36 months,credit_card,OWN,NY,15.8,789.0,0
11500.0,32000.0,23.18,3 years,G, 60 months,debt_consolidation,RENT,NJ,73.9,664.0,0
8000.0,95000.0,17.86,10+ years,B, 36 months,debt_consolidation,MORTGAGE,SC,16.7,729.0,0
12000.0,110000.0,5.26,4 years,A, 36 months,credit_card,MORTGAGE,NJ,11.3,759.0,0
20000.0,60000.0,24.02,10+ years,C, 60 months,debt_consolidation,RENT,FL,76.8,724.0,0
11925.0,90000.0,16.44,10+ years,C, 36 months,debt_consolidation,MORTGAGE,CA,11.3,704.0,0
12000.0,57000.0,15.62,< 1 year,C, 60 months,debt_consolidation,MORTGAGE,UT,78.6,674.0,0
21000.0,63800.0,25.58,10+ years,B, 60 months,credit_card,MORTGAGE,KS,73.3,684.0,0
4000.0,81000.0,19.09,10+ years,B, 36 months,debt_consolidation,MORTGAGE,NJ,25.3,734.0,0
2000.0,50000.0,13.85,4 years,C, 36 months,other,MORTGAGE,CA,38.8,719.0,0
28550.0,112200.0,26.61,10+ years,C, 60 months,credit_card,MORTGAGE,GA,7.3,754.0,0
20000.0,56000.0,23.89,6 years,B, 60 months,debt_consolidation,MORTGAGE,FL,44.4,709.0,0
14000.0,125000.0,4.33,10+ years,A, 60 months,debt_consolidation,MORTGAGE,NY,73.5,709.0,0
12325.0,35000.0,21.57,< 1 year,C, 60 months,debt_consolidation,RENT,VT,43.9,669.0,1
21500.0,52000.0,34.09,10+ years,A, 60 months,credit_card,MORTGAGE,WY,39.1,739.0,1
30000.0,155000.0,22.37,< 1 year,A, 36 months,credit_card,MORTGAGE,OH,75.5,719.0,0
15600.0,72500.0,12.07,10+ years,A, 36 months,debt_consolidation,MORTGAGE,AZ,36.9,719.0,0
19150.0,72500.0,30.47,2 years,D, 60 months,debt_consolidation,MORTGAGE,MD,93.7,664.0,0
20000.0,57000.0,27.01,1 year,C, 36 months,debt_consolidation,MORTGAGE,GA,56.9,704.0,0
35000.0,85000.0,24.81,10+ years,D, 60 months,debt_consolidation,MORTGAGE,MD,64.6,694.0,0
16800.0,53000.0,25.61,4 years,C, 36 months,debt_consolidation,RENT,NY,68.7,674.0,1
9600.0,48000.0,24.55,8 years,B, 36 months,credit_card,MORTGAGE,TX,82.7,669.0,0
13000.0,90000.0,16.23,1 year,B, 36 months,debt_consolidation,RENT,CO,27.1,669.0,0
10000.0,125000.0,16.49,2 years,D, 60 months,moving,MORTGAGE,CA,10.7,804.0,0
10000.0,60000.0,7.21,3 years,A, 36 months,debt_consolidation,MORTGAGE,KS,54.5,694.0,0
6900.0,15000.0,29.52,3 years,D, 36 months,credit_card,RENT,PA,30.6,719.0,1
12900.0,38000.0,18.0,10+ years,F, 60 months,debt_consolidation,MORTGAGE,WA,95.6,664.0,1
8675.0,30000.0,32.15,2 years,D, 36 months,credit_card,OWN,MO,77.5,714.0,0
15200.0,195000.0,1.56,2 years,D, 36 months,other,MORTGAGE,TX,39.3,664.0,0
10000.0,83000.0,8.98,10+ years,E, 60 months,debt_consolidation,OWN,CA,23.2,664.0,1
21000.0,55000.0,11.24,10+ years,C, 60 months,debt_consolidation,RENT,CA,79.7,704.0,0
13000.0,60000.0,6.04,6 years,C, 60 months,credit_card,MORTGAGE,NY,68.0,679.0,0
35000.0,220000.0,20.65,9 years,D, 36 months,debt_consolidation,MORTGAGE,TX,29.1,684.0,0
27875.0,80000.0,30.41,2 years,C, 60 months,debt_consolidation,MORTGAGE,NY,55.2,719.0,0
12000.0,120000.0,12.48,10+ years,C, 36 months,debt_consolidation,MORTGAGE,AZ,52.0,689.0,0
27000.0,105000.0,20.24,4 years,C, 60 months,credit_card,OWN,OK,96.2,699.0,0
11000.0,82800.0,31.45,10+ years,C, 60 months,debt_consolidation,RENT,MD,38.0,689.0,1
7000.0,45000.0,11.25,4 years,B, 36 months,credit_card,RENT,FL,35.5,679.0,0
25000.0,84000.0,15.2,1 year,E, 60 months,credit_card,RENT,CA,66.5,669.0,1
18000.0,46000.0,24.32,7 years,B, 36 months,credit_card,MORTGAGE,MD,59.0,674.0,0
15150.0,80000.0,18.14,10+ years,C, 36 months,debt_consolidation,MORTGAGE,TX,56.4,674.0,1
17000.0,65000.0,11.93,3 years,A, 36 months,debt_consolidation,RENT,KY,35.6,684.0,0
15000.0,62000.0,23.11,< 1 year,C, 60 months,credit_card,MORTGAGE,MO,42.2,664.0,0
3800.0,70000.0,34.8,4 years,E, 36 months,debt_consolidation,MORTGAGE,TX,48.0,664.0,1
26400.0,90000.0,16.13,5 years,A, 36 months,debt_consolidation,MORTGAGE,NJ,41.9,739.0,0
9000.0,51000.0,9.55,10+ years,B, 36 months,debt_consolidation,RENT,CA,37.8,714.0,0
17000.0,95000.0,12.81,10+ years,B, 36 months,credit_card,RENT,CA,44.3,689.0,0
17800.0,60000.0,18.38,8 years,C, 36 months,credit_card,RENT,CA,27.2,694.0,1
2000.0,44000.0,6.44,10+ years,C, 36 months,other,RENT,FL,53.4,664.0,0
17550.0,70000.0,11.69,10+ years,D, 60 months,home_improvement,MORTGAGE,CO,30.0,669.0,0
12000.0,167000.0,24.38,10+ years,A, 36 months,credit_card,MORTGAGE,CA,32.5,779.0,0
12000.0,120000.0,7.67,10+ years,B, 36 months,other,MORTGAGE,NJ,22.2,749.0,0
15000.0,68000.0,18.05,< 1 year,B, 36 months,debt_consolidation,OWN,CA,78.7,684.0,0
2400.0,94000.0,22.3,10+ years,B, 36 months,home_improvement,MORTGAGE,IL,52.7,674.0,0
10000.0,75000.0,11.47,8 years,A, 36 months,debt_consolidation,MORTGAGE,OR,27.6,714.0,0
14000.0,42000.0,5.57,10+ years,B, 36 months,home_improvement,MORTGAGE,TX,38.0,664.0,0
20000.0,136000.0,25.87,10+ years,B, 60 months,debt_consolidation,MORTGAGE,TX,55.2,724.0,0
14050.0,39000.0,24.49,10+ years,D, 60 months,major_purchase,MORTGAGE,NE,36.0,699.0,0
10500.0,34000.0,18.74,1 year,B, 36 months,debt_consolidation,RENT,FL,81.2,684.0,0
8400.0,80000.0,17.51,9 years,A, 36 months,debt_consolidation,MORTGAGE,NY,65.7,694.0,1
24000.0,48000.0,16.22,10+ years,C, 60 months,credit_card,RENT,FL,40.9,694.0,0
10000.0,65000.0,8.99,1 year,D, 60 months,debt_consolidation,RENT,AL,70.9,719.0,1
8450.0,50000.0,26.98,10+ years,B, 36 months,debt_consolidation,MORTGAGE,MI,91.1,734.0,0
15000.0,100000.0,25.2,1 year,A, 36 months,debt_consolidation,MORTGAGE,RI,43.7,774.0,0
21150.0,46000.0,19.33,< 1 year,C, 36 months,credit_card,MORTGAGE,FL,72.6,669.0,0
17000.0,70000.0,30.62,2 years,C, 36 months,debt_consolidation,MORTGAGE,TX,65.8,704.0,0
15000.0,90000.0,11.71,9 years,E, 60 months,home_improvement,OWN,TX,49.2,684.0,0
25000.0,78000.0,23.35,1 year,C, 36 months,debt_consolidation,MORTGAGE,TX,36.5,674.0,0
35000.0,104000.0,28.03,1 year,C, 36 months,debt_consolidation,RENT,TX,92.7,689.0,0
19000.0,99200.0,16.75,< 1 year,B, 36 months,debt_consolidation,MORTGAGE,GA,65.9,679.0,0
10000.0,52000.0,20.98,2 years,B, 36 months,debt_consolidation,RENT,MA,45.8,669.0,1
20000.0,50000.0,24.29,10+ years,C, 60 months,debt_consolidation,MORTGAGE,KS,91.9,704.0,0
3500.0,60000.0,17.16,2 years,C, 36 months,debt_consolidation,RENT,TX,45.0,664.0,1
10000.0,50000.0,28.66,9 years,C, 36 months,debt_consolidation,RENT,NV,81.8,674.0,1
24000.0,96000.0,16.91,8 years,C, 36 months,debt_consolidation,MORTGAGE,CA,35.3,679.0,0
10000.0,74097.0,26.72,< 1 year,C, 36 months,debt_consolidation,MORTGAGE,TX,69.6,669.0,0
12000.0,65000.0,11.78,4 years,B, 36 months,debt_consolidation,MORTGAGE,AZ,39.8,664.0,0
10000.0,40000.0,24.9,10+ years,D, 36 months,debt_consolidation,RENT,CA,28.2,684.0,0
12000.0,50000.0,17.69,8 years,A, 36 months,debt_consolidation,RENT,MI,33.7,719.0,0
33800.0,89000.0,28.8,8 years,G, 60 months,debt_consolidation,RENT,MD,68.9,679.0,0
30000.0,60000.0,31.84,1 year,D, 36 months,debt_consolidation,RENT,CA,52.7,674.0,1
7500.0,70000.0,14.81,10+ years,C, 36 months,major_purchase,RENT,NY,16.0,729.0,0
16000.0,59500.0,8.83,10+ years,A, 36 months,debt_consolidation,MORTGAGE,GA,17.9,709.0,0
18000.0,82000.0,22.79,10+ years,A, 36 months,debt_consolidation,MORTGAGE,OH,56.1,694.0,0
12000.0,48000.0,8.3,2 years,C, 60 months,debt_consolidation,RENT,OR,95.1,674.0,0
12000.0,70000.0,21.04,3 years,C, 60 months,debt_consolidation,MORTGAGE,TX,80.8,674.0,1
14000.0,45000.0,32.48,3 years,B, 60 months,credit_card,RENT,WV,76.3,709.0,0
18000.0,70000.0,23.11,10+ years,B, 60 months,credit_card,MORTGAGE,NY,59.9,709.0,0
29000.0,158000.0,15.26,2 years,C, 36 months,debt_consolidation,RENT,CA,42.3,664.0,1
12800.0,90000.0,14.45,10+ years,C, 60 months,other,MORTGAGE,AZ,60.3,669.0,0
10000.0,60000.0,19.34,< 1 year,C, 36 months,debt_consolidation,RENT,CA,89.9,674.0,1
8200.0,39000.0,17.75,10+ years,B, 36 months,credit_card,RENT,KY,101.5,694.0,1
18000.0,110000.0,13.54,6 years,D, 36 months,debt_consolidation,MORTGAGE,MD,47.0,664.0,0
12500.0,32000.0,10.2,5 years,A, 36 months,debt_consolidation,MORTGAGE,NY,22.1,794.0,0
18000.0,65000.0,5.11,< 1 year,C, 60 months,debt_consolidation,RENT,GA,30.0,664.0,1
24000.0,100000.0,24.62,10+ years,A, 60 months,debt_consolidation,MORTGAGE,MI,29.2,744.0,0
12600.0,35000.0,28.84,< 1 year,D, 36 months,debt_consolidation,RENT,CA,85.0,679.0,0
20000.0,56600.0,16.43,3 years,B, 36 months,debt_consolidation,MORTGAGE,NH,75.4,674.0,1
7200.0,48000.0,13.98,10+ years,B, 36 months,home_improvement,MORTGAGE,KY,76.8,719.0,0
16000.0,72000.0,14.58,5 years,A, 36 months,debt_consolidation,MORTGAGE,IL,45.1,739.0,0
24000.0,60000.0,17.78,2 years,B, 60 months,credit_card,MORTGAGE,CT,97.7,714.0,0
14000.0,95000.0,2.65,10+ years,C, 60 months,debt_consolidation,MORTGAGE,NJ,41.9,664.0,0
16800.0,64000.0,33.11,3 years,C, 60 months,debt_consolidation,RENT,FL,64.3,719.0,0
5075.0,49900.0,14.84,10+ years,D, 36 months,debt_consolidation,RENT,PA,94.2,664.0,0
11200.0,37176.0,23.11,10+ years,C, 60 months,credit_card,RENT,OH,74.3,699.0,0
2000.0,75000.0,8.53,10+ years,B, 36 months,debt_consolidation,MORTGAGE,NY,45.1,679.0,0
15600.0,50000.0,17.74,< 1 year,B, 60 months,debt_consolidation,MORTGAGE,MA,50.0,684.0,0
8000.0,50000.0,25.85,10+ years,B, 36 months,credit_card,MORTGAGE,SC,25.3,699.0,0
13300.0,35000.0,15.43,8 years,C, 36 months,credit_card,MORTGAGE,TX,68.7,674.0,0
25000.0,76000.0,18.35,10+ years,E, 60 months,other,MORTGAGE,AR,66.3,694.0,0
10000.0,100002.0,28.45,5 years,A, 60 months,debt_consolidation,RENT,CA,15.6,714.0,0
17150.0,50000.0,35.91,5 years,E, 60 months,credit_card,RENT,CA,97.5,679.0,0
10800.0,70000.0,11.62,5 years,B, 36 months,home_improvement,MORTGAGE,MA,60.8,674.0,0
17000.0,80000.0,21.75,10+ years,D, 60 months,debt_consolidation,RENT,VA,98.7,664.0,0
15000.0,40000.0,21.79,< 1 year,C, 60 months,debt_consolidation,OWN,CT,16.7,674.0,0
7825.0,50000.0,23.96,2 years,D, 36 months,debt_consolidation,MORTGAGE,LA,37.0,679.0,0
27500.0,73500.0,23.2,1 year,B, 60 months,credit_card,MORTGAGE,WA,71.7,689.0,0
35000.0,200000.0,15.89,3 years,A, 36 months,debt_consolidation,MORTGAGE,MA,48.2,719.0,0
20000.0,50000.0,19.16,10+ years,B, 60 months,debt_consolidation,MORTGAGE,WV,17.0,799.0,0
11275.0,75000.0,26.59,10+ years,C, 60 months,debt_consolidation,MORTGAGE,FL,41.7,699.0,0
12000.0,62000.0,16.34,1 year,B, 36 months,home_improvement,MORTGAGE,GA,58.8,704.0,0
24000.0,75000.0,14.02,2 years,C, 60 months,credit_card,MORTGAGE,PA,68.6,674.0,0
5000.0,35000.0,31.82,10+ years,B, 36 months,credit_card,MORTGAGE,MI,43.0,714.0,0
1800.0,45000.0,12.25,5 years,B, 36 months,credit_card,RENT,UT,75.2,669.0,0
12000.0,115000.0,23.72,2 years,A, 36 months,home_improvement,MORTGAGE,TN,81.4,724.0,0
15000.0,85000.0,25.79,10+ years,B, 36 months,debt_consolidation,MORTGAGE,AL,91.0,679.0,0
24000.0,85000.0,17.01,< 1 year,C, 60 months,debt_consolidation,MORTGAGE,PA,86.7,664.0,0
13000.0,54000.0,20.24,3 years,D, 36 months,debt_consolidation,MORTGAGE,MI,90.0,674.0,0
18000.0,61000.0,18.35,< 1 year,B, 60 months,credit_card,MORTGAGE,CA,54.3,694.0,1
28000.0,75000.0,16.64,9 years,A, 36 months,debt_consolidation,MORTGAGE,IL,59.7,714.0,0
15300.0,75000.0,29.76,10+ years,C, 36 months,debt_consolidation,MORTGAGE,FL,39.2,679.0,0
12000.0,73000.0,13.96,3 years,B, 36 months,debt_consolidation,MORTGAGE,CA,56.8,734.0,0
22925.0,89000.0,2.31,10+ years,E, 60 months,debt_consolidation,RENT,MD,36.4,734.0,0
25000.0,125000.0,27.87,1 year,A, 36 months,debt_consolidation,RENT,CA,14.1,809.0,0
6000.0,39000.0,23.32,10+ years,C, 36 months,debt_consolidation,RENT,LA,62.1,674.0,0
25000.0,71000.0,28.74,2 years,B, 36 months,credit_card,OWN,OK,50.2,704.0,0
32500.0,65000.0,9.05,10+ years,E, 60 months,debt_consolidation,MORTGAGE,UT,38.7,714.0,0
9000.0,94000.0,8.68,10+ years,B, 36 months,debt_consolidation,MORTGAGE,CA,91.4,679.0,0
5000.0,107000.0,30.95,10+ years,C, 36 months,debt_consolidation,MORTGAGE,RI,96.9,674.0,0
20000.0,119000.0,22.64,8 years,C, 36 months,debt_consolidation,MORTGAGE,CO,65.0,679.0,0
12000.0,50000.0,10.9,10+ years,B, 36 months,debt_consolidation,MORTGAGE,MS,22.1,709.0,0
2000.0,115000.0,11.45,10+ years,B, 36 months,debt_consolidation,MORTGAGE,NC,19.4,664.0,0
6000.0,39083.0,14.59,4 years,B, 36 months,debt_consolidation,RENT,CO,46.5,674.0,0
6000.0,54140.0,39.68,8 years,A, 36 months,debt_consolidation,MORTGAGE,PA,22.0,684.0,0
20000.0,45000.0,14.59,1 year,D, 60 months,debt_consolidation,OWN,GA,45.0,709.0,0
6000.0,30000.0,35.56,10+ years,C, 36 months,debt_consolidation,OWN,MI,42.3,714.0,0
2400.0,15000.0,10.24,3 years,D, 36 months,moving,RENT,IL,41.5,724.0,0
10000.0,55000.0,17.15,< 1 year,C, 60 months,credit_card,RENT,MI,45.3,669.0,1
11000.0,60000.0,11.98,10+ years,C, 60 months,debt_consolidation,MORTGAGE,PA,25.8,734.0,0
14000.0,70000.0,28.78,4 years,A, 36 months,credit_card,RENT,TX,72.0,684.0,0
10000.0,38000.0,17.09,10+ years,B, 36 months,credit_card,RENT,MI,92.9,669.0,0
32475.0,100800.0,5.96,5 years,D, 36 months,vacation,RENT,CO,14.2,744.0,1
18000.0,82000.0,14.05,3 years,A, 36 months,debt_consolidation,MORTGAGE,KS,48.2,709.0,0
20000.0,75000.0,17.93,10+ years,B, 36 months,debt_consolidation,MORTGAGE,CA,79.2,694.0,0
8000.0,40000.0,27.84,1 year,B, 36 months,debt_consolidation,RENT,WA,24.9,684.0,0
20000.0,137000.0,24.35,2 years,D, 60 months,debt_consolidation,OWN,OR,86.6,664.0,1
7400.0,45000.0,13.65,7 years,C, 36 months,credit_card,OWN,SC,42.0,689.0,0
12000.0,55000.0,19.31,3 years,B, 36 months,credit_card,MORTGAGE,IL,56.6,674.0,1
20000.0,140000.0,15.87,10+ years,B, 36 months,home_improvement,MORTGAGE,VA,55.9,674.0,0
22500.0,135000.0,12.6,10+ years,A, 36 months,debt_consolidation,MORTGAGE,CA,64.4,704.0,0
10000.0,135000.0,5.32,5 years,C, 36 months,small_business,MORTGAGE,MN,0.0,684.0,0
8500.0,75000.0,5.52,7 years,A, 36 months,credit_card,RENT,NY,35.5,689.0,0
24000.0,95000.0,12.46,10+ years,C, 36 months,debt_consolidation,MORTGAGE,FL,14.1,684.0,0
13200.0,48000.0,22.78,5 years,C, 36 months,debt_consolidation,RENT,NY,54.5,684.0,0
16500.0,55000.0,16.23,9 years,G, 60 months,debt_consolidation,RENT,TX,86.8,669.0,0
7000.0,96000.0,27.78,10+ years,B, 36 months,credit_card,OWN,AZ,88.0,674.0,1
2500.0,67000.0,30.22,10+ years,C, 36 months,other,OWN,NY,95.8,709.0,0
35000.0,105000.0,17.42,10+ years,D, 36 months,debt_consolidation,RENT,HI,95.6,689.0,0
3600.0,19000.0,13.14,10+ years,A, 36 months,debt_consolidation,OWN,MT,24.7,749.0,0
10000.0,96100.0,17.76,10+ years,C, 36 months,debt_consolidation,MORTGAGE,PA,74.2,664.0,0
25000.0,60000.0,6.58,6 years,A, 36 months,debt_consolidation,MORTGAGE,CT,22.5,749.0,0
8000.0,32000.0,10.5,1 year,A, 36 months,debt_consolidation,OWN,OK,54.1,754.0,0
14450.0,50000.0,24.44,2 years,E, 60 months,credit_card,OWN,FL,75.7,669.0,0
8000.0,70000.0,14.05,8 years,D, 36 months,major_purchase,MORTGAGE,IL,65.2,679.0,0
15000.0,56000.0,23.25,3 years,C, 36 months,debt_consolidation,RENT,MN,47.0,664.0,0
8000.0,53975.0,12.19,10+ years,D, 36 months,other,RENT,CA,35.0,674.0,1
35000.0,170000.0,16.61,10+ years,C, 60 months,debt_consolidation,MORTGAGE,OH,73.9,699.0,0
20000.0,74000.0,34.94,9 years,C, 60 months,debt_consolidation,RENT,CA,3.6,749.0,1
20000.0,62000.0,16.47,10+ years,E, 60 months,debt_consolidation,MORTGAGE,FL,39.6,704.0,0
15000.0,203890.0,24.13,3 years,A, 36 months,debt_consolidation,MORTGAGE,TX,29.5,754.0,0
6700.0,63885.12,39.92,10+ years,C, 36 months,other,MORTGAGE,MO,98.3,689.0,0
12000.0,70000.0,15.1,5 years,C, 36 months,debt_consolidation,RENT,MA,39.3,694.0,0
24000.0,90000.0,25.79,10+ years,B, 60 months,debt_consolidation,MORTGAGE,IL,51.3,719.0,0
6250.0,22000.0,25.26,2 years,C, 36 months,credit_card,OWN,PA,73.2,679.0,0
5000.0,55000.0,7.81,6 years,C, 36 months,major_purchase,RENT,SC,29.9,679.0,0
7000.0,25000.0,10.8,10+ years,B, 36 months,credit_card,OWN,FL,23.2,719.0,0
25000.0,104000.0,23.21,10+ years,A, 60 months,credit_card,RENT,MN,48.5,699.0,0
28800.0,60000.0,19.39,10+ years,C, 36 months,credit_card,RENT,NJ,94.1,704.0,0
10000.0,85000.0,8.37,10+ years,A, 36 months,home_improvement,MORTGAGE,NY,86.4,704.0,1
5000.0,85000.0,12.4,10+ years,A, 36 months,debt_consolidation,MORTGAGE,NJ,22.5,669.0,0
15000.0,87500.0,16.49,5 years,B, 60 months,other,MORTGAGE,VA,31.5,744.0,0
15000.0,96000.0,9.43,8 years,A, 36 months,debt_consolidation,MORTGAGE,MA,10.0,834.0,0
24000.0,101800.0,14.49,8 years,E, 60 months,debt_consolidation,MORTGAGE,NC,63.1,674.0,0
20000.0,65000.0,28.6,6 years,B, 60 months,credit_card,OWN,PA,81.4,709.0,0
5000.0,30000.0,6.92,5 years,B, 36 months,car,RENT,DE,22.2,714.0,0
5600.0,22640.0,30.33,9 years,B, 36 months,debt_consolidation,MORTGAGE,SC,39.9,714.0,0
21400.0,120000.0,8.28,3 years,F, 60 months,home_improvement,MORTGAGE,CA,67.4,664.0,0
9500.0,51503.0,24.89,2 years,A, 36 months,credit_card,RENT,FL,96.8,699.0,0
20000.0,80000.0,11.88,< 1 year,A, 36 months,debt_consolidation,RENT,NY,56.5,719.0,0
28000.0,93000.0,20.06,3 years,B, 60 months,debt_consolidation,MORTGAGE,NY,31.7,719.0,0
14000.0,70000.0,27.16,5 years,C, 36 months,other,RENT,NY,63.4,669.0,1
20000.0,95000.0,15.94,10+ years,A, 36 months,credit_card,MORTGAGE,MN,69.7,704.0,0
10000.0,77000.0,20.78,10+ years,E, 60 months,home_improvement,MORTGAGE,CA,68.5,669.0,0
10250.0,45000.0,7.63,2 years,B, 36 months,debt_consolidation,RENT,CA,75.2,709.0,0
8000.0,144000.0,6.96,10+ years,B, 36 months,debt_consolidation,MORTGAGE,CA,26.9,669.0,0
14400.0,66000.0,18.67,< 1 year,E, 60 months,debt_consolidation,RENT,AZ,36.8,674.0,1
7000.0,28000.0,13.63,1 year,C, 36 months,debt_consolidation,RENT,GA,32.1,674.0,0
8000.0,76000.0,18.14,8 years,A, 36 months,debt_consolidation,MORTGAGE,AL,51.1,744.0,0
3600.0,58000.0,20.44,10+ years,A, 36 months,credit_card,RENT,TX,17.0,719.0,0
35000.0,253000.0,14.38,10+ years,A, 36 months,credit_card,MORTGAGE,NJ,30.5,724.0,0
5000.0,58000.0,19.16,8 years,C, 36 months,other,RENT,MN,56.0,664.0,0
13000.0,70000.0,19.8,3 years,A, 36 months,debt_consolidation,RENT,PA,28.3,694.0,0
4200.0,40000.0,28.07,7 years,D, 36 months,debt_consolidation,RENT,CA,99.5,679.0,0
12225.0,34000.0,22.63,3 years,E, 36 months,credit_card,RENT,MN,77.1,674.0,0
7000.0,48000.0,28.48,2 years,A, 36 months,debt_consolidation,RENT,KS,36.5,674.0,1
18225.0,38000.0,17.94,4 years,B, 36 months,credit_card,RENT,VA,27.5,709.0,0
5875.0,54000.0,16.78,9 years,E, 36 months,debt_consolidation,RENT,VA,25.9,669.0,0
26000.0,101000.0,12.59,< 1 year,A, 60 months,home_improvement,MORTGAGE,NC,20.6,754.0,0
15000.0,78000.0,10.54,10+ years,A, 36 months,debt_consolidation,MORTGAGE,VA,0.0,704.0,0
3000.0,50000.0,17.31,2 years,B, 36 months,debt_consolidation,RENT,NY,91.9,674.0,0
21000.0,45000.0,11.63,10+ years,B, 60 months,home_improvement,OWN,MN,33.2,754.0,0
6000.0,62000.0,13.77,2 years,B, 36 months,debt_consolidation,RENT,CA,30.9,749.0,1
7825.0,58000.0,18.19,1 year,D, 36 months,credit_card,MORTGAGE,IL,83.9,669.0,1
32000.0,105000.0,18.98,8 years,C, 36 months,debt_consolidation,RENT,CA,95.8,664.0,0
11000.0,39750.0,17.9,3 years,B, 36 months,debt_consolidation,MORTGAGE,ND,69.2,689.0,0
4000.0,56500.0,25.21,10+ years,C, 36 months,debt_consolidation,MORTGAGE,NH,63.0,669.0,0
35000.0,75000.0,13.76,10+ years,C, 60 months,credit_card,OWN,TX,79.2,739.0,0
24000.0,107000.0,9.68,10+ years,C, 60 months,debt_consolidation,MORTGAGE,NY,41.2,774.0,0
14425.0,62000.0,11.92,6 years,D, 60 months,debt_consolidation,RENT,TX,24.9,669.0,1
10000.0,62000.0,11.71,< 1 year,C, 36 months,home_improvement,MORTGAGE,CA,80.6,669.0,1
15000.0,70000.0,26.97,2 years,D, 36 months,credit_card,OWN,NY,47.4,669.0,1
30000.0,105000.0,16.05,4 years,B, 36 months,credit_card,MORTGAGE,MI,43.3,724.0,0
10000.0,62000.0,20.48,3 years,E, 60 months,debt_consolidation,RENT,NY,43.5,694.0,1
20225.0,125000.0,5.15,10+ years,C, 36 months,debt_consolidation,OWN,OR,75.9,674.0,0
35000.0,130000.0,9.03,10+ years,B, 36 months,home_improvement,MORTGAGE,AZ,16.7,739.0,1
10000.0,42000.0,39.03,10+ years,B, 36 months,credit_card,MORTGAGE,MD,35.6,714.0,1
10000.0,40000.0,23.88,5 years,F, 60 months,debt_consolidation,MORTGAGE,MD,44.1,684.0,1
3500.0,120000.0,16.47,10+ years,B, 36 months,home_improvement,MORTGAGE,NJ,99.4,669.0,0
15000.0,150000.0,15.98,10+ years,C, 60 months,home_improvement,OWN,OH,26.6,689.0,0
30000.0,146000.0,15.74,3 years,A, 36 months,credit_card,MORTGAGE,VA,96.6,694.0,0
7350.0,24000.0,5.8,10+ years,E, 36 months,small_business,RENT,FL,34.3,689.0,0
16000.0,115000.0,11.32,10+ years,A, 36 months,debt_consolidation,RENT,TX,61.5,694.0,0
13675.0,69094.0,18.0,6 years,E, 36 months,debt_consolidation,MORTGAGE,PA,5.6,694.0,0
20000.0,83000.0,15.57,10+ years,C, 60 months,debt_consolidation,RENT,CA,41.4,719.0,1
8000.0,60000.0,1.58,10+ years,A, 36 months,home_improvement,MORTGAGE,OH,41.4,719.0,0
25000.0,75000.0,25.55,10+ years,E, 36 months,debt_consolidation,MORTGAGE,TX,84.6,664.0,1
10000.0,100000.0,31.2,10+ years,B, 36 months,credit_card,MORTGAGE,FL,37.8,679.0,0
22250.0,53000.0,12.73,3 years,D, 36 months,credit_card,RENT,TX,28.0,674.0,0
8875.0,38000.0,19.32,2 years,D, 36 months,debt_consolidation,RENT,KS,17.6,669.0,0
12000.0,52000.0,20.38,3 years,A, 36 months,credit_card,RENT,TX,54.3,684.0,0
7900.0,42000.0,27.09,7 years,E, 36 months,debt_consolidation,RENT,GA,95.2,694.0,1
16000.0,42000.0,22.87,2 years,B, 36 months,credit_card,RENT,TX,32.3,694.0,0
8000.0,50000.0,6.63,3 years,B, 36 months,credit_card,RENT,OR,65.7,669.0,0
9600.0,102000.0,12.05,10+ years,C, 36 months,home_improvement,MORTGAGE,MN,36.2,669.0,0
6000.0,45000.0,9.49,3 years,B, 36 months,debt_consolidation,MORTGAGE,MN,24.7,719.0,0
12000.0,115000.0,7.4,1 year,A, 36 months,credit_card,MORTGAGE,CO,43.7,734.0,1
29000.0,130000.0,13.84,10+ years,D, 60 months,debt_consolidation,MORTGAGE,TX,54.8,699.0,1
25000.0,88000.0,25.86,10+ years,C, 60 months,debt_consolidation,MORTGAGE,NY,74.0,669.0,0
3000.0,72000.0,20.29,10+ years,C, 36 months,moving,RENT,NC,68.5,664.0,0
30000.0,68000.0,13.18,10+ years,E, 60 months,debt_consolidation,MORTGAGE,CA,56.8,699.0,0
24000.0,130000.0,4.02,< 1 year,A, 36 months,debt_consolidation,MORTGAGE,NJ,36.2,709.0,0
23300.0,147450.0,30.88,3 years,C, 60 months,debt_consolidation,RENT,PA,84.5,744.0,0
12000.0,75000.0,9.64,< 1 year,B, 36 months,credit_card,RENT,CA,81.6,664.0,0
13000.0,39000.0,23.29,< 1 year,D, 60 months,major_purchase,RENT,NJ,21.6,704.0,0
9525.0,26500.0,33.11,2 years,C, 36 months,debt_consolidation,RENT,TX,68.9,674.0,0
10000.0,135000.0,35.02,< 1 year,C, 36 months,debt_consolidation,RENT,TX,64.7,719.0,1
20000.0,50000.0,7.49,10+ years,A, 60 months,credit_card,RENT,NC,53.5,739.0,0
31500.0,63000.0,24.51,3 years,E, 60 months,major_purchase,MORTGAGE,NV,40.5,719.0,1
9600.0,82000.0,12.56,2 years,C, 36 months,debt_consolidation,MORTGAGE,FL,41.5,689.0,0
4000.0,128500.0,20.32,3 years,A, 36 months,other,MORTGAGE,AR,4.8,784.0,0
10000.0,56000.0,26.65,10+ years,B, 36 months,credit_card,OWN,ME,28.8,689.0,0
8400.0,36480.0,32.04,8 years,B, 36 months,debt_consolidation,MORTGAGE,CA,82.6,689.0,1
7500.0,35000.0,17.73,< 1 year,A, 36 months,credit_card,RENT,MA,36.5,719.0,0
10000.0,72000.0,15.72,1 year,C, 36 months,credit_card,RENT,FL,48.0,669.0,1
35000.0,155000.0,9.87,3 years,E, 36 months,major_purchase,MORTGAGE,AZ,73.5,684.0,0
8000.0,50000.0,14.81,10+ years,B, 36 months,other,OWN,CO,59.9,664.0,0
7000.0,95000.0,6.61,10+ years,A, 36 months,debt_consolidation,MORTGAGE,FL,30.8,679.0,0
28000.0,72000.0,16.1,8 years,A, 36 months,credit_card,MORTGAGE,TX,12.2,689.0,0
6000.0,33000.0,32.69,5 years,C, 36 months,debt_consolidation,RENT,NV,35.2,699.0,1
15000.0,82500.0,23.94,1 year,C, 60 months,credit_card,MORTGAGE,NH,72.9,679.0,0
15000.0,80000.0,19.13,10+ years,E, 36 months,other,RENT,CA,64.7,664.0,0
11200.0,50000.0,7.63,3 years,D, 36 months,other,RENT,NJ,47.9,669.0,0
21000.0,89000.0,42.64,6 years,D, 60 months,home_improvement,MORTGAGE,OR,80.9,674.0,0
15000.0,80000.0,13.41,8 years,B, 60 months,home_improvement,MORTGAGE,NY,93.4,699.0,0
13225.0,55000.0,24.09,8 years,D, 60 months,credit_card,MORTGAGE,MN,60.0,669.0,0
10000.0,50000.0,22.59,< 1 year,C, 36 months,debt_consolidation,RENT,CT,53.5,664.0,0
10000.0,57000.0,5.47,< 1 year,C, 36 months,credit_card,RENT,CA,96.1,669.0,0
5000.0,35197.0,19.5,1 year,B, 36 months,debt_consolidation,RENT,AR,23.2,674.0,0
12000.0,52000.0,13.59,10+ years,C, 36 months,debt_consolidation,RENT,CT,54.8,674.0,0
13000.0,56000.0,18.6,10+ years,E, 60 months,debt_consolidation,RENT,GA,52.0,669.0,0
12000.0,58000.0,14.79,3 years,C, 36 months,credit_card,MORTGAGE,NY,24.7,699.0,0
28000.0,113000.0,28.54,1 year,D, 36 months,debt_consolidation,OWN,TX,75.4,669.0,1
18000.0,175000.0,16.74,10+ years,B, 36 months,debt_consolidation,MORTGAGE,TX,42.2,694.0,0
35000.0,105000.0,4.14,10+ years,C, 36 months,credit_card,OWN,TX,40.1,754.0,0
10350.0,85000.0,8.06,10+ years,D, 60 months,debt_consolidation,RENT,FL,35.5,674.0,0
3000.0,40000.0,18.36,3 years,D, 36 months,debt_consolidation,RENT,FL,55.7,664.0,0
10400.0,80000.0,34.74,4 years,A, 36 months,credit_card,RENT,AL,20.0,804.0,0
18000.0,91000.0,13.79,9 years,B, 60 months,credit_card,RENT,MD,33.2,689.0,0
21000.0,61000.0,21.64,2 years,D, 60 months,debt_consolidation,OWN,CA,46.3,689.0,1
9000.0,93000.0,15.57,10+ years,B, 36 months,debt_consolidation,RENT,NV,45.4,674.0,0
3000.0,127000.0,14.01,1 year,C, 36 months,debt_consolidation,MORTGAGE,NJ,35.3,694.0,0
20000.0,280000.0,22.05,10+ years,B, 36 months,debt_consolidation,MORTGAGE,OR,85.0,679.0,0
14400.0,80000.0,14.15,< 1 year,A, 36 months,debt_consolidation,RENT,TN,40.5,714.0,0
12000.0,42000.0,26.87,8 years,D, 60 months,credit_card,MORTGAGE,CA,71.4,664.0,1
1600.0,76000.0,6.06,10+ years,A, 36 months,home_improvement,MORTGAGE,CO,16.6,729.0,0
30750.0,67000.0,25.22,2 years,D, 36 months,debt_consolidation,MORTGAGE,NY,94.4,719.0,0
7800.0,50000.0,35.89,10+ years,B, 36 months,debt_consolidation,OWN,TX,36.3,754.0,0
19200.0,62000.0,26.33,10+ years,A, 60 months,debt_consolidation,MORTGAGE,FL,16.9,709.0,0
20000.0,75000.0,32.5,10+ years,C, 36 months,home_improvement,OWN,NY,71.8,684.0,0
15000.0,50000.0,22.97,3 years,C, 60 months,debt_consolidation,OWN,KY,70.3,669.0,0
35000.0,80000.0,18.96,10+ years,E, 60 months,other,MORTGAGE,NC,53.6,699.0,0
15000.0,149000.0,6.44,4 years,C, 60 months,debt_consolidation,MORTGAGE,MA,97.5,679.0,0
10000.0,45000.0,21.89,7 years,B, 36 months,credit_card,RENT,NC,74.2,684.0,0
8400.0,32000.0,26.03,< 1 year,B, 36 months,debt_consolidation,RENT,PA,34.2,719.0,0
31000.0,90000.0,16.8,10+ years,C, 60 months,credit_card,MORTGAGE,TN,83.2,709.0,0
4000.0,49000.0,10.74,10+ years,B, 36 months,debt_consolidation,MORTGAGE,CA,10.2,734.0,0
12000.0,80000.0,8.75,10+ years,A, 36 months,credit_card,MORTGAGE,MA,48.9,719.0,0
32000.0,110000.0,18.36,10+ years,D, 36 months,debt_consolidation,MORTGAGE,PA,69.3,684.0,0
14000.0,50000.0,3.77,1 year,D, 60 months,major_purchase,MORTGAGE,NV,92.7,674.0,1
2500.0,54056.42,29.31,3 years,A, 36 months,home_improvement,MORTGAGE,AZ,53.4,689.0,0
7200.0,60000.0,18.06,2 years,B, 36 months,debt_consolidation,RENT,CA,46.3,679.0,0
15000.0,60000.0,10.74,2 years,B, 36 months,debt_consolidation,RENT,NY,50.6,689.0,1
4000.0,39000.0,22.92,4 years,C, 36 months,debt_consolidation,MORTGAGE,NC,29.0,669.0,0
12000.0,30000.0,10.52,5 years,D, 60 months,home_improvement,OWN,PA,41.4,699.0,0
7200.0,92500.0,24.14,10+ years,B, 36 months,credit_card,MORTGAGE,NY,64.9,704.0,0
7200.0,20000.0,33.85,3 years,E, 36 months,debt_consolidation,OWN,PA,58.5,689.0,1
5000.0,53000.0,23.2,10+ years,B, 36 months,major_purchase,RENT,NY,72.0,674.0,0
15000.0,125000.0,11.15,2 years,A, 36 months,debt_consolidation,MORTGAGE,IL,96.5,694.0,0
16300.0,48000.0,14.18,2 years,E, 36 months,debt_consolidation,RENT,MI,96.6,674.0,0
35000.0,198180.0,9.04,10+ years,C, 36 months,debt_consolidation,MORTGAGE,NC,72.5,664.0,0
22800.0,81000.0,6.47,5 years,C, 60 months,debt_consolidation,MORTGAGE,VA,35.0,669.0,0
6000.0,56000.0,11.84,10+ years,B, 36 months,debt_consolidation,RENT,NM,91.7,664.0,0
24000.0,110000.0,19.09,9 years,A, 36 months,debt_consolidation,MORTGAGE,MI,30.7,729.0,0
20900.0,76000.0,23.87,10+ years,A, 36 months,debt_consolidation,MORTGAGE,NJ,25.7,749.0,0
25000.0,82000.0,6.49,10+ years,B, 60 months,debt_consolidation,MORTGAGE,CA,26.7,724.0,0
4000.0,88000.0,9.33,6 years,B, 36 months,major_purchase,MORTGAGE,NY,78.6,664.0,0
25000.0,63000.0,13.49,8 years,E, 60 months,debt_consolidation,RENT,IL,43.0,689.0,0
5000.0,60000.0,18.52,10+ years,B, 36 months,home_improvement,MORTGAGE,GA,18.9,669.0,0
14000.0,60000.0,24.56,7 years,B, 36 months,credit_card,OWN,NY,51.4,669.0,0
12000.0,65000.0,21.71,10+ years,A, 36 months,home_improvement,RENT,CA,13.4,784.0,0
10000.0,48000.0,33.08,4 years,D, 60 months,medical,RENT,WA,49.3,724.0,1
7200.0,32000.0,16.84,1 year,C, 36 months,other,OWN,OH,41.5,664.0,1
22675.0,54000.0,3.07,2 years,E, 60 months,debt_consolidation,RENT,NV,13.8,724.0,0
6025.0,45000.0,39.23,10+ years,B, 36 months,debt_consolidation,RENT,MA,77.1,709.0,0
11875.0,33000.0,27.97,8 years,E, 60 months,debt_consolidation,RENT,IL,71.8,674.0,1
11000.0,135000.0,12.71,8 years,A, 36 months,credit_card,RENT,CA,36.5,744.0,0
14250.0,102000.0,17.46,< 1 year,A, 36 months,credit_card,RENT,IL,35.7,694.0,0
20725.0,72000.0,29.08,5 years,E, 60 months,home_improvement,OWN,CO,22.0,684.0,0
6350.0,65000.0,26.72,8 years,C, 36 months,debt_consolidation,RENT,PA,59.3,679.0,0
28000.0,80000.0,23.94,10+ years,A, 36 months,home_improvement,MORTGAGE,FL,40.9,739.0,0
10500.0,41700.0,31.28,5 years,C, 36 months,debt_consolidation,RENT,NY,97.7,699.0,1
23000.0,55000.0,21.69,10+ years,C, 60 months,debt_consolidation,MORTGAGE,TX,19.3,744.0,0
8000.0,25000.0,29.6,2 years,C, 36 months,debt_consolidation,RENT,NJ,57.3,694.0,0
10000.0,36000.0,18.0,< 1 year,D, 36 months,debt_consolidation,RENT,TN,65.9,669.0,0
10000.0,1500006.0,2.01,3 years,E, 60 months,debt_consolidation,MORTGAGE,CT,87.5,674.0,1
3475.0,30000.0,19.06,< 1 year,D, 36 months,other,RENT,WA,34.0,689.0,0
10000.0,47000.0,11.25,< 1 year,D, 60 months,credit_card,RENT,NY,53.4,689.0,0
21000.0,65000.0,32.46,3 years,C, 60 months,credit_card,MORTGAGE,VA,86.0,679.0,1
13000.0,48000.0,26.41,< 1 year,D, 60 months,credit_card,RENT,CT,63.3,679.0,1
20000.0,60000.0,6.44,5 years,C, 36 months,credit_card,RENT,TX,41.2,724.0,0
6525.0,29750.44,31.87,9 years,D, 36 months,other,MORTGAGE,MD,68.0,694.0,0
10000.0,43000.0,23.86,10+ years,A, 36 months,debt_consolidation,MORTGAGE,TN,22.2,729.0,0
35000.0,80000.0,35.35,10+ years,D, 60 months,debt_consolidation,RENT,KY,60.6,714.0,0
15000.0,60000.0,17.3,9 years,B, 36 months,credit_card,RENT,CA,67.5,664.0,0
25000.0,135000.0,19.83,1 year,A, 36 months,credit_card,MORTGAGE,VA,84.6,694.0,0
7500.0,80000.0,10.37,2 years,D, 36 months,other,MORTGAGE,NY,43.7,669.0,0
9000.0,45000.0,20.91,10+ years,B, 36 months,credit_card,MORTGAGE,TX,86.1,714.0,0
15000.0,30000.0,19.76,< 1 year,D, 36 months,credit_card,MORTGAGE,MN,71.1,674.0,0
16000.0,60000.0,31.04,1 year,A, 36 months,debt_consolidation,MORTGAGE,PA,69.8,699.0,0
11000.0,60000.0,16.56,10+ years,B, 60 months,debt_consolidation,MORTGAGE,CA,43.1,704.0,0
21600.0,63000.0,11.89,10+ years,A, 36 months,credit_card,OWN,MN,92.9,684.0,0
25000.0,93000.0,33.92,10+ years,E, 60 months,debt_consolidation,MORTGAGE,NY,84.4,689.0,0
5700.0,13000.0,18.81,1 year,C, 36 months,credit_card,RENT,WI,57.7,714.0,1
35000.0,102000.0,17.67,10+ years,F, 60 months,debt_consolidation,MORTGAGE,CA,21.9,709.0,1
11950.0,85000.0,16.26,10+ years,A, 36 months,debt_consolidation,MORTGAGE,NC,62.8,734.0,0
12000.0,75000.0,18.35,< 1 year,C, 60 months,debt_consolidation,MORTGAGE,OH,99.3,674.0,0
8000.0,62000.0,25.01,10+ years,C, 36 months,home_improvement,MORTGAGE,MI,74.5,674.0,1
26400.0,102808.0,12.05,10+ years,A, 36 months,debt_consolidation,RENT,CA,18.7,784.0,0
22075.0,60000.0,24.28,2 years,C, 36 months,debt_consolidation,MORTGAGE,AK,53.8,689.0,0
14500.0,40000.0,32.25,2 years,D, 60 months,credit_card,MORTGAGE,GA,68.0,679.0,0
10000.0,50000.0,16.32,6 years,C, 36 months,debt_consolidation,RENT,AZ,65.1,679.0,0
25000.0,310000.0,18.03,10+ years,B, 60 months,debt_consolidation,OWN,CT,87.2,699.0,0
10000.0,90000.0,12.56,10+ years,A, 36 months,debt_consolidation,MORTGAGE,VA,24.6,709.0,0
19000.0,64800.0,12.22,10+ years,B, 60 months,credit_card,OWN,NC,27.2,729.0,0
4000.0,75000.0,24.05,6 years,C, 36 months,medical,RENT,CA,89.6,664.0,0
11075.0,50000.0,13.95,2 years,D, 36 months,debt_consolidation,RENT,ND,32.5,679.0,1
16000.0,90000.0,27.91,8 years,C, 36 months,credit_card,MORTGAGE,FL,81.8,684.0,0
10000.0,57000.0,18.82,9 years,B, 36 months,debt_consolidation,RENT,LA,45.7,684.0,1
21000.0,66000.0,17.78,10+ years,C, 36 months,debt_consolidation,MORTGAGE,CT,75.8,694.0,0
12000.0,38000.0,23.75,1 year,D, 60 months,debt_consolidation,RENT,SC,80.3,674.0,0
10300.0,42000.0,27.19,5 years,C, 36 months,debt_consolidation,MORTGAGE,GA,30.8,664.0,0
7000.0,56000.0,30.13,10+ years,A, 36 months,medical,RENT,CA,10.7,694.0,0
5000.0,15000.0,20.32,2 years,C, 36 months,other,RENT,NY,45.4,684.0,0
6500.0,43575.0,11.76,6 years,B, 36 months,credit_card,RENT,TX,37.4,689.0,0
5000.0,68000.0,23.84,2 years,D, 36 months,debt_consolidation,MORTGAGE,FL,91.0,674.0,0
18000.0,55000.0,27.27,10+ years,A, 36 months,debt_consolidation,MORTGAGE,WA,36.4,749.0,0
16500.0,98000.0,16.36,10+ years,B, 36 months,debt_consolidation,MORTGAGE,TX,31.7,679.0,0
35000.0,162115.0,32.48,1 year,B, 36 months,debt_consolidation,RENT,NC,91.2,724.0,0
9600.0,45000.0,24.96,3 years,C, 36 months,credit_card,MORTGAGE,KY,81.1,669.0,0
13000.0,72000.0,25.7,5 years,A, 36 months,credit_card,MORTGAGE,KS,97.3,724.0,0
24900.0,62280.0,26.03,10+ years,F, 60 months,credit_card,RENT,CA,70.0,664.0,1
16500.0,108000.0,11.1,10+ years,A, 36 months,credit_card,MORTGAGE,GA,78.9,714.0,0
25000.0,136000.0,5.43,10+ years,E, 60 months,home_improvement,RENT,CA,27.2,744.0,1
6400.0,75000.0,17.33,10+ years,A, 36 months,debt_consolidation,RENT,MN,32.0,709.0,0
10000.0,75000.0,9.86,2 years,A, 36 months,credit_card,RENT,MO,32.6,684.0,0
12000.0,46000.0,20.19,6 years,B, 60 months,debt_consolidation,MORTGAGE,CA,63.3,744.0,0
35000.0,75000.0,30.17,1 year,D, 60 months,debt_consolidation,MORTGAGE,VA,65.0,739.0,0
2400.0,120000.0,34.09,1 year,C, 36 months,debt_consolidation,RENT,WA,19.2,709.0,1
10000.0,107000.0,12.0,10+ years,D, 60 months,credit_card,MORTGAGE,NY,71.7,694.0,0
18000.0,42000.0,14.24,1 year,C, 36 months,debt_consolidation,RENT,NY,44.9,714.0,0
5400.0,33716.0,9.04,4 years,D, 36 months,debt_consolidation,OWN,WI,48.2,704.0,0
10000.0,49000.0,35.81,10+ years,D, 60 months,debt_consolidation,MORTGAGE,FL,51.1,699.0,0
14250.0,31000.0,21.64,10+ years,B, 36 months,credit_card,RENT,NC,1.6,739.0,0
23000.0,73000.0,16.7,10+ years,A, 36 months,debt_consolidation,RENT,CO,63.2,694.0,0
12000.0,86000.0,9.99,6 years,C, 36 months,debt_consolidation,RENT,CA,51.7,669.0,1
6500.0,53000.0,15.96,2 years,A, 36 months,debt_consolidation,RENT,CA,47.1,689.0,0
20000.0,48000.0,10.38,7 years,C, 36 months,debt_consolidation,RENT,CA,99.8,709.0,0
28000.0,75000.0,27.26,5 years,A, 36 months,credit_card,MORTGAGE,CA,44.5,694.0,0
35000.0,282000.0,5.12,5 years,D, 36 months,other,RENT,NY,73.1,704.0,0
20400.0,96000.0,25.09,10+ years,B, 36 months,credit_card,MORTGAGE,NY,40.6,739.0,0
10000.0,60000.0,11.88,10+ years,B, 36 months,debt_consolidation,MORTGAGE,TX,11.5,714.0,0
11000.0,75000.0,27.34,2 years,C, 60 months,debt_consolidation,MORTGAGE,TX,62.3,679.0,1
10000.0,48000.0,12.78,< 1 year,E, 60 months,debt_consolidation,MORTGAGE,CA,0.0,689.0,0
30000.0,230000.0,22.61,10+ years,A, 36 months,debt_consolidation,OWN,TX,44.6,709.0,1
21000.0,120000.0,18.65,< 1 year,C, 36 months,debt_consolidation,MORTGAGE,MD,68.7,684.0,0
12000.0,96000.0,26.73,10+ years,A, 36 months,debt_consolidation,MORTGAGE,TX,50.2,704.0,0
10000.0,125000.0,20.25,4 years,B, 36 months,credit_card,MORTGAGE,MI,92.3,694.0,0
32400.0,125000.0,18.62,10+ years,B, 60 months,debt_consolidation,MORTGAGE,GA,35.1,709.0,0
7200.0,50000.0,13.85,< 1 year,C, 36 months,debt_consolidation,RENT,IL,41.6,674.0,0
20750.0,80000.0,37.76,10+ years,B, 36 months,debt_consolidation,MORTGAGE,NV,60.9,724.0,0
27125.0,59000.0,9.97,< 1 year,C, 36 months,credit_card,RENT,NJ,83.8,689.0,1
15000.0,180000.0,17.19,2 years,A, 36 months,debt_consolidation,MORTGAGE,TX,41.4,699.0,0
19200.0,45000.0,13.81,10+ years,C, 60 months,debt_consolidation,MORTGAGE,OH,25.6,709.0,0
28800.0,113000.0,7.94,3 years,C, 60 months,debt_consolidation,MORTGAGE,CT,77.7,684.0,0
16000.0,65000.0,17.66,10+ years,A, 36 months,debt_consolidation,MORTGAGE,MI,43.0,719.0,0
12000.0,30000.0,19.0,10+ years,B, 36 months,medical,OWN,CO,36.9,729.0,0
10000.0,26000.0,11.54,8 years,B, 36 months,credit_card,MORTGAGE,NJ,17.7,694.0,0
7125.0,17000.0,25.94,2 years,D, 36 months,credit_card,RENT,CT,61.4,669.0,0
20000.0,50000.0,27.56,1 year,A, 36 months,debt_consolidation,RENT,TX,63.4,714.0,0
18000.0,40000.0,30.72,9 years,B, 60 months,debt_consolidation,RENT,IN,54.7,704.0,1
21000.0,235000.0,15.15,3 years,B, 36 months,debt_consolidation,MORTGAGE,WA,91.8,729.0,0
9650.0,30187.0,13.28,9 years,D, 36 months,credit_card,RENT,CA,89.7,669.0,1
24000.0,90000.0,15.92,10+ years,F, 60 months,debt_consolidation,MORTGAGE,CT,95.3,669.0,1
17000.0,250000.0,16.19,10+ years,A, 36 months,debt_consolidation,RENT,NV,35.4,714.0,0
13500.0,55000.0,8.66,2 years,C, 36 months,debt_consolidation,RENT,AZ,41.8,679.0,0
8000.0,20000.0,34.51,1 year,C, 36 months,debt_consolidation,OWN,AR,76.3,679.0,1
15600.0,88000.0,27.96,3 years,C, 60 months,debt_consolidation,RENT,TX,77.9,669.0,1
8400.0,35000.0,11.8,8 years,C, 36 months,debt_consolidation,MORTGAGE,NC,51.8,674.0,0
21000.0,300000.0,7.32,2 years,B, 36 months,debt_consolidation,MORTGAGE,CA,62.0,664.0,0
15000.0,86000.0,10.22,3 years,A, 36 months,debt_consolidation,RENT,NY,40.1,729.0,0
11000.0,60000.0,15.6,4 years,B, 36 months,credit_card,MORTGAGE,WI,92.4,684.0,0
5000.0,25000.0,29.04,1 year,A, 36 months,debt_consolidation,RENT,MA,17.0,709.0,0
6000.0,50000.0,17.21,2 years,A, 36 months,debt_consolidation,OWN,PA,10.0,779.0,0
7200.0,101000.0,19.56,3 years,A, 36 months,home_improvement,MORTGAGE,VA,45.8,739.0,0
12800.0,55200.0,31.22,1 year,C, 36 months,other,RENT,NJ,90.2,714.0,1
25000.0,70000.0,7.68,1 year,D, 60 months,home_improvement,OWN,PA,55.4,699.0,0
10000.0,109000.0,13.22,5 years,C, 60 months,credit_card,MORTGAGE,CO,45.2,674.0,1
5600.0,52500.0,39.64,2 years,B, 36 months,major_purchase,RENT,OH,21.3,689.0,1
35000.0,95000.0,23.49,10+ years,B, 36 months,credit_card,MORTGAGE,MN,89.4,684.0,0
15000.0,290000.0,7.05,10+ years,A, 36 months,debt_consolidation,MORTGAGE,OR,37.5,699.0,0
35000.0,100000.0,29.03,< 1 year,C, 60 months,credit_card,OWN,PA,85.4,704.0,0
6000.0,33000.0,24.65,1 year,B, 36 months,debt_consolidation,MORTGAGE,TN,89.4,664.0,0
10000.0,50000.0,5.81,10+ years,E, 36 months,home_improvement,OWN,MI,57.4,679.0,0
9000.0,73000.0,20.88,10+ years,A, 36 months,debt_consolidation,MORTGAGE,CA,59.8,744.0,0
18000.0,50000.0,17.45,6 years,E, 60 months,debt_consolidation,MORTGAGE,MD,39.2,679.0,1
25000.0,144000.0,18.78,10+ years,B, 36 months,debt_consolidation,MORTGAGE,TN,73.1,669.0,0
15000.0,70000.0,38.52,10+ years,D, 60 months,credit_card,MORTGAGE,TN,63.2,669.0,0
20400.0,68400.0,24.58,7 years,C, 36 months,debt_consolidation,RENT,TX,49.2,689.0,0
20000.0,64000.0,16.33,10+ years,B, 36 months,debt_consolidation,RENT,IN,92.3,694.0,0
30000.0,155000.0,7.56,7 years,B, 60 months,home_improvement,MORTGAGE,MO,19.7,744.0,0
13000.0,66400.0,25.63,3 years,C, 36 months,debt_consolidation,MORTGAGE,TX,87.2,664.0,0
15000.0,75000.0,11.44,4 years,C, 60 months,debt_consolidation,MORTGAGE,AZ,32.5,669.0,0
15000.0,92000.0,10.93,10+ years,B, 60 months,debt_consolidation,MORTGAGE,KY,55.0,714.0,0
21000.0,115000.0,23.48,10+ years,D, 36 months,other,OWN,NY,71.9,689.0,1
20000.0,130000.0,10.14,9 years,B, 36 months,debt_consolidation,MORTGAGE,CA,57.8,729.0,0
24000.0,65000.0,13.59,10+ years,B, 36 months,vacation,RENT,PA,52.1,674.0,1
29550.0,76000.0,38.51,3 years,D, 36 months,credit_card,RENT,CA,89.6,669.0,0
22500.0,45000.0,29.01,10+ years,C, 36 months,credit_card,MORTGAGE,VA,49.5,709.0,0
31200.0,82000.0,23.47,5 years,B, 36 months,debt_consolidation,OWN,CA,36.1,749.0,0
9700.0,82000.0,17.02,10+ years,D, 36 months,home_improvement,MORTGAGE,FL,81.1,669.0,0
10775.0,25680.0,37.29,< 1 year,F, 60 months,debt_consolidation,OWN,CA,18.1,799.0,1
35000.0,100000.0,22.91,10+ years,D, 60 months,debt_consolidation,RENT,AZ,56.2,669.0,0
5000.0,42000.0,6.11,4 years,B, 36 months,other,RENT,IN,11.0,744.0,0
12000.0,50800.0,30.85,9 years,B, 36 months,debt_consolidation,OWN,TX,29.3,709.0,1
6000.0,30000.0,5.72,10+ years,B, 36 months,home_improvement,OWN,GA,16.2,679.0,0
15000.0,72000.0,28.2,2 years,A, 36 months,credit_card,MORTGAGE,NC,48.1,729.0,0
14950.0,32510.0,24.07,10+ years,B, 36 months,debt_consolidation,MORTGAGE,MO,41.4,724.0,0
34775.0,80000.0,19.71,10+ years,D, 60 months,debt_consolidation,MORTGAGE,HI,46.9,714.0,1
21375.0,65000.0,39.73,10+ years,D, 60 months,debt_consolidation,MORTGAGE,GA,58.4,664.0,1
15000.0,65000.0,28.06,5 years,A, 36 months,credit_card,RENT,CA,55.7,709.0,0
24000.0,99000.0,26.24,5 years,A, 36 months,credit_card,MORTGAGE,NJ,61.4,714.0,1
35000.0,158000.0,26.14,8 years,A, 36 months,debt_consolidation,MORTGAGE,TX,65.0,689.0,0
5000.0,31200.0,4.85,< 1 year,A, 36 months,home_improvement,RENT,IN,39.3,699.0,0
14750.0,110000.0,17.3,< 1 year,A, 36 months,credit_card,RENT,MD,59.4,724.0,0
15000.0,125000.0,27.67,10+ years,A, 36 months,debt_consolidation,MORTGAGE,VA,31.1,759.0,0
13000.0,26000.0,26.13,10+ years,E, 60 months,home_improvement,OWN,AR,39.4,709.0,0
10500.0,36920.0,22.37,< 1 year,C, 60 months,debt_consolidation,MORTGAGE,MT,55.5,719.0,0
8300.0,33000.0,32.04,2 years,C, 36 months,debt_consolidation,RENT,CA,59.0,689.0,1
12000.0,80000.0,19.32,3 years,B, 36 months,small_business,MORTGAGE,TN,64.8,709.0,0
6000.0,42000.0,20.03,1 year,B, 36 months,credit_card,RENT,NC,68.9,669.0,0
18000.0,97000.0,13.06,9 years,B, 36 months,credit_card,MORTGAGE,MS,69.5,689.0,0
27375.0,74439.0,36.32,7 years,E, 60 months,debt_consolidation,MORTGAGE,OH,94.4,694.0,0
21000.0,76000.0,32.15,10+ years,D, 60 months,debt_consolidation,MORTGAGE,NV,54.4,674.0,0
25000.0,115000.0,16.92,10+ years,A, 36 months,credit_card,MORTGAGE,MD,80.8,689.0,1
7000.0,50000.0,6.39,2 years,B, 36 months,credit_card,RENT,NJ,20.9,689.0,0
15000.0,67600.0,17.7,1 year,C, 60 months,credit_card,MORTGAGE,MI,31.2,709.0,0
5000.0,83000.0,15.66,1 year,C, 36 months,debt_consolidation,OWN,WI,79.0,674.0,1
2500.0,80000.0,10.56,10+ years,C, 36 months,major_purchase,RENT,CA,34.0,714.0,0
20000.0,40000.0,27.45,10+ years,D, 60 months,debt_consolidation,MORTGAGE,ME,26.5,719.0,1
11500.0,48000.0,17.15,10+ years,B, 36 months,credit_card,RENT,MT,57.3,669.0,0
5000.0,55000.0,22.21,6 years,B, 36 months,debt_consolidation,RENT,PA,72.4,679.0,0
18000.0,38600.0,19.73,10+ years,E, 60 months,other,MORTGAGE,NC,52.0,699.0,0
8400.0,85000.0,33.01,5 years,B, 36 months,debt_consolidation,MORTGAGE,IN,48.4,674.0,0
35000.0,120985.0,18.87,10+ years,D, 36 months,debt_consolidation,RENT,AZ,26.6,669.0,0
24000.0,75000.0,22.54,7 years,A, 36 months,credit_card,OWN,NY,46.7,714.0,1
21000.0,88000.0,7.98,10+ years,C, 60 months,debt_consolidation,RENT,PA,36.1,679.0,0
12000.0,48800.0,19.23,7 years,E, 60 months,other,RENT,NY,0.2,764.0,0
22000.0,44000.0,23.24,2 years,B, 36 months,debt_consolidation,RENT,OH,99.3,674.0,0
10000.0,56000.0,16.35,1 year,C, 60 months,debt_consolidation,RENT,SC,58.0,684.0,0
5500.0,36000.0,18.2,9 years,B, 36 months,vacation,RENT,NY,54.1,709.0,0
10000.0,38000.0,22.99,3 years,A, 36 months,debt_consolidation,RENT,NV,12.6,704.0,0
10000.0,75000.0,14.16,1 year,B, 36 months,debt_consolidation,RENT,CA,30.0,704.0,0
25025.0,120000.0,7.94,3 years,E, 60 months,small_business,OWN,PA,25.3,704.0,0
30000.0,72800.0,12.66,10+ years,E, 60 months,debt_consolidation,RENT,CA,45.4,674.0,0
20000.0,99500.0,19.79,4 years,B, 60 months,credit_card,MORTGAGE,FL,34.9,719.0,0
15000.0,89000.0,6.47,1 year,B, 36 months,debt_consolidation,RENT,WI,92.8,669.0,0
15200.0,136000.0,9.35,10+ years,B, 36 months,credit_card,RENT,TX,67.0,709.0,0
9000.0,34500.0,19.41,3 years,C, 36 months,home_improvement,MORTGAGE,KS,47.0,694.0,0
10000.0,30000.0,23.32,10+ years,B, 36 months,debt_consolidation,MORTGAGE,GA,34.9,714.0,0
1000.0,60000.0,9.2,10+ years,D, 36 months,other,MORTGAGE,CA,81.1,669.0,0
14000.0,100000.0,38.4,10+ years,E, 60 months,debt_consolidation,MORTGAGE,GA,36.1,679.0,0
20000.0,70000.0,15.57,5 years,C, 60 months,credit_card,MORTGAGE,CA,49.1,719.0,0
6000.0,105000.0,28.03,2 years,A, 36 months,vacation,MORTGAGE,CO,23.1,714.0,0
12000.0,45000.0,10.45,4 years,A, 36 months,debt_consolidation,OWN,TX,29.7,679.0,0
7500.0,96000.0,14.66,5 years,A, 36 months,credit_card,RENT,CA,66.7,669.0,0
19175.0,61000.0,8.97,10+ years,D, 60 months,debt_consolidation,MORTGAGE,AZ,59.3,694.0,0
14000.0,104000.0,8.09,10+ years,E, 60 months,debt_consolidation,MORTGAGE,MD,51.5,679.0,0
35000.0,90000.0,24.87,10+ years,C, 60 months,credit_card,MORTGAGE,CA,66.8,709.0,1
35000.0,109100.0,18.25,3 years,D, 60 months,credit_card,MORTGAGE,SC,51.9,674.0,0
12000.0,70000.0,24.41,< 1 year,C, 60 months,home_improvement,MORTGAGE,CA,1.3,734.0,0
19200.0,72000.0,24.43,3 years,C, 60 months,debt_consolidation,RENT,CA,53.8,674.0,0
10800.0,26000.0,35.57,4 years,D, 60 months,credit_card,RENT,CA,28.1,669.0,0
16000.0,45000.0,33.71,10+ years,C, 36 months,credit_card,RENT,RI,57.8,669.0,1
35000.0,180000.0,14.75,< 1 year,C, 60 months,home_improvement,MORTGAGE,WA,47.8,694.0,0
12000.0,121000.0,21.0,10+ years,A, 36 months,debt_consolidation,MORTGAGE,PA,59.6,699.0,0
25000.0,66000.0,19.07,8 years,D, 60 months,debt_consolidation,OWN,VA,96.8,729.0,0
30000.0,130000.0,19.02,6 years,F, 60 months,credit_card,MORTGAGE,NY,79.5,674.0,0
20000.0,60000.0,18.14,10+ years,B, 60 months,credit_card,MORTGAGE,OH,51.8,739.0,0
10000.0,48000.0,24.43,1 year,A, 36 months,debt_consolidation,MORTGAGE,OR,29.2,699.0,0
12000.0,60000.0,32.86,10+ years,B, 36 months,debt_consolidation,OWN,NY,39.1,714.0,0
10000.0,50000.0,3.94,6 years,D, 36 months,small_business,RENT,NY,29.8,669.0,0
33425.0,88000.0,15.96,< 1 year,G, 60 months,debt_consolidation,RENT,OR,47.7,664.0,0
24000.0,72041.0,22.3,10+ years,B, 36 months,debt_consolidation,RENT,CA,76.5,729.0,0
21875.0,43750.0,9.88,8 years,D, 60 months,other,MORTGAGE,FL,17.7,779.0,0
24000.0,58000.0,14.15,8 years,B, 36 months,credit_card,RENT,VA,35.6,669.0,0
27650.0,98000.0,13.95,10+ years,D, 36 months,debt_consolidation,MORTGAGE,NY,59.1,714.0,0
21000.0,110000.0,32.64,10+ years,C, 60 months,debt_consolidation,MORTGAGE,PA,36.9,699.0,1
8000.0,45130.0,31.52,10+ years,C, 36 months,credit_card,RENT,VA,38.6,669.0,0
28000.0,191962.0,19.31,10+ years,A, 36 months,credit_card,OWN,MD,24.3,809.0,0
8000.0,35000.0,17.54,2 years,B, 36 months,debt_consolidation,RENT,AZ,27.7,749.0,0
25000.0,80000.0,18.33,10+ years,C, 36 months,credit_card,RENT,OR,91.1,669.0,0
24000.0,152000.0,20.27,< 1 year,C, 60 months,credit_card,MORTGAGE,MN,37.8,699.0,0
29400.0,70000.0,26.1,< 1 year,D, 36 months,debt_consolidation,OWN,CA,85.8,699.0,1
10000.0,45000.0,23.1,10+ years,C, 60 months,debt_consolidation,OWN,MN,39.7,669.0,0
7650.0,44000.0,29.81,< 1 year,C, 36 months,credit_card,RENT,OH,86.3,684.0,0
10000.0,63000.0,19.14,7 years,C, 36 months,debt_consolidation,RENT,CA,54.5,679.0,0
14400.0,105000.0,27.66,10+ years,B, 60 months,debt_consolidation,MORTGAGE,CA,81.0,694.0,0
18500.0,40000.0,33.15,4 years,C, 60 months,credit_card,RENT,VA,51.5,689.0,0
17050.0,50000.0,10.23,9 years,D, 60 months,other,MORTGAGE,FL,15.8,724.0,1
14000.0,87500.0,10.02,3 years,C, 60 months,credit_card,MORTGAGE,WI,75.2,694.0,0
24000.0,120000.0,26.67,10+ years,B, 60 months,debt_consolidation,MORTGAGE,CA,77.2,704.0,0
3000.0,63800.0,22.68,10+ years,A, 36 months,home_improvement,MORTGAGE,IN,22.6,764.0,0
35000.0,100000.0,18.65,5 years,F, 60 months,home_improvement,MORTGAGE,WI,42.4,699.0,0
2150.0,30000.0,29.0,1 year,E, 36 months,debt_consolidation,RENT,CA,85.9,694.0,0
12950.0,27000.0,26.98,4 years,A, 36 months,credit_card,RENT,WA,27.5,709.0,0
20000.0,80000.0,12.8,5 years,C, 36 months,debt_consolidation,RENT,NY,53.7,689.0,1
21375.0,145000.0,32.5,10+ years,C, 60 months,debt_consolidation,MORTGAGE,IN,35.8,724.0,1
25000.0,116300.0,18.29,10+ years,C, 60 months,car,OWN,CA,21.2,684.0,0
15000.0,54000.0,15.62,< 1 year,D, 60 months,credit_card,RENT,CA,76.2,664.0,0
9000.0,110000.0,15.47,5 years,C, 36 months,debt_consolidation,MORTGAGE,MI,85.2,694.0,0
21000.0,117992.0,10.67,10+ years,B, 36 months,home_improvement,MORTGAGE,CA,57.2,714.0,0
16000.0,65000.0,25.13,10+ years,C, 60 months,credit_card,RENT,OH,44.0,694.0,0
6000.0,51000.0,12.79,2 years,C, 36 months,major_purchase,OWN,SC,4.9,684.0,0
15575.0,58638.0,12.12,< 1 year,A, 36 months,credit_card,RENT,IL,52.5,699.0,0
12000.0,85000.0,23.15,< 1 year,B, 36 months,credit_card,MORTGAGE,OK,53.4,709.0,0
3800.0,10000.0,21.49,8 years,C, 36 months,credit_card,RENT,MI,31.5,699.0,0
10000.0,45000.0,5.28,10+ years,B, 36 months,home_improvement,OWN,PA,52.7,679.0,0
14400.0,46000.0,26.53,10+ years,A, 36 months,debt_consolidation,MORTGAGE,TX,65.5,669.0,0
16000.0,58000.0,25.14,10+ years,C, 36 months,debt_consolidation,MORTGAGE,OK,47.6,679.0,0
35000.0,140000.0,29.3,< 1 year,E, 60 months,debt_consolidation,RENT,TX,65.7,724.0,0
35000.0,125000.0,16.21,3 years,E, 36 months,debt_consolidation,OWN,CA,77.0,664.0,0
13000.0,73000.0,21.45,10+ years,C, 36 months,credit_card,OWN,FL,69.2,679.0,0
9000.0,40000.0,6.14,10+ years,B, 36 months,other,OWN,NY,13.4,664.0,0
28000.0,150000.0,17.05,10+ years,C, 60 months,debt_consolidation,MORTGAGE,GA,92.2,709.0,0
24000.0,85000.0,17.27,5 years,A, 60 months,debt_consolidation,OWN,CA,93.6,704.0,0
24000.0,105000.0,23.35,5 years,C, 60 months,debt_consolidation,MORTGAGE,TX,86.0,689.0,0
9600.0,58000.0,31.41,10+ years,D, 36 months,debt_consolidation,OWN,TX,84.1,669.0,1
12000.0,50000.0,20.38,2 years,E, 60 months,debt_consolidation,MORTGAGE,OH,87.3,679.0,0
8500.0,111000.0,8.22,2 years,A, 36 months,debt_consolidation,RENT,CA,15.8,784.0,0
24000.0,130000.0,28.87,10+ years,D, 60 months,credit_card,RENT,PA,77.3,669.0,0
12000.0,72000.0,20.72,5 years,B, 36 months,debt_consolidation,RENT,TX,76.5,694.0,0
25000.0,60000.0,13.94,10+ years,C, 36 months,debt_consolidation,OWN,OH,41.8,679.0,0
15000.0,55000.0,14.64,10+ years,D, 60 months,medical,RENT,MO,25.1,674.0,0
22000.0,180000.0,4.91,1 year,A, 36 months,debt_consolidation,MORTGAGE,CA,68.0,684.0,0
25000.0,125000.0,12.11,6 years,B, 36 months,other,MORTGAGE,TX,60.2,689.0,0
12000.0,80000.0,9.12,6 years,A, 36 months,debt_consolidation,RENT,CA,27.0,699.0,0
15000.0,72000.0,23.4,10+ years,B, 36 months,debt_consolidation,MORTGAGE,AL,62.9,674.0,1
3000.0,37000.0,13.27,10+ years,C, 36 months,debt_consolidation,RENT,NY,16.4,679.0,0
10000.0,102000.0,35.91,10+ years,B, 36 months,home_improvement,MORTGAGE,VA,41.7,674.0,0
27250.0,90000.0,28.11,7 years,E, 60 months,home_improvement,RENT,NY,25.4,759.0,0
6600.0,33000.0,16.47,10+ years,B, 36 months,credit_card,MORTGAGE,FL,85.3,664.0,0
18000.0,53000.0,22.37,1 year,E, 60 months,debt_consolidation,MORTGAGE,CT,93.3,684.0,0
2000.0,35000.0,32.78,8 years,D, 36 months,other,RENT,FL,46.3,694.0,0
2700.0,52832.0,18.79,7 years,C, 36 months,debt_consolidation,RENT,CO,83.2,664.0,0
20000.0,90000.0,2.83,1 year,A, 36 months,credit_card,MORTGAGE,IL,34.2,739.0,0
11500.0,73000.0,13.78,< 1 year,B, 60 months,debt_consolidation,MORTGAGE,FL,22.3,714.0,0
20000.0,75300.0,21.18,8 years,C, 60 months,debt_consolidation,MORTGAGE,WA,54.4,724.0,0
8000.0,45000.0,1.87,10+ years,A, 36 months,debt_consolidation,RENT,CA,22.6,789.0,1
9000.0,105000.0,24.33,10+ years,A, 36 months,debt_consolidation,MORTGAGE,KS,69.5,734.0,0
28000.0,135000.0,19.95,1 year,B, 36 months,credit_card,RENT,KS,66.9,669.0,0
20000.0,100000.0,20.76,5 years,B, 36 months,credit_card,MORTGAGE,NE,59.3,674.0,0
35000.0,135000.0,14.27,3 years,E, 60 months,major_purchase,MORTGAGE,CO,35.7,714.0,1
10000.0,105000.0,8.74,8 years,C, 36 months,debt_consolidation,OWN,PA,70.2,684.0,0
9600.0,59000.0,28.78,2 years,B, 36 months,credit_card,RENT,NJ,38.9,714.0,0
5000.0,42000.0,23.4,10+ years,B, 36 months,debt_consolidation,MORTGAGE,CA,36.4,679.0,0
15525.0,53000.0,9.42,4 years,F, 60 months,home_improvement,MORTGAGE,GA,10.0,664.0,1
5000.0,55000.0,15.4,10+ years,C, 36 months,debt_consolidation,MORTGAGE,MD,22.7,724.0,0
24500.0,68000.0,25.73,10+ years,E, 36 months,debt_consolidation,MORTGAGE,NJ,68.4,669.0,1
10000.0,110000.0,31.02,2 years,B, 36 months,home_improvement,MORTGAGE,CA,54.7,704.0,0
13000.0,85000.0,12.78,4 years,A, 36 months,debt_consolidation,MORTGAGE,NY,4.0,764.0,0
6900.0,51000.0,4.39,10+ years,D, 36 months,debt_consolidation,RENT,CA,53.2,679.0,0
7000.0,75000.0,22.51,9 years,B, 36 months,debt_consolidation,RENT,FL,77.5,684.0,0
12000.0,66081.0,34.51,1 year,C, 60 months,credit_card,MORTGAGE,TX,97.2,684.0,0
19200.0,85000.0,17.32,8 years,B, 60 months,debt_consolidation,MORTGAGE,NY,77.8,714.0,1
6000.0,47353.0,18.17,< 1 year,A, 36 months,debt_consolidation,MORTGAGE,LA,50.1,719.0,1
15000.0,67078.0,21.37,10+ years,A, 36 months,debt_consolidation,MORTGAGE,CA,46.8,684.0,0
35000.0,108000.0,31.0,10+ years,D, 60 months,debt_consolidation,RENT,IL,81.2,709.0,0
5000.0,48000.0,17.33,10+ years,C, 36 months,home_improvement,OWN,NY,19.4,689.0,0
4800.0,40000.0,35.41,1 year,D, 36 months,debt_consolidation,MORTGAGE,MO,82.1,684.0,0
15000.0,42000.0,17.2,10+ years,C, 60 months,credit_card,RENT,MA,63.6,684.0,0
12000.0,58000.0,22.43,10+ years,C, 36 months,debt_consolidation,MORTGAGE,PA,70.0,694.0,0
10000.0,24000.0,11.16,< 1 year,B, 36 months,credit_card,RENT,MI,43.4,664.0,1
16000.0,65000.0,21.16,6 years,B, 60 months,debt_consolidation,RENT,FL,53.9,709.0,1
17500.0,125000.0,21.15,10+ years,A, 36 months,debt_consolidation,MORTGAGE,NJ,43.1,719.0,0
7500.0,68000.0,13.59,9 years,B, 36 months,debt_consolidation,RENT,OH,13.1,714.0,0
22000.0,55000.0,29.45,6 years,G, 36 months,credit_card,OWN,VA,75.8,664.0,0
11200.0,95000.0,22.32,10+ years,C, 36 months,debt_consolidation,MORTGAGE,IL,71.7,664.0,0
5000.0,84000.0,14.07,6 years,C, 36 months,debt_consolidation,MORTGAGE,KY,86.7,699.0,0
5000.0,56000.0,13.82,10+ years,A, 36 months,debt_consolidation,RENT,MA,54.2,714.0,0
9000.0,57000.0,20.29,5 years,C, 36 months,credit_card,MORTGAGE,MN,49.4,684.0,0
2650.0,26750.0,17.86,10+ years,E, 36 months,other,RENT,NY,52.0,689.0,1
8000.0,72800.0,17.44,10+ years,A, 36 months,credit_card,MORTGAGE,KY,30.5,734.0,0
16200.0,45000.0,15.81,10+ years,E, 60 months,debt_consolidation,RENT,MA,95.7,699.0,0
35000.0,120000.0,19.77,10+ years,D, 60 months,debt_consolidation,MORTGAGE,NY,76.4,694.0,1
8000.0,106500.0,28.19,8 years,A, 36 months,credit_card,MORTGAGE,NC,66.0,724.0,0
10000.0,31200.0,11.5,4 years,C, 36 months,debt_consolidation,RENT,CA,42.3,674.0,0
8000.0,75000.0,39.6,10+ years,C, 36 months,debt_consolidation,MORTGAGE,OH,80.8,714.0,0
20000.0,150000.0,35.71,10+ years,A, 36 months,debt_consolidation,OWN,NJ,90.3,709.0,0
34000.0,100000.0,23.03,10+ years,B, 36 months,credit_card,RENT,CA,39.2,694.0,0
15000.0,76000.0,20.5,1 year,C, 60 months,credit_card,RENT,NJ,86.9,664.0,1
32000.0,91162.0,19.73,10+ years,D, 36 months,debt_consolidation,RENT,IL,59.0,729.0,0
35000.0,112000.0,26.56,10+ years,B, 36 months,debt_consolidation,MORTGAGE,OH,81.7,719.0,0
2800.0,33000.0,23.24,< 1 year,E, 36 months,debt_consolidation,RENT,AZ,46.6,664.0,0
22250.0,60000.0,10.76,10+ years,C, 60 months,credit_card,MORTGAGE,WV,50.3,734.0,0
13200.0,85000.0,22.38,5 years,B, 60 months,debt_consolidation,MORTGAGE,GA,53.8,724.0,0
18000.0,80000.0,23.4,10+ years,A, 36 months,debt_consolidation,MORTGAGE,FL,37.7,729.0,0
10000.0,72000.0,5.45,1 year,A, 36 months,debt_consolidation,RENT,CA,30.7,749.0,0
15125.0,45000.0,14.05,10+ years,D, 60 months,debt_consolidation,RENT,CA,89.2,674.0,0
8000.0,155000.0,16.79,9 years,C, 36 months,moving,MORTGAGE,FL,71.9,704.0,0
7500.0,45000.0,38.13,10+ years,C, 36 months,debt_consolidation,MORTGAGE,TX,30.0,694.0,0
13000.0,50000.0,16.63,3 years,C, 36 months,credit_card,RENT,NV,58.2,669.0,0
20000.0,77000.0,20.36,8 years,C, 36 months,debt_consolidation,RENT,WA,73.7,664.0,0
22000.0,67000.0,25.02,8 years,B, 60 months,debt_consolidation,MORTGAGE,OH,78.3,699.0,0
18400.0,40000.0,31.32,2 years,F, 60 months,major_purchase,RENT,SC,58.7,674.0,1
3500.0,63500.0,19.73,10+ years,B, 36 months,credit_card,OWN,AR,40.8,669.0,0
32125.0,105000.0,24.75,7 years,C, 36 months,debt_consolidation,MORTGAGE,TN,23.2,754.0,0
11150.0,45750.0,29.95,10+ years,C, 36 months,home_improvement,MORTGAGE,TX,56.9,714.0,1
34800.0,95000.0,10.02,10+ years,A, 36 months,credit_card,MORTGAGE,TX,62.9,699.0,0
8000.0,36000.0,16.7,2 years,C, 36 months,debt_consolidation,RENT,CT,60.1,674.0,0
24000.0,82744.0,18.1,10+ years,B, 36 months,credit_card,OWN,TX,74.0,734.0,0
6000.0,35000.0,13.2,3 years,B, 36 months,credit_card,MORTGAGE,FL,73.2,664.0,0
5000.0,90000.0,17.99,7 years,A, 36 months,other,OWN,CA,54.9,734.0,0
1400.0,29965.0,33.0,8 years,C, 36 months,moving,RENT,NH,40.2,664.0,0
10000.0,50000.0,17.74,5 years,C, 36 months,major_purchase,RENT,MD,48.1,669.0,1
15300.0,45000.0,26.37,2 years,G, 60 months,debt_consolidation,MORTGAGE,CA,38.9,684.0,1
9650.0,60000.0,11.96,10+ years,A, 36 months,debt_consolidation,MORTGAGE,MI,35.2,739.0,0
19800.0,45000.0,22.24,9 years,E, 60 months,debt_consolidation,MORTGAGE,NE,62.2,669.0,1
33600.0,70000.0,16.53,5 years,F, 60 months,debt_consolidation,MORTGAGE,OH,80.6,674.0,1
10000.0,60000.0,23.68,4 years,B, 36 months,debt_consolidation,RENT,NJ,44.2,674.0,0
20000.0,71500.0,21.5,9 years,A, 36 months,credit_card,RENT,CA,81.2,704.0,0
25000.0,100000.0,24.37,10+ years,B, 60 months,debt_consolidation,MORTGAGE,OH,43.3,704.0,0
24100.0,52416.0,26.5,10+ years,D, 60 months,credit_card,MORTGAGE,TN,82.6,694.0,0
12000.0,58000.0,34.22,7 years,B, 36 months,credit_card,MORTGAGE,FL,43.6,714.0,0
11425.0,38000.0,36.36,8 years,D, 36 months,debt_consolidation,MORTGAGE,TX,51.5,674.0,1
5200.0,47500.0,26.36,2 years,C, 36 months,debt_consolidation,RENT,MO,35.3,724.0,0
35000.0,360000.0,8.67,6 years,A, 36 months,debt_consolidation,MORTGAGE,TX,83.0,704.0,1
4000.0,40000.0,38.85,3 years,C, 36 months,debt_consolidation,RENT,CA,79.5,674.0,0
35000.0,130000.0,21.9,10+ years,C, 36 months,credit_card,RENT,GA,64.8,689.0,0
20000.0,200000.0,8.15,1 year,B, 36 months,credit_card,RENT,CA,14.8,679.0,0
5400.0,66000.0,38.04,8 years,C, 36 months,home_improvement,MORTGAGE,TX,90.6,674.0,0
5000.0,38000.0,5.62,9 years,B, 36 months,other,MORTGAGE,TX,21.5,679.0,0
14000.0,150000.0,23.35,2 years,B, 60 months,credit_card,RENT,CA,56.4,694.0,0
24000.0,56000.0,16.37,10+ years,B, 60 months,credit_card,MORTGAGE,NC,41.5,704.0,0
22600.0,53700.0,28.41,10+ years,B, 36 months,debt_consolidation,MORTGAGE,FL,57.8,729.0,0
5000.0,50000.0,29.72,2 years,C, 36 months,debt_consolidation,RENT,CA,52.4,699.0,0
12000.0,47000.0,19.13,2 years,A, 36 months,debt_consolidation,MORTGAGE,TX,5.8,734.0,0
18000.0,53000.0,28.8,10+ years,C, 60 months,debt_consolidation,RENT,CA,83.6,689.0,0
35000.0,225000.0,16.09,< 1 year,E, 60 months,credit_card,MORTGAGE,CA,94.3,664.0,0
8000.0,79000.0,26.46,10+ years,B, 36 months,debt_consolidation,RENT,LA,62.5,679.0,0
16200.0,120000.0,19.14,10+ years,C, 60 months,credit_card,OWN,FL,33.5,714.0,0
20000.0,120000.0,13.27,10+ years,A, 36 months,debt_consolidation,MORTGAGE,HI,21.7,699.0,0
10000.0,100000.0,14.36,3 years,C, 36 months,debt_consolidation,RENT,MI,58.7,669.0,1
10000.0,43875.0,19.75,5 years,E, 60 months,home_improvement,MORTGAGE,MO,52.2,669.0,0
25000.0,65000.0,27.06,7 years,B, 36 months,debt_consolidation,RENT,CA,60.3,689.0,0
20000.0,58000.0,31.24,10+ years,B, 36 months,debt_consolidation,OWN,TX,91.0,684.0,0
11000.0,68350.0,10.52,3 years,B, 36 months,credit_card,RENT,NY,53.0,674.0,1
32000.0,135000.0,11.64,2 years,A, 36 months,credit_card,MORTGAGE,ME,21.3,739.0,0
3000.0,60000.0,6.4,10+ years,B, 36 months,debt_consolidation,MORTGAGE,TN,24.9,694.0,0
35000.0,120000.0,21.29,< 1 year,D, 60 months,debt_consolidation,MORTGAGE,OH,59.6,704.0,0
16000.0,90000.0,35.39,8 years,B, 60 months,debt_consolidation,RENT,HI,7.7,769.0,0
12000.0,52000.0,19.78,9 years,B, 36 months,debt_consolidation,MORTGAGE,TX,38.0,749.0,0
15000.0,38000.0,19.93,3 years,B, 60 months,debt_consolidation,MORTGAGE,NC,74.6,689.0,0
25000.0,87000.0,28.33,10+ years,D, 60 months,debt_consolidation,MORTGAGE,OH,55.2,704.0,0
8000.0,68000.0,7.59,9 years,A, 36 months,home_improvement,MORTGAGE,MD,23.5,779.0,0
9000.0,30000.0,22.04,1 year,G, 36 months,debt_consolidation,RENT,OH,83.0,664.0,1
35000.0,102000.0,8.53,< 1 year,D, 60 months,credit_card,RENT,CA,72.0,664.0,0
30000.0,260000.0,11.99,1 year,B, 36 months,credit_card,MORTGAGE,NY,37.6,724.0,0
5000.0,70916.0,21.0,2 years,B, 36 months,debt_consolidation,MORTGAGE,CO,22.0,684.0,0
21000.0,105000.0,14.02,5 years,C, 60 months,credit_card,OWN,NY,81.2,679.0,0
6025.0,60000.0,17.24,10+ years,B, 36 months,debt_consolidation,RENT,MA,47.9,664.0,0
20400.0,42000.0,27.54,10+ years,C, 60 months,debt_consolidation,RENT,RI,69.7,684.0,0
24000.0,68000.0,29.05,< 1 year,D, 36 months,debt_consolidation,OWN,TX,49.2,674.0,0
6000.0,22000.0,20.4,1 year,A, 36 months,debt_consolidation,RENT,CA,40.9,699.0,0
20000.0,74000.0,13.17,10+ years,B, 36 months,debt_consolidation,MORTGAGE,OK,29.2,704.0,0
4200.0,48000.0,14.15,10+ years,A, 36 months,debt_consolidation,MORTGAGE,FL,37.0,724.0,1
15000.0,45000.0,32.87,10+ years,B, 60 months,debt_consolidation,RENT,CA,49.3,669.0,0
10800.0,43000.0,30.2,< 1 year,D, 60 months,credit_card,RENT,CT,76.2,684.0,0
35000.0,174973.81,21.53,10+ years,C, 60 months,debt_consolidation,MORTGAGE,PA,41.2,689.0,0
5000.0,66600.0,18.43,10+ years,A, 36 months,credit_card,MORTGAGE,ME,70.7,704.0,0
7000.0,35000.0,19.2,7 years,C, 36 months,debt_consolidation,RENT,CA,73.9,664.0,0
18000.0,56178.0,26.75,3 years,B, 60 months,debt_consolidation,RENT,MD,27.6,784.0,0
30000.0,196800.0,10.43,1 year,F, 60 months,debt_consolidation,RENT,WA,79.2,709.0,1
10000.0,37400.0,38.86,10+ years,D, 60 months,debt_consolidation,MORTGAGE,OH,61.9,679.0,0
15000.0,110000.0,7.28,10+ years,C, 60 months,credit_card,MORTGAGE,PA,50.3,689.0,0
8000.0,100000.0,25.38,2 years,A, 36 months,debt_consolidation,MORTGAGE,KS,64.1,684.0,0
6000.0,80000.0,6.93,10+ years,A, 36 months,debt_consolidation,MORTGAGE,OR,47.8,689.0,0
16000.0,50000.0,17.76,10+ years,C, 60 months,debt_consolidation,MORTGAGE,PA,36.7,699.0,0
16000.0,65500.0,26.13,10+ years,C, 60 months,credit_card,MORTGAGE,NC,89.3,709.0,0
32200.0,70000.0,23.54,5 years,C, 60 months,credit_card,RENT,CA,64.2,674.0,0
9000.0,65000.0,21.05,< 1 year,B, 36 months,debt_consolidation,MORTGAGE,KY,35.3,674.0,0
10225.0,58000.0,19.68,10+ years,C, 36 months,debt_consolidation,MORTGAGE,MT,27.6,689.0,0
35000.0,101000.0,20.71,10+ years,E, 60 months,major_purchase,OWN,TX,77.1,679.0,1
13200.0,30000.0,24.85,< 1 year,C, 60 months,debt_consolidation,OWN,CA,44.9,689.0,0
27500.0,55000.0,23.26,10+ years,F, 60 months,debt_consolidation,MORTGAGE,NY,84.3,704.0,0
20000.0,85000.0,11.48,5 years,B, 36 months,debt_consolidation,MORTGAGE,MI,45.9,704.0,1
13000.0,125000.0,29.58,4 years,B, 36 months,debt_consolidation,OWN,MN,64.0,674.0,0
20000.0,70000.0,15.19,6 years,C, 36 months,credit_card,RENT,OR,66.6,674.0,1
14000.0,70000.0,19.75,2 years,E, 60 months,other,OWN,NY,59.8,664.0,0
35000.0,125000.0,14.72,10+ years,C, 36 months,debt_consolidation,MORTGAGE,CA,82.8,694.0,0
12000.0,40000.0,23.98,4 years,C, 36 months,debt_consolidation,MORTGAGE,AZ,48.1,694.0,0
3200.0,29000.0,22.52,2 years,B, 36 months,debt_consolidation,MORTGAGE,MN,20.9,694.0,0
12000.0,50000.0,19.56,5 years,B, 36 months,debt_consolidation,RENT,CA,39.7,694.0,0
3000.0,42000.0,25.17,3 years,C, 36 months,debt_consolidation,RENT,CA,36.9,669.0,0
5000.0,40000.0,26.7,< 1 year,C, 36 months,debt_consolidation,OWN,GA,67.6,674.0,1
20000.0,46000.0,31.23,5 years,C, 60 months,debt_consolidation,MORTGAGE,NY,42.9,689.0,0
25000.0,120000.0,26.79,10+ years,C, 36 months,credit_card,OWN,TX,70.5,664.0,1
14500.0,150000.0,10.97,10+ years,B, 36 months,credit_card,MORTGAGE,CA,26.0,689.0,0
17275.0,50000.0,34.18,8 years,C, 36 months,debt_consolidation,OWN,IL,53.1,694.0,0
4000.0,27000.0,16.62,< 1 year,D, 36 months,vacation,RENT,TX,36.3,679.0,0
6000.0,106000.0,39.49,10+ years,B, 36 months,debt_consolidation,MORTGAGE,NJ,66.8,709.0,1
5000.0,50000.0,29.09,4 years,C, 36 months,other,MORTGAGE,TN,18.9,669.0,0
30000.0,150000.0,26.23,8 years,D, 36 months,other,RENT,NY,68.5,699.0,1
28000.0,100000.0,22.52,10+ years,C, 60 months,credit_card,MORTGAGE,SC,81.0,679.0,1
9000.0,50000.0,25.78,10+ years,B, 36 months,debt_consolidation,MORTGAGE,NC,47.0,669.0,0
25000.0,65000.0,13.68,10+ years,D, 60 months,debt_consolidation,MORTGAGE,NJ,59.2,674.0,0
17000.0,96000.0,16.68,10+ years,E, 60 months,debt_consolidation,MORTGAGE,GA,42.3,729.0,0
24000.0,85000.0,12.33,10+ years,A, 60 months,credit_card,MORTGAGE,CT,45.6,699.0,0
14400.0,80000.0,21.65,7 years,C, 60 months,debt_consolidation,MORTGAGE,CA,80.6,704.0,0
6000.0,70000.0,24.1,8 years,C, 36 months,debt_consolidation,MORTGAGE,OH,37.3,704.0,1
10000.0,32000.0,22.84,3 years,C, 60 months,debt_consolidation,RENT,OR,77.1,669.0,0
30000.0,140000.0,10.87,10+ years,C, 36 months,home_improvement,MORTGAGE,NC,41.4,684.0,0
14000.0,69000.0,20.96,3 years,D, 60 months,debt_consolidation,RENT,CA,63.5,664.0,1
15000.0,65000.0,5.52,3 years,D, 60 months,debt_consolidation,RENT,GA,11.3,689.0,1
20000.0,82000.0,6.35,9 years,A, 60 months,debt_consolidation,MORTGAGE,VA,26.3,764.0,0
12800.0,60000.0,37.86,7 years,D, 60 months,debt_consolidation,OWN,MS,63.2,674.0,0
10000.0,7600000.0,0.09,3 years,A, 36 months,home_improvement,MORTGAGE,SC,15.7,704.0,0
12800.0,59000.0,19.53,10+ years,A, 36 months,credit_card,MORTGAGE,IL,71.4,689.0,0
22800.0,60000.0,15.44,10+ years,F, 60 months,debt_consolidation,MORTGAGE,WI,20.9,664.0,0
10500.0,120000.0,30.46,10+ years,C, 36 months,home_improvement,MORTGAGE,IL,46.6,714.0,0
30000.0,175000.0,34.51,< 1 year,B, 60 months,debt_consolidation,RENT,NJ,70.0,684.0,0
7200.0,85000.0,19.36,3 years,C, 36 months,home_improvement,OWN,NC,11.6,744.0,1
35000.0,500000.0,8.61,4 years,E, 60 months,home_improvement,MORTGAGE,GA,50.9,684.0,0
20000.0,79826.0,12.6,2 years,B, 36 months,debt_consolidation,RENT,MD,60.8,674.0,0
5000.0,50000.0,11.09,< 1 year,A, 36 months,credit_card,OWN,TX,40.1,694.0,0
15000.0,46560.0,20.52,6 years,F, 60 months,credit_card,RENT,OH,54.4,669.0,0
12000.0,39000.0,4.92,3 years,D, 60 months,major_purchase,RENT,CA,12.5,719.0,0
11000.0,40000.0,32.1,6 years,C, 36 months,debt_consolidation,RENT,CO,57.5,734.0,0
10000.0,78000.0,13.72,< 1 year,D, 60 months,car,RENT,NY,68.0,664.0,0
25000.0,85000.0,25.99,4 years,D, 60 months,debt_consolidation,MORTGAGE,IL,78.9,679.0,0
5500.0,26000.0,11.63,3 years,C, 36 months,credit_card,RENT,PA,68.1,709.0,0
4000.0,37000.0,15.28,< 1 year,C, 36 months,debt_consolidation,RENT,IN,17.5,689.0,0
10000.0,125000.0,30.71,9 years,C, 36 months,vacation,MORTGAGE,OH,95.1,684.0,0
4000.0,80000.0,22.26,5 years,C, 36 months,renewable_energy,RENT,NY,83.3,669.0,0
30000.0,80000.0,20.25,9 years,C, 60 months,debt_consolidation,MORTGAGE,IL,45.9,674.0,0
4500.0,17000.0,10.38,2 years,B, 36 months,car,RENT,CA,59.4,699.0,0
10000.0,120000.0,6.39,6 years,A, 36 months,debt_consolidation,MORTGAGE,TX,26.8,729.0,1
16000.0,74000.0,15.65,1 year,B, 60 months,credit_card,RENT,TX,69.5,684.0,0
18200.0,43290.0,13.11,10+ years,D, 60 months,home_improvement,MORTGAGE,MI,39.3,739.0,1
14000.0,75000.0,14.41,4 years,B, 36 months,credit_card,MORTGAGE,GA,40.2,694.0,1
20000.0,104000.0,8.0,10+ years,B, 36 months,credit_card,OWN,TX,19.8,669.0,0
18000.0,60000.0,18.72,5 years,C, 36 months,debt_consolidation,MORTGAGE,WA,73.8,674.0,0
35000.0,130963.9,23.53,6 years,B, 60 months,debt_consolidation,MORTGAGE,WA,82.4,704.0,0
8400.0,61000.0,15.74,6 years,C, 36 months,home_improvement,MORTGAGE,NH,42.4,704.0,0
5000.0,40000.0,11.91,7 years,B, 36 months,home_improvement,MORTGAGE,PA,39.3,674.0,0
9000.0,50000.0,21.53,2 years,A, 36 months,credit_card,RENT,SD,43.9,714.0,0
6000.0,82000.0,11.37,10+ years,B, 36 months,debt_consolidation,MORTGAGE,CA,38.2,679.0,0
14500.0,62000.0,36.88,10+ years,C, 36 months,debt_consolidation,MORTGAGE,PA,26.5,729.0,0
20000.0,45000.0,28.13,1 year,C, 60 months,credit_card,RENT,IN,42.5,704.0,1
24000.0,103000.0,31.05,1 year,D, 60 months,debt_consolidation,MORTGAGE,WA,90.1,684.0,0
10000.0,33000.0,13.93,3 years,B, 36 months,debt_consolidation,MORTGAGE,LA,40.8,699.0,0
20000.0,90900.0,19.51,1 year,C, 60 months,debt_consolidation,MORTGAGE,VA,76.9,684.0,0
7750.0,45000.0,8.37,1 year,B, 36 months,debt_consolidation,OWN,NJ,55.7,694.0,0
10000.0,58000.0,22.62,7 years,C, 60 months,debt_consolidation,RENT,CA,77.5,699.0,1
7000.0,51000.0,9.58,7 years,B, 36 months,debt_consolidation,RENT,MS,47.3,674.0,0
12000.0,68000.0,34.54,10+ years,B, 60 months,credit_card,MORTGAGE,MD,40.9,729.0,0
25000.0,81000.0,16.79,8 years,C, 36 months,debt_consolidation,MORTGAGE,CA,78.6,679.0,0
23000.0,71000.0,29.83,3 years,B, 60 months,credit_card,MORTGAGE,OH,41.5,754.0,0
2000.0,30000.0,9.36,6 years,C, 36 months,credit_card,OWN,IN,79.0,679.0,0
26650.0,104000.0,34.34,10+ years,B, 36 months,credit_card,MORTGAGE,RI,79.1,699.0,0
14400.0,90000.0,9.66,2 years,B, 60 months,credit_card,MORTGAGE,GA,50.3,754.0,0
30000.0,80000.0,19.85,1 year,D, 60 months,debt_consolidation,RENT,CA,29.2,689.0,1
25000.0,95000.0,16.0,10+ years,A, 36 months,debt_consolidation,MORTGAGE,UT,36.9,774.0,0
17000.0,89400.0,13.54,4 years,A, 36 months,credit_card,MORTGAGE,MD,55.0,699.0,1
32000.0,80000.0,21.93,5 years,C, 60 months,debt_consolidation,RENT,CO,51.0,689.0,1
16000.0,120000.0,8.61,10+ years,C, 36 months,debt_consolidation,MORTGAGE,NY,75.9,669.0,0
12000.0,58000.0,23.28,10+ years,B, 36 months,debt_consolidation,MORTGAGE,TX,54.9,754.0,0
30600.0,92942.0,32.52,10+ years,B, 36 months,debt_consolidation,RENT,OK,59.6,684.0,0
12000.0,65000.0,23.3,3 years,B, 60 months,debt_consolidation,MORTGAGE,FL,62.9,704.0,0
5000.0,135000.0,7.57,4 years,C, 36 months,debt_consolidation,RENT,NY,75.4,679.0,0
9925.0,42000.0,34.26,1 year,C, 36 months,debt_consolidation,MORTGAGE,MN,88.3,679.0,1
20000.0,70000.0,17.11,5 years,D, 36 months,debt_consolidation,MORTGAGE,WI,73.6,679.0,0
5000.0,93000.0,14.3,4 years,A, 36 months,credit_card,RENT,FL,24.3,684.0,0
12000.0,50000.0,15.07,4 years,D, 60 months,debt_consolidation,MORTGAGE,KY,50.5,679.0,1
20000.0,120000.0,15.16,10+ years,A, 36 months,other,MORTGAGE,IL,26.6,759.0,0
20000.0,75000.0,16.24,3 years,B, 36 months,debt_consolidation,MORTGAGE,MI,36.4,699.0,0
18000.0,50000.0,28.52,9 years,C, 36 months,credit_card,MORTGAGE,KS,60.7,719.0,0
24000.0,140000.0,24.95,4 years,E, 60 months,debt_consolidation,RENT,CA,45.9,709.0,1
24000.0,85000.0,20.77,10+ years,B, 36 months,debt_consolidation,OWN,CA,54.5,734.0,1
12000.0,95678.0,15.62,1 year,C, 60 months,home_improvement,MORTGAGE,MN,21.4,754.0,0
20000.0,75000.0,31.26,10+ years,A, 36 months,debt_consolidation,MORTGAGE,MN,26.8,794.0,0
32000.0,138000.0,24.01,8 years,C, 36 months,debt_consolidation,RENT,TX,66.5,684.0,1
16000.0,52000.0,34.46,10+ years,D, 60 months,credit_card,MORTGAGE,MI,82.3,664.0,0
17300.0,117900.0,13.79,10+ years,C, 36 months,debt_consolidation,MORTGAGE,MI,43.1,684.0,0
10000.0,45000.0,21.84,10+ years,D, 36 months,debt_consolidation,MORTGAGE,GA,86.8,669.0,1
12500.0,91000.0,17.29,10+ years,A, 36 months,debt_consolidation,RENT,NJ,59.2,714.0,0
7000.0,47000.0,8.78,10+ years,A, 36 months,debt_consolidation,MORTGAGE,MN,55.8,699.0,0
20000.0,69000.0,20.9,6 years,E, 60 months,debt_consolidation,MORTGAGE,NE,83.1,674.0,0
30000.0,65000.0,31.67,10+ years,D, 60 months,debt_consolidation,MORTGAGE,MI,59.2,684.0,0
7000.0,52000.0,20.4,10+ years,C, 36 months,credit_card,MORTGAGE,AL,79.0,664.0,1
5600.0,42000.0,19.86,10+ years,C, 36 months,other,MORTGAGE,VA,56.0,719.0,0
35000.0,82000.0,19.67,3 years,F, 60 months,debt_consolidation,MORTGAGE,NY,58.7,669.0,0
35000.0,93000.0,10.49,10+ years,D, 60 months,debt_consolidation,RENT,AL,56.5,689.0,0
6550.0,92000.0,6.93,2 years,C, 36 months,other,RENT,IL,13.0,689.0,0
4350.0,48000.0,18.93,8 years,A, 36 months,credit_card,MORTGAGE,IL,16.0,784.0,0
12000.0,80000.0,12.32,< 1 year,B, 36 months,debt_consolidation,MORTGAGE,TX,29.8,679.0,0
30000.0,106000.0,18.54,7 years,E, 36 months,home_improvement,MORTGAGE,IL,31.8,669.0,0
7000.0,37000.0,24.88,6 years,B, 36 months,debt_consolidation,OWN,TX,0.5,769.0,1
24325.0,75000.0,28.32,7 years,D, 60 months,credit_card,OWN,IL,48.0,724.0,0
3600.0,67000.0,21.26,10+ years,B, 36 months,credit_card,RENT,TX,40.4,674.0,0
20400.0,140000.0,12.64,< 1 year,C, 60 months,credit_card,RENT,TX,83.4,664.0,1
7000.0,48000.0,22.8,7 years,C, 36 months,debt_consolidation,MORTGAGE,CA,70.7,684.0,0
15000.0,92000.0,17.0,10+ years,B, 36 months,debt_consolidation,OWN,NY,60.0,684.0,0
8000.0,33000.0,15.38,5 years,B, 36 months,debt_consolidation,RENT,CA,34.1,699.0,1
16000.0,100000.0,2.28,9 years,B, 36 months,credit_card,OWN,NV,26.9,694.0,1
15000.0,70000.0,24.05,7 years,B, 36 months,debt_consolidation,MORTGAGE,CO,30.8,729.0,0
25000.0,102000.0,15.87,10+ years,D, 60 months,debt_consolidation,OWN,IL,74.2,684.0,0
35000.0,160000.0,13.68,10+ years,E, 36 months,debt_consolidation,MORTGAGE,NY,76.7,724.0,0
35000.0,150000.0,12.26,4 years,B, 36 months,debt_consolidation,MORTGAGE,FL,41.0,699.0,0
5000.0,40000.0,24.45,2 years,A, 36 months,credit_card,MORTGAGE,MN,37.1,729.0,0
10000.0,100000.0,14.65,4 years,A, 36 months,major_purchase,RENT,MA,53.0,714.0,0
35000.0,113000.0,13.36,10+ years,C, 60 months,debt_consolidation,MORTGAGE,TX,81.2,734.0,0
16000.0,95000.0,18.6,< 1 year,B, 36 months,credit_card,RENT,LA,59.6,694.0,0
12000.0,55000.0,18.44,< 1 year,B, 36 months,debt_consolidation,OWN,SC,83.8,664.0,0
30000.0,80000.0,30.95,3 years,E, 60 months,debt_consolidation,OWN,IL,61.2,709.0,1
5000.0,33000.0,25.53,2 years,B, 36 months,credit_card,RENT,NY,36.0,694.0,0
20000.0,115000.0,11.53,2 years,A, 36 months,debt_consolidation,OWN,CA,61.2,684.0,0
8000.0,52000.0,19.78,1 year,B, 36 months,home_improvement,MORTGAGE,FL,67.9,714.0,0
16000.0,100000.0,5.09,5 years,C, 60 months,home_improvement,MORTGAGE,TX,50.2,689.0,0
2000.0,19200.0,25.97,2 years,B, 36 months,debt_consolidation,RENT,TX,13.6,689.0,0
1000.0,34500.0,25.18,2 years,C, 36 months,debt_consolidation,RENT,MO,59.5,679.0,1
35000.0,103000.0,21.38,10+ years,E, 60 months,debt_consolidation,RENT,NY,87.8,664.0,1
30000.0,75000.0,19.02,8 years,B, 60 months,credit_card,MORTGAGE,WV,60.4,734.0,0
8000.0,80000.0,18.92,1 year,A, 36 months,credit_card,MORTGAGE,PA,36.2,744.0,0
35000.0,160000.0,26.12,3 years,G, 60 months,debt_consolidation,RENT,MD,95.2,669.0,1
10000.0,110000.0,3.52,10+ years,B, 36 months,home_improvement,MORTGAGE,IL,6.0,689.0,0
10000.0,110000.0,10.23,10+ years,C, 60 months,debt_consolidation,OWN,NY,33.3,709.0,0
17025.0,57000.0,14.55,7 years,G, 60 months,debt_consolidation,MORTGAGE,HI,96.4,664.0,0
24000.0,67000.0,13.98,10+ years,B, 36 months,debt_consolidation,RENT,NJ,40.9,744.0,0
7000.0,40000.0,28.89,2 years,C, 36 months,other,RENT,TX,31.7,729.0,1
10000.0,44000.0,14.95,10+ years,B, 36 months,debt_consolidation,RENT,VA,49.6,709.0,1
12600.0,34000.0,31.52,3 years,E, 60 months,debt_consolidation,RENT,TN,58.0,679.0,0
3525.0,24200.0,32.84,1 year,D, 36 months,debt_consolidation,RENT,GA,47.7,669.0,0
10000.0,57200.0,12.82,3 years,A, 36 months,debt_consolidation,MORTGAGE,NJ,43.1,724.0,0
3000.0,25000.0,33.22,< 1 year,C, 36 months,medical,MORTGAGE,KS,97.2,679.0,0
18000.0,170000.0,10.36,5 years,B, 60 months,debt_consolidation,RENT,CT,24.4,759.0,0
28000.0,102000.0,17.62,5 years,B, 60 months,debt_consolidation,MORTGAGE,CA,45.6,689.0,0
25600.0,75000.0,9.71,10+ years,A, 36 months,credit_card,MORTGAGE,TX,40.4,699.0,0
24000.0,75000.0,27.84,10+ years,B, 60 months,debt_consolidation,MORTGAGE,NJ,30.0,724.0,0
18250.0,45000.0,26.29,8 years,B, 36 months,credit_card,MORTGAGE,CO,64.3,729.0,0
20000.0,225000.0,11.6,2 years,B, 60 months,credit_card,OWN,MN,60.2,719.0,0
35000.0,135000.0,21.68,10+ years,A, 36 months,credit_card,MORTGAGE,OK,50.7,749.0,0
20000.0,75000.0,14.88,2 years,B, 36 months,credit_card,MORTGAGE,TX,77.8,689.0,0
16000.0,83000.0,16.95,7 years,C, 60 months,credit_card,MORTGAGE,OK,59.3,704.0,0
2000.0,18000.0,18.47,< 1 year,C, 36 months,other,RENT,NY,52.8,664.0,0
10000.0,58000.0,4.8,1 year,C, 36 months,other,RENT,IL,49.3,664.0,0
15000.0,48000.0,33.63,10+ years,D, 36 months,debt_consolidation,MORTGAGE,TN,64.6,704.0,1
9000.0,55120.0,6.9,< 1 year,C, 36 months,credit_card,OWN,MI,63.3,684.0,0
14000.0,50000.0,10.59,2 years,B, 36 months,credit_card,MORTGAGE,FL,65.5,679.0,0
8000.0,67500.0,13.23,2 years,A, 36 months,credit_card,RENT,FL,40.8,674.0,0
15175.0,59000.0,37.37,10+ years,E, 60 months,home_improvement,OWN,TX,21.2,709.0,1
7000.0,60000.0,1.16,< 1 year,B, 36 months,home_improvement,MORTGAGE,AZ,2.1,719.0,0
15500.0,75000.0,23.14,3 years,C, 60 months,debt_consolidation,RENT,FL,44.8,704.0,0
20700.0,45000.0,28.19,10+ years,C, 36 months,debt_consolidation,RENT,MA,31.4,719.0,0
10975.0,45000.0,23.74,2 years,B, 36 months,credit_card,RENT,UT,49.7,709.0,1
16000.0,95000.0,12.71,10+ years,B, 36 months,major_purchase,MORTGAGE,GA,21.7,709.0,1
23800.0,130000.0,26.03,3 years,B, 36 months,credit_card,OWN,NM,30.5,674.0,0
23850.0,90000.0,24.99,< 1 year,A, 36 months,debt_consolidation,MORTGAGE,TX,97.5,694.0,0
35000.0,187609.72,10.45,10+ years,C, 60 months,debt_consolidation,MORTGAGE,TX,72.3,744.0,0
15000.0,70000.0,27.53,7 years,B, 36 months,home_improvement,MORTGAGE,FL,46.8,699.0,0
6800.0,75000.0,25.26,3 years,D, 36 months,credit_card,MORTGAGE,CT,33.2,679.0,0
18000.0,52000.0,26.24,5 years,D, 36 months,other,MORTGAGE,SC,83.5,694.0,0
25000.0,60000.0,6.54,< 1 year,C, 60 months,credit_card,RENT,IL,28.9,714.0,1
25000.0,115000.0,29.91,6 years,B, 60 months,debt_consolidation,MORTGAGE,TX,44.0,759.0,0
30000.0,85000.0,20.54,< 1 year,C, 36 months,debt_consolidation,RENT,CA,95.7,679.0,0
25975.0,136000.0,17.73,8 years,C, 60 months,debt_consolidation,MORTGAGE,ND,42.0,744.0,0
7025.0,42000.0,5.83,10+ years,D, 36 months,credit_card,RENT,CA,65.0,669.0,0
6000.0,83000.0,8.68,10+ years,C, 36 months,credit_card,MORTGAGE,NY,94.5,674.0,0
20000.0,50000.0,22.64,< 1 year,C, 36 months,credit_card,RENT,NC,86.4,669.0,0
13350.0,74400.0,16.51,10+ years,C, 36 months,credit_card,MORTGAGE,CA,86.9,679.0,0
18000.0,58000.0,10.66,10+ years,D, 60 months,small_business,OWN,IL,54.7,679.0,0
35000.0,140000.0,17.32,< 1 year,C, 36 months,debt_consolidation,MORTGAGE,IL,60.2,694.0,0
8000.0,35000.0,28.05,2 years,B, 36 months,home_improvement,OWN,MA,35.1,699.0,0
9000.0,25000.0,34.04,9 years,D, 36 months,debt_consolidation,RENT,CA,59.1,669.0,1
7200.0,75000.0,21.23,1 year,D, 36 months,major_purchase,RENT,TX,4.8,664.0,0
25000.0,88965.0,21.39,10+ years,D, 60 months,credit_card,OWN,RI,72.4,689.0,0
12000.0,50000.0,35.21,10+ years,E, 60 months,debt_consolidation,OWN,KS,95.0,674.0,0
10000.0,140000.0,11.63,10+ years,C, 36 months,moving,OWN,CA,84.1,684.0,0
30000.0,96000.0,22.15,8 years,D, 60 months,credit_card,OWN,TN,69.9,714.0,0
8400.0,100000.0,13.52,6 years,A, 36 months,credit_card,MORTGAGE,VA,13.5,814.0,0
4800.0,30000.0,24.8,2 years,E, 36 months,other,RENT,MD,18.4,674.0,0
24000.0,85000.0,10.26,< 1 year,B, 60 months,debt_consolidation,RENT,NY,63.4,689.0,0
10000.0,80000.0,14.51,3 years,A, 36 months,debt_consolidation,MORTGAGE,TX,15.3,784.0,0
30000.0,63000.0,6.83,< 1 year,C, 60 months,debt_consolidation,RENT,KS,14.8,729.0,1
2000.0,50000.0,15.27,< 1 year,C, 36 months,medical,RENT,FL,58.6,729.0,1
20000.0,50000.0,23.24,10+ years,B, 36 months,debt_consolidation,OWN,VA,41.0,709.0,1
3500.0,24501.0,11.32,5 years,D, 36 months,debt_consolidation,RENT,NY,62.7,684.0,1
12600.0,35000.0,31.93,2 years,E, 60 months,debt_consolidation,RENT,MI,67.0,684.0,1
4000.0,29000.0,38.7,3 years,E, 36 months,moving,RENT,MD,65.7,739.0,0
8350.0,30000.0,16.52,1 year,E, 36 months,debt_consolidation,RENT,CA,100.2,689.0,0
4050.0,38872.0,5.56,6 years,C, 36 months,other,RENT,NY,34.8,669.0,0
12000.0,85000.0,21.51,10+ years,C, 60 months,credit_card,MORTGAGE,CA,55.5,669.0,0
35000.0,93500.0,10.16,10+ years,F, 60 months,debt_consolidation,MORTGAGE,CA,75.2,669.0,0
35000.0,101000.0,13.53,4 years,B, 36 months,home_improvement,OWN,TX,70.7,684.0,0
11975.0,75000.0,29.88,10+ years,D, 36 months,credit_card,MORTGAGE,MI,55.5,684.0,1
18500.0,50000.0,20.16,10+ years,C, 60 months,credit_card,MORTGAGE,MO,48.7,679.0,0
10000.0,96000.0,28.01,9 years,C, 36 months,debt_consolidation,MORTGAGE,TX,34.9,679.0,0
10000.0,75000.0,27.41,< 1 year,A, 36 months,debt_consolidation,OWN,TX,66.9,709.0,0
25000.0,110000.0,22.63,9 years,A, 36 months,debt_consolidation,MORTGAGE,CA,27.0,774.0,0
30000.0,65000.0,39.38,7 years,D, 60 months,debt_consolidation,OWN,IL,43.8,669.0,0
8400.0,40000.0,19.86,5 years,A, 36 months,credit_card,MORTGAGE,AL,26.0,704.0,0
15000.0,40000.0,29.76,10+ years,C, 60 months,debt_consolidation,OWN,TX,60.3,729.0,0
15000.0,83000.0,16.47,2 years,A, 36 months,credit_card,MORTGAGE,CT,40.2,689.0,0
10000.0,115000.0,13.05,1 year,C, 36 months,home_improvement,MORTGAGE,MI,78.2,674.0,0
20000.0,52000.0,29.98,10+ years,A, 36 months,credit_card,MORTGAGE,OH,30.7,754.0,0
3600.0,35000.0,4.42,5 years,D, 36 months,debt_consolidation,MORTGAGE,PA,23.7,689.0,0
11400.0,30000.0,30.16,< 1 year,E, 60 months,credit_card,RENT,PA,35.9,719.0,1
26850.0,150000.0,8.11,10+ years,D, 36 months,debt_consolidation,MORTGAGE,NY,29.8,684.0,0
11500.0,120000.0,19.84,< 1 year,D, 60 months,debt_consolidation,MORTGAGE,NJ,64.2,689.0,0
11500.0,33000.0,13.78,< 1 year,C, 36 months,debt_consolidation,OWN,WI,57.2,669.0,0
11000.0,55000.0,15.69,9 years,C, 36 months,debt_consolidation,RENT,KS,54.5,674.0,0
24000.0,110000.0,13.26,4 years,A, 36 months,debt_consolidation,RENT,CA,27.0,744.0,0
20000.0,150000.0,5.73,2 years,C, 60 months,other,MORTGAGE,FL,57.1,674.0,0
10000.0,50000.0,8.62,5 years,C, 36 months,home_improvement,MORTGAGE,TX,8.8,699.0,0
6000.0,52275.0,27.46,10+ years,B, 36 months,debt_consolidation,RENT,MN,27.8,709.0,0
5000.0,37000.0,18.91,< 1 year,B, 36 months,debt_consolidation,RENT,OR,49.4,664.0,0
1500.0,30000.0,13.6,1 year,D, 36 months,other,RENT,UT,28.9,694.0,0
21725.0,97000.0,10.73,4 years,C, 60 months,debt_consolidation,MORTGAGE,CA,63.0,679.0,0
4000.0,37000.0,4.28,2 years,B, 36 months,debt_consolidation,RENT,NC,36.0,669.0,0
12000.0,96000.0,27.39,9 years,A, 36 months,debt_consolidation,RENT,OH,73.9,719.0,0
14400.0,65000.0,26.97,< 1 year,C, 60 months,credit_card,RENT,TX,41.4,674.0,1
15000.0,72000.0,7.88,5 years,B, 36 months,home_improvement,MORTGAGE,WA,86.8,664.0,1
22500.0,100000.0,17.98,10+ years,A, 36 months,credit_card,MORTGAGE,ND,57.1,709.0,0
21000.0,90000.0,16.51,1 year,B, 36 months,credit_card,MORTGAGE,WA,83.6,679.0,0
24500.0,49000.0,25.57,2 years,C, 60 months,credit_card,MORTGAGE,AZ,34.0,699.0,0
19925.0,65000.0,22.93,7 years,B, 36 months,debt_consolidation,MORTGAGE,IL,39.1,749.0,0
15000.0,72000.0,23.85,4 years,A, 36 months,credit_card,MORTGAGE,AL,45.5,704.0,0
15000.0,40000.0,17.31,6 years,B, 60 months,debt_consolidation,MORTGAGE,WA,44.5,719.0,0
21000.0,120000.0,31.99,10+ years,C, 36 months,debt_consolidation,RENT,MD,85.5,679.0,0
25000.0,113000.0,14.56,10+ years,B, 60 months,debt_consolidation,RENT,WI,74.2,714.0,0
1500.0,30000.0,32.12,10+ years,D, 36 months,medical,MORTGAGE,AL,41.3,684.0,1
6950.0,71000.0,7.61,10+ years,B, 36 months,medical,MORTGAGE,NY,62.0,684.0,0
8425.0,60000.0,9.52,9 years,C, 36 months,debt_consolidation,RENT,IL,66.5,664.0,1
16000.0,60000.0,15.9,10+ years,B, 36 months,debt_consolidation,MORTGAGE,WI,87.0,684.0,0
20000.0,74000.0,17.58,10+ years,B, 36 months,debt_consolidation,MORTGAGE,TX,100.1,674.0,0
28000.0,111000.0,22.89,6 years,B, 60 months,credit_card,RENT,CA,92.5,694.0,0
18000.0,55000.0,24.15,2 years,B, 36 months,debt_consolidation,RENT,NY,66.7,709.0,0
9775.0,53000.0,27.94,1 year,B, 36 months,credit_card,RENT,OH,22.6,674.0,0
15025.0,54000.0,27.56,8 years,E, 60 months,debt_consolidation,OWN,TX,50.2,674.0,0
14000.0,68333.0,34.62,10+ years,C, 60 months,debt_consolidation,RENT,FL,78.2,694.0,0
12000.0,80000.0,13.31,4 years,A, 36 months,debt_consolidation,MORTGAGE,WA,26.9,709.0,0
16200.0,36000.0,21.73,< 1 year,D, 36 months,debt_consolidation,MORTGAGE,LA,86.0,664.0,1
24000.0,130000.0,21.94,10+ years,C, 36 months,credit_card,MORTGAGE,NY,85.8,674.0,0
9000.0,50000.0,20.59,10+ years,B, 36 months,debt_consolidation,RENT,NY,31.4,704.0,0
24000.0,120000.0,10.59,10+ years,B, 60 months,credit_card,RENT,NY,29.4,739.0,0
10000.0,65000.0,31.7,9 years,B, 36 months,credit_card,RENT,CA,62.2,699.0,0
10000.0,67000.0,11.34,9 years,A, 36 months,debt_consolidation,RENT,NY,16.6,754.0,0
7200.0,36000.0,18.8,4 years,D, 36 months,debt_consolidation,RENT,CA,68.0,674.0,0
6000.0,160000.0,12.17,10+ years,B, 36 months,credit_card,MORTGAGE,TX,58.5,664.0,1
20000.0,110000.0,17.75,7 years,C, 60 months,debt_consolidation,MORTGAGE,FL,35.9,689.0,0
35000.0,88000.0,13.3,6 years,C, 60 months,credit_card,MORTGAGE,OR,64.0,699.0,0
19200.0,70000.0,23.3,1 year,F, 60 months,other,OWN,CA,55.7,694.0,1
35000.0,135000.0,21.84,3 years,D, 60 months,debt_consolidation,MORTGAGE,NC,74.1,719.0,0
15000.0,53000.0,28.42,3 years,E, 60 months,debt_consolidation,RENT,IN,84.0,679.0,0
20000.0,93000.0,14.76,10+ years,E, 60 months,debt_consolidation,RENT,NY,38.3,714.0,1
12000.0,70000.0,10.61,10+ years,A, 36 months,debt_consolidation,MORTGAGE,NY,35.4,729.0,0
18000.0,62000.0,27.26,6 years,C, 60 months,debt_consolidation,RENT,TX,55.3,674.0,1
11750.0,75000.0,23.73,3 years,B, 36 months,credit_card,MORTGAGE,MI,81.9,679.0,0
2500.0,15000.0,4.4,< 1 year,C, 36 months,other,OWN,WI,93.0,674.0,0
3500.0,111000.0,24.0,< 1 year,C, 36 months,vacation,MORTGAGE,TN,83.7,674.0,0
9600.0,50000.0,14.57,2 years,B, 36 months,credit_card,RENT,FL,51.1,689.0,0
24000.0,85000.0,18.01,< 1 year,B, 36 months,debt_consolidation,RENT,TX,44.1,669.0,0
30000.0,122500.0,9.98,10+ years,B, 36 months,debt_consolidation,RENT,FL,34.2,704.0,0
15000.0,65000.0,18.72,9 years,A, 36 months,debt_consolidation,OWN,WV,49.3,719.0,0
26550.0,59000.0,18.08,9 years,C, 60 months,debt_consolidation,MORTGAGE,CA,79.0,719.0,0
9000.0,45200.0,27.51,7 years,B, 36 months,debt_consolidation,RENT,FL,79.8,719.0,1
28850.0,73000.0,24.54,8 years,A, 36 months,credit_card,MORTGAGE,NE,49.7,759.0,0
15850.0,65000.0,33.44,2 years,D, 60 months,debt_consolidation,RENT,MN,24.8,714.0,1
35000.0,155000.0,8.61,3 years,D, 60 months,debt_consolidation,MORTGAGE,CA,6.9,724.0,0
10000.0,64000.0,16.43,10+ years,A, 36 months,debt_consolidation,OWN,TX,13.6,744.0,0
15175.0,50000.0,13.66,1 year,D, 36 months,debt_consolidation,RENT,UT,61.0,679.0,0
7475.0,22000.0,32.51,7 years,D, 36 months,debt_consolidation,RENT,NM,76.0,674.0,0
9000.0,60000.0,22.48,10+ years,A, 36 months,debt_consolidation,MORTGAGE,LA,37.3,754.0,0
24000.0,140000.0,9.94,10+ years,A, 36 months,debt_consolidation,MORTGAGE,WA,34.0,774.0,0
5000.0,32000.0,5.21,10+ years,D, 36 months,debt_consolidation,RENT,UT,54.1,664.0,0
10500.0,87000.0,25.82,9 years,C, 60 months,debt_consolidation,RENT,GA,68.9,679.0,1
21000.0,60000.0,18.25,1 year,C, 60 months,credit_card,RENT,MD,27.0,714.0,1
10800.0,45000.0,20.48,10+ years,D, 60 months,debt_consolidation,MORTGAGE,MI,91.5,674.0,1
21000.0,102000.0,15.87,9 years,B, 36 months,credit_card,MORTGAGE,IL,74.7,684.0,0
16000.0,100000.0,24.58,10+ years,D, 60 months,debt_consolidation,MORTGAGE,CA,33.2,714.0,0
11200.0,52000.0,22.5,3 years,C, 60 months,car,RENT,PA,34.6,684.0,0
26100.0,60000.0,15.44,10+ years,F, 60 months,debt_consolidation,RENT,CT,39.8,714.0,1
23400.0,50900.0,32.99,4 years,D, 60 months,debt_consolidation,MORTGAGE,VA,90.1,684.0,0
23425.0,74500.0,34.95,8 years,C, 36 months,debt_consolidation,MORTGAGE,WI,52.6,709.0,0
27950.0,100000.0,24.55,3 years,A, 36 months,debt_consolidation,MORTGAGE,NC,26.7,799.0,0
28000.0,60000.0,37.02,9 years,A, 36 months,debt_consolidation,RENT,MD,61.9,739.0,0
14800.0,75000.0,24.99,10+ years,B, 36 months,debt_consolidation,MORTGAGE,CA,92.1,689.0,0
12000.0,46000.0,20.31,1 year,B, 36 months,debt_consolidation,RENT,CA,59.0,689.0,1
20000.0,95000.0,17.31,2 years,C, 60 months,home_improvement,MORTGAGE,TX,23.2,694.0,0
18000.0,65000.0,28.16,1 year,E, 60 months,debt_consolidation,OWN,TX,52.5,669.0,0
20000.0,80000.0,29.05,7 years,B, 36 months,vacation,OWN,CT,19.2,734.0,0
26525.0,270000.0,15.47,2 years,A, 36 months,credit_card,MORTGAGE,FL,61.8,684.0,0
10000.0,59500.0,20.57,6 years,A, 36 months,debt_consolidation,RENT,OH,57.0,699.0,0
25000.0,95000.0,17.55,9 years,A, 36 months,credit_card,MORTGAGE,IL,59.8,724.0,0
28000.0,140000.0,14.52,10+ years,B, 60 months,credit_card,MORTGAGE,WA,59.4,759.0,0
32000.0,84000.0,17.64,10+ years,C, 36 months,debt_consolidation,RENT,NJ,17.5,679.0,0
17600.0,98000.0,24.88,5 years,B, 36 months,credit_card,MORTGAGE,OR,52.4,684.0,0
26500.0,53000.0,28.67,1 year,D, 36 months,debt_consolidation,OWN,MO,20.0,734.0,1
17000.0,42000.0,11.98,4 years,C, 36 months,debt_consolidation,RENT,DC,55.7,714.0,0
8000.0,83000.0,21.72,10+ years,B, 36 months,debt_consolidation,MORTGAGE,PA,39.8,679.0,0
24000.0,90000.0,16.16,10+ years,B, 36 months,debt_consolidation,RENT,CA,38.8,714.0,0
15000.0,40000.0,20.35,7 years,C, 60 months,debt_consolidation,RENT,CA,36.7,714.0,0
10000.0,78000.0,7.62,10+ years,A, 36 months,credit_card,RENT,CA,53.7,694.0,0
20000.0,70000.0,9.62,6 years,A, 36 months,debt_consolidation,MORTGAGE,WA,2.9,739.0,0
20000.0,63000.0,28.19,3 years,B, 36 months,debt_consolidation,MORTGAGE,NC,30.1,704.0,0
5000.0,35000.0,22.7,10+ years,B, 36 months,debt_consolidation,RENT,PA,62.4,699.0,0
8000.0,49000.0,15.16,10+ years,C, 36 months,credit_card,MORTGAGE,TX,43.8,679.0,0
6000.0,23000.0,39.82,9 years,B, 36 months,debt_consolidation,RENT,FL,25.3,734.0,0
10000.0,100000.0,5.35,3 years,B, 36 months,credit_card,RENT,CA,15.8,729.0,0
10000.0,55000.0,17.72,10+ years,A, 36 months,debt_consolidation,MORTGAGE,WV,53.9,749.0,0
5500.0,70000.0,21.46,10+ years,A, 36 months,credit_card,MORTGAGE,TX,17.7,779.0,0
15000.0,50000.0,15.46,10+ years,D, 60 months,debt_consolidation,RENT,TX,76.7,669.0,0
13500.0,27000.0,8.8,2 years,C, 36 months,debt_consolidation,RENT,TX,34.6,714.0,0
4000.0,60000.0,26.14,10+ years,B, 36 months,debt_consolidation,RENT,DE,92.8,674.0,0
29875.0,64955.0,21.38,3 years,D, 36 months,debt_consolidation,MORTGAGE,TX,53.5,704.0,0
18600.0,56000.0,8.94,3 years,C, 60 months,credit_card,MORTGAGE,VA,76.3,674.0,0
15000.0,175000.0,11.99,2 years,D, 60 months,credit_card,MORTGAGE,MO,85.2,734.0,0
6000.0,50000.0,8.02,4 years,B, 36 months,debt_consolidation,RENT,HI,27.5,729.0,0
12500.0,86947.0,24.02,2 years,C, 60 months,debt_consolidation,RENT,GA,40.5,689.0,1
14000.0,80000.0,23.3,5 years,C, 60 months,credit_card,RENT,CA,30.6,734.0,0
10000.0,41000.0,23.72,2 years,B, 36 months,credit_card,OWN,CA,36.6,679.0,0
20000.0,110000.0,12.24,1 year,B, 36 months,debt_consolidation,MORTGAGE,MS,82.1,664.0,0
16000.0,64000.0,12.56,10+ years,E, 60 months,major_purchase,RENT,CA,5.1,669.0,0
22650.0,75000.0,6.4,< 1 year,E, 60 months,debt_consolidation,RENT,IL,87.4,674.0,0
10000.0,115000.0,6.09,9 years,B, 36 months,debt_consolidation,RENT,IN,56.4,664.0,0
18000.0,96000.0,11.88,10+ years,C, 36 months,credit_card,MORTGAGE,AL,45.7,669.0,1
16000.0,70000.0,24.33,6 years,B, 36 months,debt_consolidation,RENT,WI,48.8,694.0,0
35000.0,185000.0,3.47,5 years,F, 60 months,home_improvement,MORTGAGE,FL,3.4,794.0,0
10000.0,44000.0,28.01,8 years,E, 60 months,debt_consolidation,OWN,FL,85.0,674.0,1
4975.0,45000.0,25.39,10+ years,D, 36 months,other,MORTGAGE,IL,44.2,689.0,0
16000.0,84000.0,30.51,10+ years,C, 60 months,debt_consolidation,MORTGAGE,LA,55.8,694.0,1
5000.0,45000.0,24.72,6 years,B, 36 months,debt_consolidation,MORTGAGE,MI,55.0,669.0,0
8300.0,53000.0,34.22,3 years,A, 36 months,credit_card,MORTGAGE,FL,41.7,734.0,0
25825.0,68000.0,31.68,6 years,F, 60 months,debt_consolidation,RENT,MD,69.7,679.0,1
15600.0,48360.0,23.46,7 years,A, 36 months,credit_card,RENT,MI,34.6,734.0,0
21000.0,100000.0,30.13,7 years,D, 60 months,debt_consolidation,MORTGAGE,LA,49.5,704.0,0
21000.0,97000.0,10.99,8 years,C, 60 months,house,OWN,NJ,32.5,734.0,0
23000.0,50000.0,31.66,8 years,D, 60 months,credit_card,RENT,TX,34.8,674.0,0
8000.0,80000.0,18.0,10+ years,B, 36 months,home_improvement,OWN,TX,17.6,684.0,0
35000.0,87000.0,18.73,10+ years,B, 36 months,credit_card,MORTGAGE,GA,52.2,734.0,0
8550.0,34000.0,34.14,2 years,C, 36 months,debt_consolidation,RENT,FL,22.4,669.0,0
16000.0,76000.0,12.32,3 years,C, 36 months,credit_card,RENT,IL,44.0,684.0,0
21000.0,137000.0,26.0,1 year,C, 36 months,debt_consolidation,MORTGAGE,FL,66.4,684.0,0
11200.0,57000.0,27.33,2 years,D, 60 months,major_purchase,MORTGAGE,OH,59.6,664.0,1
11075.0,76000.0,16.75,10+ years,D, 36 months,debt_consolidation,MORTGAGE,MN,80.0,664.0,0
15025.0,82500.0,8.28,10+ years,E, 36 months,debt_consolidation,OWN,CA,69.0,669.0,0
11500.0,64000.0,18.26,9 years,B, 60 months,home_improvement,MORTGAGE,FL,52.6,729.0,0
8000.0,39799.63,33.96,5 years,C, 36 months,credit_card,MORTGAGE,FL,76.7,679.0,1
12400.0,85000.0,13.01,10+ years,A, 36 months,major_purchase,MORTGAGE,WA,18.7,764.0,0
32000.0,113000.0,27.65,< 1 year,B, 36 months,credit_card,MORTGAGE,NY,75.6,679.0,0
24000.0,250000.0,14.08,1 year,C, 36 months,moving,MORTGAGE,NY,83.1,714.0,0
17550.0,48799.92,36.52,2 years,E, 36 months,debt_consolidation,RENT,AZ,85.7,689.0,0
15000.0,72000.0,19.22,9 years,C, 60 months,debt_consolidation,RENT,VA,32.7,729.0,0
20000.0,130000.0,18.05,10+ years,A, 36 months,debt_consolidation,MORTGAGE,MO,69.0,684.0,0
10200.0,27250.0,20.57,6 years,C, 36 months,credit_card,RENT,MI,20.8,714.0,0
19600.0,102804.0,17.24,10+ years,B, 60 months,debt_consolidation,MORTGAGE,NH,84.8,679.0,0
16375.0,39000.0,27.91,2 years,E, 60 months,debt_consolidation,OWN,TN,58.2,669.0,0
9325.0,50000.0,3.72,3 years,E, 36 months,debt_consolidation,MORTGAGE,FL,80.3,664.0,0
32000.0,83000.0,12.58,3 years,C, 36 months,debt_consolidation,MORTGAGE,AZ,41.2,699.0,1
23500.0,56000.0,11.02,10+ years,B, 36 months,debt_consolidation,RENT,IL,43.5,704.0,0
35000.0,100000.0,33.54,5 years,C, 36 months,credit_card,MORTGAGE,CA,68.4,709.0,0
15000.0,48000.0,18.58,< 1 year,B, 36 months,credit_card,OWN,CA,35.0,704.0,0
10800.0,91000.0,27.56,10+ years,D, 60 months,other,MORTGAGE,SC,83.6,709.0,0
35000.0,170000.0,22.28,6 years,C, 60 months,debt_consolidation,MORTGAGE,WI,70.0,689.0,1
32000.0,75000.0,22.82,6 years,D, 60 months,debt_consolidation,MORTGAGE,MA,54.2,709.0,0
14000.0,42000.0,36.34,7 years,B, 60 months,debt_consolidation,RENT,TX,39.0,694.0,0
35000.0,133000.0,12.96,5 years,C, 60 months,debt_consolidation,MORTGAGE,OH,85.8,729.0,0
11000.0,65000.0,15.03,2 years,B, 36 months,credit_card,RENT,CA,56.5,699.0,0
7000.0,215000.0,18.47,7 years,A, 36 months,credit_card,RENT,CA,47.3,744.0,0
5000.0,51000.0,18.64,2 years,B, 36 months,debt_consolidation,RENT,FL,36.0,714.0,1
5000.0,70000.0,22.92,4 years,B, 36 months,debt_consolidation,OWN,TX,40.5,699.0,0
12000.0,594000.0,1.85,5 years,A, 36 months,debt_consolidation,RENT,CA,90.7,669.0,0
10500.0,52000.0,28.85,7 years,B, 36 months,debt_consolidation,OWN,NY,106.8,739.0,1
15000.0,55000.0,14.92,6 years,C, 60 months,debt_consolidation,RENT,CA,91.9,669.0,0
10000.0,40160.0,28.04,8 years,A, 36 months,credit_card,MORTGAGE,FL,62.1,734.0,0
12500.0,33000.0,30.47,8 years,C, 36 months,debt_consolidation,MORTGAGE,CO,50.3,714.0,0
18000.0,109000.0,6.44,9 years,A, 36 months,debt_consolidation,MORTGAGE,FL,65.1,699.0,0
16300.0,75000.0,24.74,2 years,C, 36 months,debt_consolidation,RENT,TX,96.9,699.0,0
20000.0,92000.0,22.05,10+ years,A, 36 months,debt_consolidation,MORTGAGE,SD,50.7,719.0,0
10075.0,30000.0,32.96,5 years,D, 36 months,credit_card,RENT,CA,73.1,679.0,1
15000.0,35400.0,8.03,< 1 year,A, 36 months,debt_consolidation,MORTGAGE,CO,26.3,749.0,0
15525.0,37000.0,31.43,10+ years,E, 60 months,debt_consolidation,RENT,WI,95.8,704.0,0
10250.0,96312.0,15.2,10+ years,B, 36 months,home_improvement,MORTGAGE,WA,27.7,789.0,1
18000.0,45000.0,27.97,10+ years,B, 60 months,home_improvement,MORTGAGE,MI,40.2,704.0,0
25000.0,63000.0,10.76,4 years,D, 60 months,debt_consolidation,RENT,TX,93.3,664.0,1
10000.0,55000.0,22.04,4 years,C, 60 months,debt_consolidation,RENT,CA,27.1,679.0,0
25000.0,240000.0,10.13,10+ years,A, 36 months,credit_card,MORTGAGE,IN,24.2,809.0,0
25300.0,55000.0,11.63,1 year,E, 60 months,credit_card,MORTGAGE,OR,76.0,689.0,0
6025.0,69800.0,18.26,10+ years,D, 36 months,debt_consolidation,MORTGAGE,MA,87.0,684.0,0
28000.0,105000.0,15.98,10+ years,C, 60 months,debt_consolidation,RENT,CA,98.1,669.0,0
35000.0,100000.0,13.24,10+ years,C, 36 months,home_improvement,RENT,NY,61.2,709.0,1
16525.0,61000.0,34.92,5 years,D, 36 months,credit_card,MORTGAGE,IL,66.4,679.0,1
20000.0,52000.0,19.06,10+ years,B, 36 months,debt_consolidation,MORTGAGE,AL,15.5,739.0,0
35000.0,93000.0,39.77,10+ years,D, 60 months,debt_consolidation,MORTGAGE,AZ,78.0,684.0,0
35000.0,83500.0,23.93,< 1 year,B, 36 months,debt_consolidation,RENT,VA,95.2,684.0,0
10000.0,79750.0,16.09,1 year,C, 36 months,debt_consolidation,MORTGAGE,TX,56.9,664.0,0
6000.0,67000.0,14.87,2 years,A, 36 months,credit_card,MORTGAGE,NY,58.5,684.0,0
9000.0,45000.0,10.69,1 year,E, 36 months,home_improvement,RENT,NY,53.1,669.0,0
20000.0,115000.0,12.77,10+ years,B, 36 months,debt_consolidation,OWN,SC,45.5,734.0,0
30000.0,95000.0,15.88,7 years,E, 60 months,small_business,RENT,NY,40.8,689.0,1
18000.0,40000.0,34.95,1 year,F, 60 months,other,RENT,GA,66.6,684.0,0
7200.0,60000.0,10.52,2 years,B, 36 months,credit_card,MORTGAGE,IN,38.6,694.0,0
34800.0,72000.0,16.5,10+ years,D, 36 months,debt_consolidation,MORTGAGE,MO,33.5,754.0,0
13800.0,30000.0,28.76,10+ years,C, 36 months,credit_card,RENT,MS,23.2,729.0,0
7000.0,30000.0,14.12,1 year,C, 36 months,debt_consolidation,RENT,CA,7.0,684.0,1
18000.0,120000.0,16.89,10+ years,B, 36 months,debt_consolidation,RENT,MI,12.9,784.0,0
22000.0,78000.0,26.72,4 years,C, 60 months,debt_consolidation,RENT,NY,36.9,714.0,0
12000.0,60000.0,24.84,3 years,C, 60 months,debt_consolidation,MORTGAGE,MN,59.1,699.0,1
12650.0,106000.0,25.01,10+ years,C, 60 months,debt_consolidation,RENT,VA,24.9,699.0,0
3725.0,36500.0,25.32,1 year,E, 36 months,other,RENT,MN,57.1,664.0,0
24400.0,55500.0,23.42,10+ years,E, 60 months,debt_consolidation,OWN,NC,74.4,689.0,1
21000.0,56000.0,8.59,10+ years,B, 36 months,home_improvement,MORTGAGE,CA,73.5,669.0,0
16000.0,70000.0,15.7,8 years,E, 36 months,debt_consolidation,RENT,CA,78.8,664.0,0
35000.0,100000.0,18.2,< 1 year,C, 60 months,credit_card,MORTGAGE,PA,92.9,689.0,0
1500.0,103000.0,24.69,2 years,A, 36 months,debt_consolidation,RENT,FL,49.0,704.0,0
8000.0,144000.0,7.84,5 years,C, 36 months,credit_card,MORTGAGE,KY,35.3,679.0,0
10800.0,52000.0,17.27,1 year,D, 60 months,credit_card,RENT,CO,60.2,674.0,0
24000.0,770000.0,7.41,10+ years,B, 36 months,credit_card,MORTGAGE,NH,48.0,679.0,0
13525.0,60000.0,30.74,10+ years,B, 60 months,debt_consolidation,RENT,PA,85.8,724.0,0
12000.0,34000.0,16.59,3 years,E, 60 months,debt_consolidation,RENT,MA,58.9,694.0,0
4650.0,68000.0,17.35,4 years,F, 36 months,debt_consolidation,RENT,CT,40.2,669.0,0
8000.0,95000.0,25.16,10+ years,B, 36 months,debt_consolidation,MORTGAGE,OH,53.6,699.0,0
23000.0,46000.0,32.4,6 years,D, 60 months,car,MORTGAGE,FL,34.6,704.0,0
25000.0,98000.0,20.01,10+ years,B, 60 months,credit_card,RENT,TX,73.2,729.0,0
25000.0,90000.0,29.01,10+ years,A, 36 months,debt_consolidation,MORTGAGE,FL,50.8,739.0,0
3500.0,26891.0,17.28,2 years,B, 36 months,credit_card,RENT,IN,44.0,674.0,1
24000.0,96100.0,17.91,6 years,D, 60 months,debt_consolidation,MORTGAGE,CA,52.6,709.0,0
26150.0,90000.0,37.28,10+ years,D, 36 months,debt_consolidation,MORTGAGE,VA,92.7,689.0,0
20000.0,92000.0,21.07,1 year,D, 60 months,debt_consolidation,MORTGAGE,ND,40.8,679.0,1
13875.0,65000.0,17.52,3 years,D, 60 months,debt_consolidation,RENT,AZ,50.6,709.0,0
17600.0,135000.0,25.76,10+ years,A, 36 months,debt_consolidation,MORTGAGE,NC,48.5,744.0,0
30000.0,150000.0,8.88,10+ years,D, 60 months,home_improvement,MORTGAGE,MA,19.9,679.0,0
12800.0,37500.0,25.41,3 years,D, 60 months,debt_consolidation,RENT,FL,85.4,669.0,1
5000.0,32000.0,8.51,4 years,A, 36 months,car,RENT,CO,23.8,794.0,0
30000.0,155000.0,20.43,10+ years,A, 36 months,debt_consolidation,OWN,MD,21.3,754.0,0
20000.0,93000.0,11.42,3 years,A, 36 months,debt_consolidation,MORTGAGE,NJ,15.4,789.0,0
30000.0,160000.0,17.62,6 years,C, 36 months,other,OWN,FL,8.5,809.0,0
6000.0,30000.0,3.2,5 years,A, 36 months,debt_consolidation,MORTGAGE,KY,10.2,724.0,0
14400.0,95000.0,15.14,1 year,A, 36 months,credit_card,RENT,FL,40.8,724.0,0
13750.0,78000.0,9.42,3 years,D, 36 months,other,OWN,WV,13.7,669.0,1
18125.0,65000.0,32.94,10+ years,B, 36 months,debt_consolidation,MORTGAGE,CT,42.4,779.0,0
10000.0,25000.0,14.67,5 years,D, 60 months,major_purchase,RENT,PA,38.1,699.0,0
24000.0,105000.0,17.23,10+ years,A, 36 months,credit_card,MORTGAGE,VA,74.5,699.0,0
12000.0,100000.0,11.51,10+ years,B, 60 months,major_purchase,MORTGAGE,CA,13.6,739.0,0
10000.0,42000.0,3.11,2 years,B, 36 months,major_purchase,MORTGAGE,CO,54.0,699.0,0
26000.0,102280.0,22.07,10+ years,A, 60 months,credit_card,RENT,CA,68.0,714.0,0
12000.0,53450.0,8.73,< 1 year,B, 36 months,credit_card,RENT,MA,29.8,669.0,1
6500.0,60000.0,5.66,8 years,C, 36 months,other,MORTGAGE,CO,63.0,674.0,0
4250.0,104000.0,23.46,10+ years,C, 36 months,debt_consolidation,MORTGAGE,CT,23.5,674.0,0
9000.0,85000.0,18.57,10+ years,A, 36 months,debt_consolidation,RENT,CA,27.5,749.0,0
3225.0,59000.0,33.4,4 years,D, 36 months,debt_consolidation,MORTGAGE,TX,50.5,694.0,0
34500.0,75000.0,10.72,2 years,E, 60 months,debt_consolidation,MORTGAGE,IL,51.1,699.0,1
5000.0,50000.0,6.41,< 1 year,C, 36 months,debt_consolidation,RENT,CA,40.6,674.0,0
21600.0,104000.0,10.0,10+ years,B, 36 months,credit_card,MORTGAGE,SC,87.3,679.0,0
16000.0,51900.0,6.64,4 years,B, 36 months,debt_consolidation,RENT,CT,53.0,674.0,0
3575.0,58000.0,39.6,10+ years,C, 36 months,home_improvement,MORTGAGE,OH,17.7,744.0,0
13200.0,50000.0,8.14,< 1 year,C, 60 months,debt_consolidation,MORTGAGE,WA,78.6,664.0,1
18000.0,55000.0,17.3,10+ years,A, 36 months,debt_consolidation,RENT,PA,35.8,739.0,0
26000.0,80000.0,22.27,6 years,B, 36 months,debt_consolidation,MORTGAGE,TX,60.3,719.0,0
4000.0,80000.0,14.7,10+ years,D, 36 months,home_improvement,MORTGAGE,MO,5.9,669.0,0
15000.0,42000.0,32.65,4 years,B, 36 months,debt_consolidation,RENT,MA,45.0,674.0,0
28000.0,150000.0,1.66,2 years,B, 36 months,home_improvement,MORTGAGE,FL,11.7,664.0,0
5000.0,90000.0,8.68,10+ years,A, 36 months,debt_consolidation,MORTGAGE,FL,86.2,674.0,0
3000.0,34000.0,29.72,10+ years,C, 36 months,debt_consolidation,MORTGAGE,TN,84.5,684.0,1
20000.0,80000.0,13.65,8 years,B, 36 months,debt_consolidation,RENT,CA,85.9,669.0,0
23000.0,92774.0,36.62,10+ years,B, 60 months,debt_consolidation,MORTGAGE,TX,47.6,734.0,0
20000.0,59420.0,22.52,10+ years,B, 36 months,debt_consolidation,MORTGAGE,TX,53.9,709.0,0
35000.0,92000.0,32.62,10+ years,C, 60 months,debt_consolidation,MORTGAGE,OK,58.6,709.0,0
14575.0,47000.0,27.96,2 years,D, 60 months,debt_consolidation,MORTGAGE,IL,85.2,669.0,0
6500.0,65000.0,16.93,2 years,B, 36 months,credit_card,MORTGAGE,WI,73.1,669.0,0
9000.0,48000.0,3.75,2 years,D, 36 months,house,RENT,FL,47.0,669.0,0
30000.0,78000.0,26.42,6 years,E, 36 months,debt_consolidation,RENT,TX,75.0,669.0,1
25000.0,152000.0,17.27,2 years,B, 60 months,debt_consolidation,MORTGAGE,GA,52.6,734.0,0
10000.0,51000.0,12.94,9 years,B, 36 months,major_purchase,MORTGAGE,FL,62.0,714.0,0
7200.0,106000.0,16.96,2 years,A, 36 months,debt_consolidation,RENT,CA,71.6,719.0,0
11200.0,60000.0,23.18,3 years,D, 60 months,debt_consolidation,RENT,IL,34.1,669.0,0
5000.0,65000.0,17.12,6 years,A, 36 months,home_improvement,OWN,NH,13.8,719.0,0
4000.0,100000.0,4.44,10+ years,D, 36 months,other,MORTGAGE,NY,52.0,679.0,0
11000.0,45000.0,12.85,6 years,B, 36 months,debt_consolidation,MORTGAGE,MO,18.4,724.0,1
10000.0,63090.0,18.53,10+ years,B, 36 months,debt_consolidation,RENT,TN,74.0,679.0,0
17000.0,120000.0,23.43,2 years,F, 60 months,other,MORTGAGE,IL,71.7,669.0,1
3450.0,52000.0,23.77,1 year,C, 36 months,debt_consolidation,RENT,AL,49.7,674.0,1
28000.0,100000.0,20.58,10+ years,D, 60 months,debt_consolidation,MORTGAGE,NY,49.3,674.0,0
8000.0,27500.0,24.97,< 1 year,C, 36 months,credit_card,RENT,OH,93.0,679.0,0
4000.0,48000.0,9.73,7 years,B, 36 months,credit_card,RENT,NY,41.5,669.0,0
18000.0,90000.0,10.8,6 years,B, 60 months,debt_consolidation,MORTGAGE,PA,77.1,714.0,0
15000.0,51000.0,9.55,10+ years,D, 36 months,debt_consolidation,RENT,PA,51.4,664.0,0
30000.0,106500.0,17.46,8 years,F, 60 months,debt_consolidation,MORTGAGE,NV,40.7,664.0,1
5000.0,30000.0,19.48,10+ years,B, 36 months,credit_card,OWN,GA,32.9,679.0,0
3600.0,25000.0,7.83,5 years,C, 36 months,credit_card,RENT,VT,50.3,679.0,0
35000.0,93750.0,32.12,3 years,D, 60 months,debt_consolidation,MORTGAGE,WA,59.1,694.0,0
10225.0,90000.0,1.91,< 1 year,C, 36 months,debt_consolidation,RENT,NY,48.3,664.0,0
11350.0,45000.0,34.43,4 years,F, 60 months,debt_consolidation,OWN,NC,76.8,694.0,1
12000.0,45000.0,13.82,1 year,B, 60 months,debt_consolidation,RENT,NY,54.4,684.0,1
12000.0,140000.0,6.93,1 year,B, 36 months,credit_card,MORTGAGE,PA,46.8,729.0,0
15000.0,68000.0,30.85,10+ years,C, 36 months,debt_consolidation,RENT,ND,88.9,684.0,1
10000.0,80000.0,11.61,< 1 year,B, 36 months,credit_card,MORTGAGE,TX,48.7,679.0,0
4000.0,40000.0,16.65,4 years,B, 36 months,debt_consolidation,RENT,TX,69.4,704.0,0
20000.0,50000.0,36.73,10+ years,C, 60 months,debt_consolidation,MORTGAGE,CT,29.7,774.0,0
1100.0,69000.0,25.72,10+ years,C, 36 months,home_improvement,MORTGAGE,NC,11.6,669.0,1
10000.0,45000.0,12.16,2 years,B, 36 months,credit_card,RENT,NY,83.6,719.0,0
16000.0,55000.0,21.21,2 years,B, 36 months,debt_consolidation,MORTGAGE,PA,85.2,694.0,1
28000.0,180000.0,12.17,10+ years,A, 60 months,debt_consolidation,MORTGAGE,NJ,67.4,734.0,0
27875.0,60600.0,26.18,7 years,E, 60 months,credit_card,RENT,NJ,93.8,684.0,1
20000.0,140085.0,11.11,10+ years,C, 60 months,moving,RENT,VA,75.8,754.0,0
3000.0,15000.0,21.12,2 years,C, 36 months,other,RENT,TX,75.4,664.0,0
10000.0,36400.0,8.9,7 years,F, 60 months,debt_consolidation,RENT,MS,38.5,694.0,1
25000.0,150000.0,22.32,7 years,B, 60 months,debt_consolidation,MORTGAGE,MD,64.3,684.0,0
9600.0,50000.0,28.25,10+ years,C, 36 months,credit_card,RENT,OK,62.5,694.0,1
16000.0,72000.0,29.68,10+ years,B, 36 months,debt_consolidation,MORTGAGE,FL,73.7,709.0,0
7525.0,32000.0,33.91,10+ years,D, 36 months,debt_consolidation,RENT,NV,55.8,709.0,1
6500.0,82000.0,22.86,7 years,B, 36 months,debt_consolidation,RENT,NY,86.7,679.0,0
28800.0,60000.0,13.68,10+ years,C, 36 months,debt_consolidation,MORTGAGE,MI,53.7,709.0,0
9800.0,81807.0,20.18,3 years,B, 36 months,debt_consolidation,MORTGAGE,CA,96.0,674.0,0
30800.0,110000.0,34.36,1 year,C, 60 months,debt_consolidation,MORTGAGE,OR,63.2,679.0,0
28000.0,187000.0,15.08,1 year,A, 36 months,credit_card,MORTGAGE,CA,39.9,744.0,0
6000.0,129999.0,11.16,3 years,A, 36 months,debt_consolidation,RENT,NV,32.6,669.0,0
24000.0,117000.0,9.81,3 years,D, 60 months,debt_consolidation,OWN,TX,90.6,674.0,0
10000.0,75000.0,13.52,10+ years,A, 36 months,debt_consolidation,MORTGAGE,NY,37.5,704.0,0
15000.0,49248.0,27.66,< 1 year,D, 60 months,debt_consolidation,RENT,MN,76.4,684.0,0
11400.0,78820.0,25.52,10+ years,D, 36 months,debt_consolidation,MORTGAGE,FL,77.6,674.0,0
8000.0,85000.0,17.17,10+ years,A, 36 months,debt_consolidation,MORTGAGE,NY,52.6,699.0,0
15400.0,49000.0,36.15,3 years,D, 36 months,debt_consolidation,MORTGAGE,ME,43.0,734.0,0
20000.0,80000.0,15.44,3 years,F, 60 months,debt_consolidation,MORTGAGE,TX,35.5,669.0,0
14000.0,62000.0,13.61,3 years,B, 36 months,debt_consolidation,RENT,NJ,30.5,699.0,1
31000.0,85000.0,4.4,3 years,B, 36 months,major_purchase,RENT,NJ,3.5,699.0,0
10000.0,25500.0,36.2,9 years,B, 36 months,debt_consolidation,RENT,FL,39.3,719.0,0
11600.0,66000.0,21.44,< 1 year,F, 60 months,debt_consolidation,RENT,AZ,42.9,679.0,0
35000.0,100000.0,18.49,8 years,E, 60 months,debt_consolidation,OWN,LA,56.4,724.0,1
22875.0,52000.0,23.68,2 years,D, 60 months,debt_consolidation,MORTGAGE,MI,93.0,689.0,0
35000.0,118000.0,25.18,10+ years,F, 60 months,credit_card,MORTGAGE,VA,35.1,664.0,1
28000.0,144000.0,22.2,10+ years,A, 36 months,debt_consolidation,MORTGAGE,HI,83.4,719.0,0
11300.0,25000.0,20.64,4 years,E, 60 months,debt_consolidation,OWN,TX,8.0,689.0,1
35000.0,105000.0,21.43,< 1 year,E, 60 months,debt_consolidation,MORTGAGE,NC,73.1,669.0,0
5000.0,100000.0,21.14,8 years,B, 36 months,debt_consolidation,MORTGAGE,FL,94.2,674.0,0
12000.0,47724.0,27.68,6 years,B, 36 months,debt_consolidation,OWN,MO,70.1,674.0,0
35000.0,76000.0,30.12,8 years,C, 36 months,debt_consolidation,MORTGAGE,VA,39.6,754.0,0
8000.0,48000.0,33.46,< 1 year,B, 36 months,debt_consolidation,MORTGAGE,LA,31.4,714.0,0
6250.0,50000.0,23.88,5 years,D, 36 months,debt_consolidation,RENT,CA,62.0,674.0,0
12800.0,102000.0,19.69,2 years,C, 36 months,debt_consolidation,MORTGAGE,CA,88.2,699.0,0
11200.0,23000.0,39.51,6 years,D, 60 months,debt_consolidation,OWN,MO,66.4,664.0,1
9000.0,25000.0,31.64,2 years,D, 36 months,debt_consolidation,RENT,KS,25.0,699.0,0
23900.0,62000.0,31.28,10+ years,C, 60 months,credit_card,MORTGAGE,OH,53.3,669.0,0
5600.0,25000.0,35.29,6 years,C, 36 months,debt_consolidation,MORTGAGE,MI,92.0,669.0,0
7200.0,41000.0,15.01,7 years,C, 36 months,other,MORTGAGE,NY,47.1,664.0,1
25000.0,68000.0,4.09,10+ years,C, 36 months,home_improvement,RENT,NY,56.9,719.0,0
12000.0,55000.0,21.25,3 years,A, 36 months,debt_consolidation,MORTGAGE,NC,51.6,734.0,0
18000.0,52000.0,17.1,5 years,B, 60 months,credit_card,MORTGAGE,PA,46.6,709.0,0
18000.0,60000.0,15.74,10+ years,A, 36 months,debt_consolidation,RENT,IL,15.0,719.0,0
4200.0,120000.0,15.64,6 years,B, 36 months,major_purchase,RENT,CA,96.1,664.0,0
12000.0,50000.0,7.92,10+ years,C, 60 months,debt_consolidation,MORTGAGE,CA,37.8,704.0,0
10000.0,37000.0,9.24,3 years,C, 36 months,debt_consolidation,OWN,OH,32.5,664.0,1
31000.0,80000.0,16.83,10+ years,C, 60 months,debt_consolidation,MORTGAGE,TX,42.6,689.0,0
8000.0,36000.0,5.03,< 1 year,C, 36 months,debt_consolidation,RENT,CA,49.0,694.0,0
16000.0,44000.0,25.56,4 years,C, 60 months,debt_consolidation,OWN,NC,81.9,694.0,0
30000.0,141000.0,17.35,3 years,D, 60 months,debt_consolidation,OWN,WA,81.0,684.0,0
12000.0,43500.0,24.47,4 years,E, 60 months,debt_consolidation,OWN,MS,27.8,664.0,1
30000.0,165000.0,10.65,2 years,A, 36 months,debt_consolidation,MORTGAGE,NJ,58.0,714.0,0
20000.0,56000.0,20.98,< 1 year,B, 36 months,credit_card,RENT,CA,93.7,714.0,0
35000.0,151000.0,27.71,1 year,A, 36 months,credit_card,MORTGAGE,NY,49.8,739.0,0
15000.0,63000.0,32.75,4 years,C, 60 months,debt_consolidation,MORTGAGE,IN,72.8,684.0,0
34000.0,105000.0,25.93,9 years,C, 60 months,credit_card,MORTGAGE,VA,35.7,679.0,0
18250.0,57000.0,22.85,7 years,D, 36 months,small_business,MORTGAGE,FL,50.8,684.0,1
20000.0,72000.0,9.85,10+ years,B, 36 months,debt_consolidation,MORTGAGE,CA,16.0,674.0,0
15000.0,108000.0,13.08,1 year,B, 36 months,debt_consolidation,OWN,WV,7.1,679.0,0
28000.0,120000.0,6.82,10+ years,A, 36 months,debt_consolidation,MORTGAGE,CT,50.4,769.0,0
12000.0,40000.0,18.27,< 1 year,E, 60 months,debt_consolidation,RENT,IL,77.1,664.0,1
2400.0,66000.0,21.63,2 years,C, 36 months,major_purchase,RENT,MD,54.6,679.0,0
20000.0,100000.0,22.72,9 years,B, 36 months,credit_card,MORTGAGE,TX,62.7,664.0,1
25300.0,55000.0,17.08,10+ years,D, 36 months,debt_consolidation,RENT,CA,16.9,739.0,1
14000.0,67000.0,23.11,3 years,C, 36 months,home_improvement,MORTGAGE,TX,48.9,714.0,0
10000.0,64000.0,14.76,10+ years,C, 36 months,other,OWN,MN,71.1,669.0,0
24000.0,107000.0,15.15,10+ years,A, 36 months,car,RENT,IL,34.8,769.0,0
12000.0,34000.0,25.87,5 years,C, 60 months,debt_consolidation,RENT,PA,33.8,694.0,0
11400.0,110000.0,29.03,10+ years,C, 60 months,debt_consolidation,MORTGAGE,FL,43.4,714.0,1
5000.0,46000.0,11.36,5 years,A, 36 months,credit_card,MORTGAGE,AZ,32.8,709.0,0
25000.0,85000.0,6.16,10+ years,B, 60 months,other,OWN,NY,7.5,749.0,1
10000.0,59000.0,16.33,3 years,B, 36 months,credit_card,RENT,CA,80.8,684.0,0
13000.0,47500.0,18.34,2 years,B, 36 months,debt_consolidation,MORTGAGE,NV,23.1,729.0,0
6000.0,30000.0,30.44,8 years,C, 36 months,debt_consolidation,RENT,TX,39.0,689.0,0
20000.0,120000.0,9.04,5 years,C, 36 months,debt_consolidation,RENT,CA,0.1,669.0,0
12000.0,55000.0,8.82,10+ years,C, 60 months,debt_consolidation,MORTGAGE,MI,96.3,704.0,0
5000.0,75000.0,5.06,10+ years,A, 36 months,major_purchase,OWN,NY,45.0,729.0,0
12000.0,62000.0,24.25,< 1 year,B, 36 months,credit_card,RENT,VA,36.8,714.0,0
10000.0,50232.0,15.89,2 years,F, 60 months,debt_consolidation,RENT,FL,100.1,664.0,1
8000.0,70000.0,31.79,9 years,B, 36 months,debt_consolidation,RENT,CA,27.3,719.0,0
11000.0,83400.0,26.0,10+ years,C, 36 months,debt_consolidation,MORTGAGE,OH,46.9,704.0,0
8000.0,40000.0,21.72,< 1 year,B, 36 months,debt_consolidation,OWN,CT,69.8,664.0,0
18000.0,130000.0,9.33,3 years,B, 60 months,debt_consolidation,MORTGAGE,OK,58.7,694.0,0
7200.0,79990.0,11.14,10+ years,A, 36 months,credit_card,MORTGAGE,PA,25.9,774.0,0
7000.0,35000.0,16.05,2 years,B, 36 months,debt_consolidation,RENT,SC,14.9,704.0,0
16000.0,315000.0,9.79,4 years,C, 60 months,credit_card,MORTGAGE,TX,87.1,669.0,0
1500.0,27924.0,19.23,6 years,C, 36 months,other,RENT,AZ,13.4,709.0,0
9600.0,42000.0,18.4,8 years,A, 36 months,credit_card,MORTGAGE,NC,38.0,694.0,0
15000.0,72000.0,17.92,10+ years,A, 60 months,debt_consolidation,RENT,NY,33.4,774.0,0
32375.0,97202.0,20.99,10+ years,B, 60 months,debt_consolidation,MORTGAGE,CA,96.9,734.0,0
29750.0,186000.0,30.35,3 years,A, 36 months,debt_consolidation,MORTGAGE,CA,86.0,704.0,1
29900.0,68000.0,12.44,10+ years,G, 60 months,debt_consolidation,RENT,GA,84.9,679.0,1
2400.0,42500.0,23.52,2 years,C, 36 months,debt_consolidation,RENT,FL,94.6,719.0,0
11000.0,27000.0,27.91,10+ years,C, 60 months,debt_consolidation,MORTGAGE,OH,41.7,734.0,0
19050.0,60000.0,33.72,1 year,E, 60 months,debt_consolidation,RENT,NV,55.0,679.0,1
20000.0,48000.0,12.9,3 years,C, 60 months,debt_consolidation,MORTGAGE,NC,64.9,704.0,0
6000.0,47500.0,12.96,10+ years,B, 36 months,debt_consolidation,RENT,NY,69.1,664.0,0
11025.0,24000.0,29.1,< 1 year,B, 60 months,credit_card,RENT,NC,66.2,689.0,0
13000.0,45000.0,23.78,4 years,A, 36 months,credit_card,MORTGAGE,GA,44.4,749.0,0
24000.0,120000.0,6.04,8 years,C, 60 months,debt_consolidation,MORTGAGE,CA,32.3,724.0,0
19075.0,74000.0,18.65,2 years,C, 60 months,debt_consolidation,OWN,CA,19.8,729.0,0
13000.0,60000.0,19.78,2 years,A, 36 months,debt_consolidation,MORTGAGE,GA,81.6,754.0,0
20000.0,60000.0,22.74,9 years,D, 60 months,debt_consolidation,OWN,PA,64.3,684.0,0
11100.0,50000.0,22.95,10+ years,A, 36 months,credit_card,MORTGAGE,KS,34.0,774.0,0
26400.0,60000.0,16.08,2 years,E, 60 months,credit_card,OWN,AZ,37.0,694.0,0
12000.0,145000.0,12.69,9 years,A, 36 months,credit_card,MORTGAGE,OH,37.0,719.0,0
21000.0,180000.0,8.6,10+ years,A, 36 months,home_improvement,OWN,CA,29.6,754.0,0
7000.0,50360.0,34.15,10+ years,D, 36 months,other,RENT,MA,72.0,684.0,1
5000.0,90000.0,12.69,10+ years,A, 36 months,credit_card,MORTGAGE,MI,40.0,719.0,0
35000.0,109500.0,28.53,10+ years,C, 60 months,debt_consolidation,MORTGAGE,MN,78.9,709.0,0
10250.0,43930.0,29.02,3 years,E, 36 months,debt_consolidation,OWN,AZ,69.5,664.0,0
18000.0,50000.0,19.35,5 years,C, 60 months,debt_consolidation,RENT,FL,26.2,714.0,0
20000.0,106000.0,18.02,10+ years,A, 36 months,debt_consolidation,MORTGAGE,FL,50.5,739.0,0
20000.0,62000.0,20.67,< 1 year,C, 36 months,debt_consolidation,MORTGAGE,NH,65.4,669.0,0
18825.0,78000.0,24.85,9 years,D, 36 months,debt_consolidation,RENT,WI,61.9,694.0,0
9600.0,29640.0,11.5,< 1 year,B, 36 months,credit_card,RENT,AZ,66.7,664.0,1
5000.0,48000.0,29.15,3 years,B, 36 months,debt_consolidation,OWN,TX,5.5,694.0,0
12000.0,110000.0,14.32,2 years,A, 36 months,credit_card,OWN,LA,26.8,759.0,0
25000.0,150000.0,6.8,5 years,B, 60 months,debt_consolidation,MORTGAGE,CA,26.5,694.0,0
20000.0,49000.0,15.25,3 years,A, 36 months,debt_consolidation,RENT,NY,13.0,749.0,1
21600.0,85000.0,22.74,7 years,D, 60 months,debt_consolidation,RENT,CA,54.8,689.0,1
5000.0,32500.0,7.98,5 years,B, 36 months,debt_consolidation,RENT,OH,73.1,664.0,0
35000.0,80000.0,25.66,10+ years,B, 60 months,credit_card,MORTGAGE,FL,78.0,749.0,0
2500.0,33000.0,31.56,4 years,C, 36 months,credit_card,RENT,NY,26.0,679.0,0
1400.0,100000.0,9.3,8 years,B, 36 months,debt_consolidation,OWN,MD,32.5,689.0,0
21000.0,80000.0,15.17,5 years,B, 36 months,debt_consolidation,RENT,CO,57.0,684.0,1
35000.0,135000.0,20.06,10+ years,C, 60 months,debt_consolidation,MORTGAGE,AZ,80.7,694.0,0
5225.0,70000.0,9.12,3 years,C, 36 months,debt_consolidation,RENT,WA,52.9,674.0,0
4700.0,55000.0,10.17,5 years,B, 36 months,credit_card,RENT,CA,39.0,694.0,0
7000.0,44000.0,11.43,2 years,C, 36 months,other,RENT,CO,27.0,664.0,0
8000.0,65000.0,17.93,8 years,A, 36 months,credit_card,MORTGAGE,NV,35.5,714.0,0
23875.0,65000.0,27.64,1 year,E, 60 months,debt_consolidation,MORTGAGE,WA,44.2,724.0,0
15000.0,72000.0,19.72,10+ years,C, 60 months,debt_consolidation,MORTGAGE,IN,77.2,694.0,0
25000.0,92000.0,25.91,< 1 year,E, 60 months,debt_consolidation,MORTGAGE,OH,65.6,704.0,1
14400.0,100000.0,19.4,10+ years,A, 36 months,debt_consolidation,MORTGAGE,NV,35.5,779.0,0
21000.0,150000.0,11.68,8 years,B, 60 months,credit_card,MORTGAGE,FL,19.6,784.0,0
17000.0,42000.0,20.43,10+ years,C, 36 months,credit_card,RENT,NY,67.8,669.0,0
12000.0,30000.0,33.24,< 1 year,D, 60 months,credit_card,OWN,AL,60.0,669.0,0
25000.0,75000.0,3.3,< 1 year,C, 36 months,debt_consolidation,RENT,TX,31.5,679.0,0
17000.0,48000.0,11.05,3 years,C, 60 months,debt_consolidation,MORTGAGE,AZ,66.3,674.0,0
12500.0,53000.0,23.63,8 years,A, 36 months,debt_consolidation,MORTGAGE,MD,35.5,714.0,1
5200.0,42000.0,28.09,10+ years,B, 36 months,credit_card,RENT,WA,60.2,669.0,0
13000.0,85000.0,19.38,10+ years,C, 36 months,credit_card,MORTGAGE,CA,33.0,689.0,0
15000.0,40000.0,10.29,2 years,D, 36 months,credit_card,RENT,CA,62.0,664.0,1
20000.0,75000.0,13.64,10+ years,C, 60 months,debt_consolidation,RENT,NY,30.1,679.0,0
8675.0,111603.0,9.45,10+ years,B, 36 months,debt_consolidation,MORTGAGE,CA,23.6,709.0,0
10200.0,50000.0,30.17,4 years,D, 60 months,debt_consolidation,MORTGAGE,PA,31.4,714.0,0
6000.0,48000.0,17.48,8 years,B, 36 months,credit_card,RENT,AZ,15.8,679.0,1
24000.0,57800.0,20.1,5 years,C, 60 months,debt_consolidation,MORTGAGE,OK,44.6,709.0,0
15000.0,75000.0,23.17,3 years,D, 36 months,debt_consolidation,MORTGAGE,CT,51.7,669.0,1
4200.0,54100.0,13.93,7 years,A, 36 months,credit_card,RENT,SC,64.7,699.0,0
28800.0,95000.0,13.59,10+ years,B, 60 months,home_improvement,RENT,CA,39.5,729.0,0
15400.0,146000.0,13.67,1 year,C, 36 months,debt_consolidation,RENT,AZ,63.0,679.0,0
15000.0,58000.0,23.13,10+ years,D, 36 months,home_improvement,MORTGAGE,AR,81.3,724.0,0
10000.0,45000.0,37.79,5 years,C, 36 months,credit_card,RENT,CO,26.0,684.0,0
20000.0,50000.0,29.02,3 years,B, 36 months,debt_consolidation,RENT,GA,35.5,724.0,0
4000.0,73000.0,11.33,8 years,C, 36 months,other,MORTGAGE,FL,51.6,664.0,0
11200.0,67200.0,27.54,10+ years,C, 60 months,credit_card,MORTGAGE,WI,70.8,699.0,0
10000.0,56000.0,18.28,7 years,A, 36 months,debt_consolidation,MORTGAGE,CO,22.6,739.0,0
13500.0,78400.0,18.27,10+ years,B, 36 months,credit_card,OWN,KY,34.3,669.0,1
10000.0,275000.0,1.26,1 year,B, 36 months,credit_card,RENT,NY,54.9,664.0,0
22450.0,80000.0,26.6,9 years,C, 60 months,credit_card,MORTGAGE,RI,41.1,704.0,0
6400.0,110000.0,8.26,6 years,A, 36 months,credit_card,MORTGAGE,NJ,49.8,704.0,0
21000.0,50000.0,18.93,10+ years,C, 60 months,debt_consolidation,MORTGAGE,NY,67.4,679.0,0
6025.0,50000.0,24.03,2 years,B, 36 months,credit_card,MORTGAGE,MA,12.5,724.0,1
20000.0,60000.0,12.98,8 years,B, 36 months,debt_consolidation,RENT,TN,62.8,684.0,0
25000.0,80000.0,11.28,10+ years,B, 36 months,credit_card,MORTGAGE,MA,37.8,664.0,0
5000.0,62000.0,15.76,10+ years,C, 36 months,home_improvement,MORTGAGE,AZ,65.3,664.0,0
5000.0,42000.0,8.91,1 year,C, 36 months,small_business,RENT,TX,40.3,669.0,0
6025.0,75000.0,17.71,10+ years,B, 36 months,house,MORTGAGE,MA,40.1,759.0,0
20000.0,65000.0,18.34,10+ years,C, 36 months,credit_card,MORTGAGE,GA,81.4,669.0,0
28000.0,70000.0,16.8,4 years,E, 60 months,debt_consolidation,RENT,WA,70.7,664.0,0
31000.0,84000.0,12.38,< 1 year,C, 60 months,debt_consolidation,MORTGAGE,KY,77.2,719.0,1
7450.0,38000.0,27.03,9 years,B, 36 months,credit_card,RENT,FL,55.2,689.0,0
16000.0,70000.0,11.38,4 years,B, 36 months,debt_consolidation,RENT,CA,51.0,699.0,1
8500.0,30000.0,23.92,10+ years,A, 36 months,credit_card,RENT,CA,38.1,719.0,0
8000.0,59558.0,3.41,2 years,A, 36 months,debt_consolidation,MORTGAGE,UT,15.4,794.0,0
1000.0,69490.0,16.2,10+ years,C, 36 months,credit_card,OWN,CO,93.7,679.0,0
12000.0,75000.0,17.92,10+ years,C, 36 months,debt_consolidation,RENT,AR,97.0,699.0,0
16000.0,62000.0,16.38,10+ years,C, 36 months,debt_consolidation,MORTGAGE,MI,74.6,669.0,0
11500.0,65000.0,11.85,2 years,B, 36 months,debt_consolidation,MORTGAGE,TX,41.0,689.0,0
9600.0,53000.0,30.27,10+ years,D, 36 months,debt_consolidation,OWN,FL,38.3,694.0,0
6350.0,23400.0,10.56,< 1 year,C, 36 months,major_purchase,RENT,CA,36.3,714.0,1
6600.0,53000.0,4.73,5 years,A, 36 months,credit_card,MORTGAGE,CA,12.2,819.0,0
18000.0,78780.0,17.04,1 year,C, 60 months,debt_consolidation,MORTGAGE,TX,35.1,724.0,0
10400.0,65500.0,2.31,10+ years,D, 36 months,medical,MORTGAGE,NY,7.6,684.0,0
24625.0,143000.0,18.18,10+ years,D, 36 months,debt_consolidation,RENT,FL,87.8,664.0,1
5000.0,89000.0,10.36,6 years,B, 36 months,debt_consolidation,RENT,NY,70.9,684.0,1
16000.0,100000.0,20.27,10+ years,A, 60 months,major_purchase,OWN,CO,32.4,789.0,0
7000.0,25000.0,37.35,10+ years,C, 36 months,debt_consolidation,MORTGAGE,MI,76.7,669.0,0
8000.0,80000.0,22.08,< 1 year,B, 36 months,debt_consolidation,OWN,TX,36.4,704.0,1
16800.0,62000.0,39.86,10+ years,C, 60 months,credit_card,MORTGAGE,AR,38.6,744.0,1
12000.0,104000.0,32.05,2 years,C, 36 months,debt_consolidation,RENT,MA,99.3,729.0,0
10000.0,50000.0,28.12,8 years,C, 36 months,credit_card,RENT,UT,93.9,684.0,0
8000.0,65000.0,33.07,2 years,C, 36 months,home_improvement,MORTGAGE,AZ,49.6,699.0,0
5400.0,60000.0,11.94,2 years,A, 36 months,other,MORTGAGE,LA,28.2,769.0,0
10000.0,64000.0,16.99,2 years,A, 36 months,debt_consolidation,RENT,PA,40.8,689.0,0
20000.0,78000.0,42.03,10+ years,D, 60 months,credit_card,MORTGAGE,OK,78.6,689.0,0
26800.0,78000.0,28.2,9 years,C, 36 months,debt_consolidation,RENT,UT,52.0,714.0,0
25000.0,80000.0,9.62,10+ years,B, 60 months,debt_consolidation,RENT,CA,42.9,704.0,0
23775.0,68000.0,35.12,10+ years,C, 60 months,credit_card,MORTGAGE,IN,94.1,734.0,0
10000.0,105000.0,10.67,1 year,B, 36 months,debt_consolidation,RENT,TX,69.6,679.0,0
3000.0,60000.0,12.1,1 year,A, 36 months,major_purchase,RENT,WI,39.0,749.0,0
7650.0,45000.0,26.19,10+ years,C, 36 months,debt_consolidation,MORTGAGE,NY,61.7,664.0,0
7000.0,160000.0,17.39,10+ years,C, 36 months,credit_card,OWN,NJ,54.3,704.0,0
7500.0,60000.0,18.04,2 years,C, 36 months,debt_consolidation,OWN,CA,32.8,684.0,1
14400.0,56406.0,13.85,10+ years,A, 36 months,debt_consolidation,MORTGAGE,WV,22.1,784.0,0
13000.0,51500.0,22.96,10+ years,D, 60 months,debt_consolidation,RENT,GA,62.1,689.0,0
11200.0,100638.0,4.82,6 years,B, 36 months,credit_card,RENT,IL,89.9,664.0,0
6025.0,32000.0,5.85,6 years,B, 36 months,credit_card,RENT,MA,67.7,669.0,0
10000.0,62000.0,12.78,4 years,B, 60 months,home_improvement,MORTGAGE,MI,1.1,794.0,0
15000.0,94000.0,14.16,< 1 year,C, 36 months,moving,RENT,CA,75.9,689.0,0
35000.0,240000.0,12.72,10+ years,B, 36 months,credit_card,RENT,CA,22.5,699.0,0
28000.0,80000.0,14.24,2 years,C, 60 months,debt_consolidation,MORTGAGE,MD,82.7,709.0,1
15000.0,110000.0,0.84,10+ years,C, 60 months,vacation,RENT,CA,4.0,704.0,0
30000.0,130000.0,21.15,10+ years,C, 60 months,debt_consolidation,MORTGAGE,TX,68.8,714.0,0
19200.0,124000.0,21.57,10+ years,C, 60 months,debt_consolidation,MORTGAGE,GA,27.1,759.0,1
6000.0,60000.0,25.5,5 years,C, 36 months,credit_card,RENT,CA,68.0,679.0,1
25000.0,100000.0,18.52,6 years,B, 60 months,credit_card,MORTGAGE,NC,92.5,724.0,0
12000.0,80000.0,37.31,10+ years,D, 60 months,debt_consolidation,RENT,OH,65.4,664.0,1
20000.0,78000.0,25.03,3 years,D, 60 months,debt_consolidation,MORTGAGE,PA,60.0,684.0,0
4000.0,36000.0,29.07,< 1 year,C, 36 months,debt_consolidation,RENT,KS,66.0,664.0,0
20000.0,75000.0,19.7,10+ years,B, 60 months,credit_card,MORTGAGE,TX,83.9,714.0,0
11200.0,49000.0,17.81,4 years,D, 60 months,credit_card,RENT,IN,21.8,714.0,0
11200.0,89000.0,21.29,10+ years,B, 36 months,debt_consolidation,MORTGAGE,TX,68.0,674.0,1
13000.0,110000.0,13.3,3 years,C, 60 months,debt_consolidation,MORTGAGE,FL,71.8,689.0,0
14000.0,42000.0,36.74,4 years,C, 60 months,credit_card,MORTGAGE,PA,47.1,724.0,0
32000.0,126000.0,15.52,2 years,C, 60 months,debt_consolidation,RENT,CA,53.7,679.0,1
8000.0,46000.0,8.97,< 1 year,C, 36 months,debt_consolidation,RENT,CA,37.9,709.0,1
16000.0,90000.0,24.53,6 years,C, 60 months,medical,MORTGAGE,AL,50.6,719.0,0
10500.0,34000.0,21.87,2 years,C, 60 months,debt_consolidation,RENT,NY,36.0,684.0,0
8000.0,38000.0,31.14,2 years,B, 36 months,debt_consolidation,OWN,NH,40.3,709.0,0
30975.0,125000.0,12.38,10+ years,C, 36 months,debt_consolidation,RENT,CA,66.7,704.0,0
10000.0,75000.0,14.59,2 years,C, 36 months,moving,RENT,VT,14.9,739.0,0
20000.0,70000.0,14.06,< 1 year,B, 60 months,debt_consolidation,MORTGAGE,WV,77.3,714.0,0
15000.0,52000.0,25.29,10+ years,D, 60 months,debt_consolidation,RENT,NY,97.7,669.0,0
3500.0,50000.0,21.22,4 years,C, 36 months,debt_consolidation,RENT,IN,44.0,674.0,0
25075.0,66000.0,10.14,5 years,F, 60 months,debt_consolidation,RENT,GA,92.8,679.0,0
23175.0,55000.0,16.43,10+ years,D, 36 months,debt_consolidation,MORTGAGE,CA,80.5,664.0,0
5000.0,61000.0,15.34,10+ years,A, 36 months,credit_card,MORTGAGE,KY,29.2,724.0,0
1500.0,27000.0,18.8,5 years,B, 36 months,credit_card,RENT,AZ,28.0,669.0,0
9000.0,49000.0,25.49,3 years,D, 36 months,debt_consolidation,RENT,MI,77.5,679.0,0
35000.0,326667.0,7.12,4 years,C, 60 months,credit_card,MORTGAGE,CA,41.7,719.0,0
10000.0,30000.0,32.92,10+ years,C, 36 months,debt_consolidation,MORTGAGE,NC,53.4,709.0,0
15000.0,85000.0,37.85,10+ years,C, 36 months,home_improvement,MORTGAGE,FL,65.1,719.0,1
14500.0,29000.0,23.8,7 years,C, 36 months,debt_consolidation,RENT,MS,72.3,674.0,0
12000.0,45000.0,34.61,1 year,C, 36 months,debt_consolidation,OWN,AR,39.4,684.0,0
9000.0,55000.0,5.56,3 years,B, 36 months,debt_consolidation,RENT,TX,33.2,729.0,0
24000.0,134118.0,16.52,10+ years,B, 60 months,debt_consolidation,MORTGAGE,KY,60.1,699.0,0
10000.0,58000.0,31.06,4 years,B, 36 months,debt_consolidation,MORTGAGE,IN,69.0,664.0,0
25925.0,55000.0,13.64,2 years,C, 36 months,credit_card,MORTGAGE,WI,83.7,714.0,0
15625.0,35520.0,16.72,10+ years,B, 36 months,debt_consolidation,RENT,CA,30.0,674.0,0
18000.0,80000.0,25.22,10+ years,C, 60 months,debt_consolidation,MORTGAGE,FL,38.0,749.0,0
3500.0,52300.0,24.8,6 years,C, 36 months,debt_consolidation,RENT,CO,29.5,669.0,0
18000.0,123000.0,0.56,2 years,A, 36 months,credit_card,MORTGAGE,CA,1.3,824.0,0
3000.0,37000.0,6.62,2 years,B, 36 months,credit_card,RENT,MI,26.4,744.0,0
6400.0,165000.0,18.41,10+ years,B, 36 months,credit_card,MORTGAGE,PA,77.2,664.0,0
20000.0,140000.0,11.93,< 1 year,A, 36 months,home_improvement,MORTGAGE,GA,29.5,729.0,0
18325.0,77000.0,22.73,2 years,A, 36 months,credit_card,MORTGAGE,TX,3.7,799.0,0
6925.0,46500.0,19.59,2 years,C, 36 months,home_improvement,MORTGAGE,TX,17.0,664.0,0
11000.0,32000.0,19.54,10+ years,A, 36 months,credit_card,MORTGAGE,TX,33.8,739.0,0
28000.0,107000.0,27.75,7 years,B, 60 months,credit_card,MORTGAGE,IL,61.2,689.0,0
20000.0,55000.0,24.92,5 years,C, 60 months,debt_consolidation,OWN,LA,70.4,669.0,0
18000.0,95220.0,5.61,10+ years,A, 36 months,debt_consolidation,RENT,MA,38.3,749.0,0
30000.0,106800.0,29.7,2 years,C, 36 months,debt_consolidation,MORTGAGE,FL,60.8,694.0,0
21000.0,75000.0,24.42,10+ years,B, 36 months,debt_consolidation,MORTGAGE,MI,63.2,679.0,0
15000.0,160000.0,17.78,8 years,C, 36 months,major_purchase,RENT,CA,31.3,689.0,1
35000.0,100000.0,10.31,3 years,D, 60 months,credit_card,MORTGAGE,OK,85.8,669.0,0
28000.0,180000.0,9.55,10+ years,D, 36 months,home_improvement,OWN,IL,9.2,709.0,0
24000.0,96500.0,19.36,10+ years,B, 60 months,credit_card,RENT,MD,64.5,674.0,0
12850.0,44720.0,13.63,6 years,C, 36 months,debt_consolidation,RENT,IL,78.8,719.0,0
18000.0,40000.0,21.96,< 1 year,B, 60 months,credit_card,RENT,FL,80.0,684.0,0
5000.0,36000.0,22.13,5 years,B, 36 months,debt_consolidation,MORTGAGE,NJ,40.6,719.0,0
28000.0,56000.0,6.45,< 1 year,D, 36 months,major_purchase,MORTGAGE,NY,36.0,734.0,0
25000.0,95000.0,21.28,10+ years,B, 36 months,debt_consolidation,MORTGAGE,NY,19.4,724.0,0
15000.0,74000.0,24.49,4 years,A, 36 months,debt_consolidation,MORTGAGE,MI,12.6,779.0,0
3350.0,42000.0,18.14,10+ years,C, 36 months,credit_card,RENT,AZ,72.8,674.0,0
12900.0,38000.0,16.2,8 years,E, 60 months,major_purchase,RENT,MA,77.7,674.0,0
7000.0,65000.0,8.73,7 years,C, 36 months,debt_consolidation,RENT,FL,15.6,684.0,0
10000.0,95000.0,1.69,4 years,A, 36 months,debt_consolidation,RENT,MA,3.8,774.0,0
10000.0,40000.0,26.85,10+ years,B, 36 months,credit_card,RENT,VA,71.2,704.0,0
9600.0,54000.0,17.29,10+ years,B, 36 months,debt_consolidation,MORTGAGE,IL,34.7,679.0,0
12000.0,31000.0,31.44,2 years,C, 36 months,credit_card,RENT,GA,40.1,699.0,1
10000.0,61440.0,14.43,9 years,C, 36 months,debt_consolidation,RENT,CA,18.6,704.0,0
20000.0,80000.0,39.21,10+ years,C, 60 months,debt_consolidation,RENT,MN,67.3,684.0,0
20000.0,120000.0,16.55,10+ years,A, 36 months,debt_consolidation,MORTGAGE,FL,25.0,779.0,0
16000.0,160000.0,16.53,10+ years,B, 36 months,home_improvement,OWN,CA,72.3,719.0,0
2000.0,36090.0,19.29,8 years,C, 36 months,credit_card,MORTGAGE,GA,40.7,694.0,0
32000.0,129000.0,8.7,< 1 year,C, 36 months,debt_consolidation,MORTGAGE,TX,50.6,679.0,0
6000.0,68000.0,16.04,6 years,A, 36 months,home_improvement,MORTGAGE,MI,85.9,689.0,0
20000.0,85000.0,19.65,8 years,A, 36 months,debt_consolidation,MORTGAGE,CT,19.9,784.0,1
8975.0,40000.0,19.62,8 years,C, 36 months,debt_consolidation,OWN,FL,17.1,664.0,0
3500.0,84000.0,27.49,8 years,B, 36 months,medical,MORTGAGE,AL,71.3,694.0,0
10075.0,28000.0,6.26,3 years,D, 36 months,debt_consolidation,MORTGAGE,SC,65.5,669.0,0
10000.0,38400.0,37.07,9 years,C, 36 months,debt_consolidation,RENT,NJ,57.0,689.0,0
8000.0,40000.0,9.78,10+ years,B, 36 months,credit_card,MORTGAGE,AZ,25.4,674.0,0
9000.0,30000.0,28.24,1 year,D, 36 months,debt_consolidation,MORTGAGE,TX,62.0,664.0,1
16000.0,52000.0,27.07,10+ years,C, 60 months,car,OWN,OH,73.1,674.0,1
20000.0,110000.0,15.8,5 years,A, 36 months,debt_consolidation,RENT,CA,71.3,684.0,0
6000.0,75000.0,25.34,4 years,A, 36 months,debt_consolidation,RENT,TX,24.5,749.0,0
25050.0,68000.0,18.94,5 years,B, 60 months,credit_card,OWN,OH,46.1,699.0,0
5000.0,14000.0,5.57,< 1 year,C, 36 months,moving,RENT,FL,4.3,764.0,0
3000.0,110000.0,10.52,10+ years,B, 36 months,debt_consolidation,RENT,CO,62.3,674.0,1
35000.0,137000.0,15.22,9 years,E, 60 months,debt_consolidation,RENT,OR,59.6,709.0,0
12000.0,39000.0,18.58,< 1 year,B, 36 months,credit_card,OWN,CO,19.4,674.0,0
6000.0,26525.0,25.97,< 1 year,C, 36 months,other,RENT,NH,64.7,669.0,0
16000.0,64000.0,12.54,10+ years,B, 36 months,debt_consolidation,RENT,NY,51.5,684.0,0
30000.0,160630.0,19.87,10+ years,A, 36 months,credit_card,MORTGAGE,IL,62.1,739.0,0
8000.0,50000.0,22.52,2 years,C, 36 months,debt_consolidation,OWN,LA,64.2,684.0,1
25950.0,59000.0,29.54,10+ years,E, 60 months,debt_consolidation,MORTGAGE,PA,30.2,694.0,1
12000.0,55000.0,22.43,1 year,C, 36 months,moving,RENT,IN,77.4,669.0,1
10000.0,90000.0,20.87,9 years,A, 36 months,debt_consolidation,MORTGAGE,IL,76.8,689.0,1
5000.0,80000.0,13.07,10+ years,B, 36 months,debt_consolidation,MORTGAGE,FL,51.0,684.0,0
10000.0,40000.0,26.76,2 years,C, 60 months,debt_consolidation,RENT,PA,30.9,724.0,0
25000.0,110000.0,15.24,3 years,B, 60 months,credit_card,MORTGAGE,GA,48.2,704.0,0
20000.0,72000.0,24.1,2 years,C, 60 months,debt_consolidation,OWN,VA,85.0,694.0,0
30000.0,140000.0,12.42,10+ years,D, 36 months,debt_consolidation,MORTGAGE,PA,63.4,674.0,0
20000.0,162463.0,15.56,10+ years,A, 36 months,credit_card,MORTGAGE,IL,35.7,799.0,0
7200.0,75700.0,17.07,1 year,A, 36 months,debt_consolidation,RENT,GA,60.7,694.0,0
35000.0,150000.0,25.54,10+ years,B, 60 months,debt_consolidation,MORTGAGE,CT,73.0,694.0,0
16000.0,95000.0,24.22,2 years,A, 36 months,credit_card,OWN,TX,25.3,694.0,0
10000.0,115000.0,7.52,10+ years,A, 36 months,credit_card,MORTGAGE,MD,45.7,759.0,0
15000.0,60000.0,18.0,10+ years,B, 36 months,credit_card,MORTGAGE,MI,61.0,699.0,0
24000.0,60000.0,28.82,6 years,B, 36 months,debt_consolidation,RENT,WI,87.0,689.0,0
13675.0,38000.0,12.76,10+ years,E, 60 months,debt_consolidation,RENT,NJ,94.0,669.0,0
17275.0,60000.0,30.64,10+ years,D, 60 months,debt_consolidation,MORTGAGE,WI,58.9,664.0,0
16000.0,105000.0,23.82,< 1 year,B, 60 months,credit_card,RENT,VA,81.0,684.0,0
6000.0,120000.0,25.6,< 1 year,B, 36 months,debt_consolidation,RENT,TX,64.8,699.0,0
13000.0,135000.0,21.22,10+ years,A, 36 months,credit_card,MORTGAGE,NY,16.5,804.0,0
35000.0,83088.0,9.59,10+ years,B, 60 months,home_improvement,MORTGAGE,KY,12.4,819.0,0
28500.0,75000.0,18.51,< 1 year,E, 36 months,debt_consolidation,MORTGAGE,AZ,91.5,664.0,0
29500.0,131000.0,24.07,10+ years,A, 36 months,credit_card,MORTGAGE,PA,55.5,719.0,0
10000.0,90000.0,24.96,5 years,B, 36 months,home_improvement,MORTGAGE,CA,89.0,664.0,0
28000.0,70000.0,21.19,6 years,B, 60 months,credit_card,RENT,CA,77.4,704.0,0
12000.0,95000.0,16.52,8 years,A, 36 months,debt_consolidation,RENT,UT,72.6,679.0,0
12000.0,33000.0,21.71,10+ years,C, 60 months,debt_consolidation,OWN,IN,91.6,669.0,0
6000.0,150000.0,16.26,5 years,A, 36 months,debt_consolidation,MORTGAGE,FL,57.7,669.0,0
10875.0,53000.0,6.82,7 years,C, 36 months,debt_consolidation,RENT,TN,71.6,669.0,0
21275.0,210000.0,3.35,2 years,E, 60 months,house,RENT,MD,0.0,699.0,0
10000.0,70000.0,20.28,9 years,B, 36 months,debt_consolidation,MORTGAGE,OR,52.2,664.0,0
23925.0,130000.0,8.47,8 years,F, 60 months,debt_consolidation,MORTGAGE,AL,77.0,669.0,0
7000.0,75000.0,11.39,6 years,C, 36 months,other,RENT,NY,30.1,689.0,0
25000.0,110000.0,11.48,10+ years,C, 36 months,debt_consolidation,MORTGAGE,MS,46.3,679.0,0
5000.0,65000.0,20.31,10+ years,B, 36 months,other,RENT,NC,94.7,719.0,0
10000.0,36000.0,18.67,3 years,B, 36 months,credit_card,RENT,OH,67.8,664.0,1
13000.0,94262.0,15.07,10+ years,A, 36 months,credit_card,OWN,CO,69.0,729.0,0
32200.0,240000.0,20.25,4 years,A, 36 months,debt_consolidation,MORTGAGE,CA,50.5,729.0,0
1000.0,62000.0,29.89,10+ years,C, 36 months,medical,MORTGAGE,IN,80.6,679.0,1
30000.0,92100.0,29.33,10+ years,E, 60 months,debt_consolidation,MORTGAGE,GA,37.6,669.0,0
12000.0,43000.0,23.75,1 year,D, 60 months,debt_consolidation,MORTGAGE,TX,34.4,684.0,0
31350.0,980000.0,2.79,10+ years,B, 36 months,debt_consolidation,MORTGAGE,VA,89.8,684.0,0
7225.0,72000.0,23.7,10+ years,C, 36 months,debt_consolidation,MORTGAGE,MA,72.9,669.0,1
1200.0,44000.0,12.63,7 years,C, 36 months,other,MORTGAGE,AZ,58.0,669.0,0
12000.0,105000.0,8.06,4 years,A, 36 months,home_improvement,MORTGAGE,WI,9.2,804.0,0
12000.0,80000.0,9.38,7 years,A, 36 months,credit_card,RENT,FL,62.6,679.0,0
7200.0,84000.0,25.46,10+ years,B, 36 months,credit_card,RENT,PA,86.1,669.0,0
8100.0,60000.0,11.57,3 years,A, 36 months,credit_card,RENT,CA,22.3,754.0,0
35000.0,116000.0,9.1,7 years,B, 36 months,home_improvement,MORTGAGE,IN,33.0,729.0,0
15000.0,55000.0,23.85,< 1 year,D, 60 months,debt_consolidation,RENT,PA,48.6,689.0,0
8500.0,70000.0,21.49,9 years,C, 36 months,debt_consolidation,RENT,CA,32.2,689.0,1
25000.0,107000.0,5.7,3 years,A, 60 months,home_improvement,MORTGAGE,NY,15.0,814.0,0
35000.0,218000.0,13.14,4 years,C, 36 months,credit_card,MORTGAGE,GA,99.4,699.0,0
23000.0,74000.0,10.62,10+ years,B, 60 months,credit_card,MORTGAGE,NY,53.6,709.0,0
17900.0,44800.0,34.64,9 years,F, 60 months,debt_consolidation,RENT,MN,71.7,674.0,1
16200.0,90000.0,10.0,10+ years,C, 36 months,debt_consolidation,MORTGAGE,CA,57.8,669.0,0
12000.0,62000.0,10.82,3 years,A, 36 months,credit_card,MORTGAGE,FL,64.2,714.0,0
14000.0,90000.0,28.8,8 years,C, 60 months,debt_consolidation,RENT,CT,21.7,699.0,0
18000.0,55000.0,32.01,9 years,A, 36 months,debt_consolidation,OWN,OH,89.7,734.0,0
25000.0,70200.0,28.46,2 years,F, 60 months,debt_consolidation,RENT,FL,53.1,704.0,1
10000.0,80000.0,17.72,10+ years,C, 36 months,debt_consolidation,MORTGAGE,MD,45.1,694.0,0
18000.0,45000.0,1.07,< 1 year,E, 36 months,medical,RENT,CO,3.0,754.0,1
25000.0,70000.0,19.02,3 years,D, 36 months,debt_consolidation,OWN,NY,74.2,669.0,0
10000.0,58000.0,26.88,6 years,B, 36 months,debt_consolidation,RENT,TX,52.7,669.0,0
10200.0,50000.0,31.93,10+ years,C, 36 months,debt_consolidation,MORTGAGE,PA,75.8,674.0,0
9600.0,62400.0,6.18,< 1 year,B, 36 months,debt_consolidation,RENT,NJ,53.9,674.0,0
20000.0,58000.0,14.34,10+ years,A, 36 months,other,OWN,MA,14.3,829.0,0
14400.0,69700.0,4.65,10+ years,B, 36 months,debt_consolidation,MORTGAGE,PA,100.0,674.0,0
14000.0,80000.0,29.18,9 years,C, 36 months,small_business,MORTGAGE,MA,33.7,669.0,0
32000.0,120000.0,27.7,< 1 year,B, 36 months,credit_card,MORTGAGE,NJ,70.0,709.0,1
20000.0,240000.0,17.66,< 1 year,A, 36 months,credit_card,MORTGAGE,MD,77.3,689.0,0
22000.0,62000.0,11.15,< 1 year,C, 36 months,moving,RENT,MD,20.6,704.0,0
13000.0,45000.0,4.43,7 years,C, 36 months,debt_consolidation,RENT,NY,95.3,664.0,0
20000.0,95000.0,2.05,10+ years,A, 36 months,debt_consolidation,RENT,MN,15.2,774.0,0
10275.0,60000.0,8.58,7 years,E, 60 months,debt_consolidation,RENT,CT,89.1,674.0,0
28000.0,94000.0,5.35,10+ years,A, 36 months,debt_consolidation,MORTGAGE,CA,19.8,759.0,0
16000.0,72000.0,18.75,5 years,D, 36 months,home_improvement,MORTGAGE,FL,44.5,664.0,1
10000.0,39000.0,20.65,3 years,B, 36 months,debt_consolidation,MORTGAGE,NC,23.7,669.0,0
10000.0,80000.0,7.38,5 years,B, 36 months,credit_card,MORTGAGE,NY,28.3,709.0,1
26500.0,74000.0,24.08,4 years,B, 60 months,credit_card,MORTGAGE,PA,87.0,699.0,0
15950.0,38000.0,34.52,1 year,D, 60 months,credit_card,RENT,SD,93.3,674.0,0
20000.0,95000.0,9.49,10+ years,A, 36 months,other,OWN,NY,30.3,724.0,0
15500.0,48000.0,16.1,< 1 year,B, 60 months,credit_card,MORTGAGE,OH,89.5,744.0,0
26000.0,52000.0,38.92,10+ years,C, 36 months,debt_consolidation,RENT,NV,41.2,734.0,0
6000.0,63000.0,33.56,4 years,B, 36 months,home_improvement,OWN,GA,36.5,669.0,1
26500.0,112197.0,12.24,10+ years,A, 36 months,debt_consolidation,OWN,TX,37.9,754.0,0
10000.0,45000.0,15.87,8 years,D, 60 months,credit_card,RENT,OH,75.7,669.0,1
12000.0,79700.0,13.13,5 years,D, 36 months,medical,RENT,IL,8.6,669.0,0
15000.0,80000.0,8.18,10+ years,B, 36 months,credit_card,MORTGAGE,IL,89.7,699.0,0
24000.0,100000.0,22.9,7 years,C, 36 months,debt_consolidation,RENT,TX,100.5,664.0,0
16000.0,55000.0,19.75,10+ years,C, 36 months,debt_consolidation,RENT,CA,68.3,664.0,0
5000.0,41750.0,20.58,10+ years,C, 36 months,debt_consolidation,RENT,WA,92.0,664.0,0
17000.0,105000.0,26.59,3 years,A, 36 months,debt_consolidation,OWN,PA,35.9,699.0,0
23200.0,140000.0,15.25,10+ years,C, 60 months,credit_card,MORTGAGE,NJ,53.5,694.0,0
6500.0,50000.0,21.96,3 years,A, 36 months,debt_consolidation,MORTGAGE,MO,53.1,684.0,0
14000.0,56000.0,13.31,6 years,B, 36 months,credit_card,RENT,MA,34.9,704.0,0
5000.0,45000.0,4.16,1 year,B, 36 months,debt_consolidation,MORTGAGE,IL,65.1,719.0,0
4000.0,44000.0,16.01,5 years,C, 36 months,debt_consolidation,RENT,CA,61.3,674.0,0
2000.0,95000.0,16.86,9 years,B, 36 months,home_improvement,RENT,CA,78.0,674.0,0
15000.0,75000.0,20.99,5 years,C, 60 months,credit_card,OWN,SC,102.3,684.0,0
5000.0,108000.0,16.36,< 1 year,A, 36 months,credit_card,RENT,CA,48.7,694.0,0
21000.0,50000.0,24.17,10+ years,D, 36 months,credit_card,RENT,CA,78.7,709.0,0
27000.0,125000.0,14.88,5 years,E, 60 months,home_improvement,MORTGAGE,WI,30.3,664.0,0
2500.0,52000.0,17.29,6 years,A, 36 months,debt_consolidation,MORTGAGE,NV,9.1,724.0,0
12000.0,56000.0,17.77,6 years,E, 60 months,debt_consolidation,RENT,MD,28.0,674.0,1
22000.0,57700.0,20.26,10+ years,A, 60 months,debt_consolidation,RENT,TN,29.1,779.0,0
6500.0,95500.0,21.65,3 years,B, 36 months,credit_card,MORTGAGE,IL,26.2,694.0,0
28000.0,125000.0,16.95,8 years,B, 60 months,debt_consolidation,MORTGAGE,MT,36.1,759.0,1
24000.0,75000.0,19.07,10+ years,D, 36 months,credit_card,MORTGAGE,AL,100.9,664.0,0
9000.0,103000.0,24.23,10+ years,C, 36 months,credit_card,RENT,CA,29.9,734.0,0
35000.0,97000.0,12.3,2 years,F, 60 months,debt_consolidation,MORTGAGE,CO,44.9,684.0,0
10200.0,33280.0,18.93,2 years,E, 60 months,credit_card,RENT,AZ,82.7,669.0,1
3000.0,52000.0,17.03,5 years,A, 36 months,major_purchase,OWN,TX,24.4,744.0,0
24000.0,75600.0,29.03,10+ years,C, 36 months,debt_consolidation,RENT,TX,79.1,669.0,1
12000.0,150000.0,9.35,10+ years,A, 36 months,home_improvement,MORTGAGE,CA,17.2,779.0,0
12000.0,120000.0,20.55,8 years,A, 36 months,debt_consolidation,RENT,MA,46.2,694.0,1
35000.0,121337.0,17.03,10+ years,A, 36 months,credit_card,OWN,CA,34.1,744.0,0
35000.0,126959.52,26.21,10+ years,E, 60 months,home_improvement,MORTGAGE,AZ,65.0,664.0,0
5000.0,32000.0,5.74,3 years,C, 36 months,home_improvement,OWN,CA,83.0,664.0,0
6000.0,40000.0,15.66,5 years,C, 36 months,other,RENT,CA,69.7,674.0,0
2500.0,50668.0,27.69,10+ years,A, 36 months,home_improvement,OWN,NJ,20.7,774.0,0
18000.0,85000.0,25.82,7 years,D, 60 months,debt_consolidation,MORTGAGE,MS,60.2,694.0,1
21600.0,115000.0,20.17,3 years,B, 60 months,debt_consolidation,MORTGAGE,MO,84.9,719.0,0
8400.0,30000.0,22.68,10+ years,C, 36 months,debt_consolidation,RENT,OH,64.8,679.0,0
15000.0,50841.0,19.92,2 years,B, 36 months,debt_consolidation,MORTGAGE,IL,64.9,664.0,0
12000.0,60000.0,13.64,4 years,B, 60 months,credit_card,OWN,MN,35.5,779.0,0
14500.0,76000.0,13.96,< 1 year,B, 36 months,credit_card,MORTGAGE,MN,88.6,674.0,0
19200.0,66000.0,19.53,10+ years,B, 36 months,credit_card,MORTGAGE,LA,69.2,669.0,1
35000.0,173500.0,25.71,5 years,C, 60 months,debt_consolidation,RENT,NJ,8.7,754.0,0
10000.0,75000.0,14.42,2 years,B, 36 months,credit_card,OWN,TX,30.1,699.0,0
15000.0,91000.0,19.08,10+ years,A, 36 months,credit_card,RENT,CA,38.9,694.0,0
35000.0,165000.0,17.67,< 1 year,E, 60 months,debt_consolidation,MORTGAGE,MA,70.6,694.0,0
32600.0,72497.0,27.41,6 years,D, 60 months,debt_consolidation,MORTGAGE,FL,87.0,684.0,1
9525.0,190000.0,3.91,10+ years,D, 36 months,other,MORTGAGE,PA,26.2,674.0,0
18550.0,105000.0,24.77,3 years,B, 36 months,credit_card,MORTGAGE,CO,49.9,669.0,1
11500.0,44000.0,31.04,2 years,D, 60 months,debt_consolidation,OWN,SC,26.9,694.0,0
17000.0,105000.0,9.02,3 years,A, 36 months,debt_consolidation,OWN,MI,55.3,699.0,0
35000.0,135000.0,13.41,10+ years,C, 60 months,home_improvement,MORTGAGE,GA,57.2,724.0,0
24000.0,57000.0,29.24,10+ years,D, 60 months,credit_card,RENT,DE,55.5,689.0,0
12000.0,84000.0,18.54,10+ years,E, 36 months,house,RENT,IL,39.4,679.0,0
28000.0,150000.0,2.75,2 years,A, 36 months,debt_consolidation,RENT,OH,32.6,704.0,0
23600.0,74000.0,7.85,8 years,C, 60 months,credit_card,MORTGAGE,MD,54.6,714.0,0
6025.0,88000.0,24.45,3 years,C, 36 months,debt_consolidation,RENT,MA,32.4,724.0,0
20000.0,55000.0,21.36,8 years,A, 36 months,credit_card,MORTGAGE,OH,58.2,684.0,0
35000.0,188000.0,10.72,3 years,A, 36 months,credit_card,OWN,TX,33.9,699.0,0
18000.0,58760.0,20.98,10+ years,C, 60 months,credit_card,MORTGAGE,IN,46.5,674.0,0
21100.0,48000.0,33.25,3 years,D, 60 months,debt_consolidation,RENT,PA,49.5,714.0,1
4750.0,33000.0,6.0,3 years,C, 36 months,debt_consolidation,RENT,CA,17.0,674.0,1
22000.0,117000.0,15.42,10+ years,D, 60 months,house,MORTGAGE,MD,15.7,739.0,0
12000.0,62641.0,11.44,10+ years,C, 60 months,debt_consolidation,MORTGAGE,ME,65.6,664.0,0
15000.0,60000.0,11.5,8 years,A, 60 months,debt_consolidation,RENT,NC,34.0,684.0,0
22000.0,154000.0,7.68,4 years,A, 36 months,credit_card,MORTGAGE,NY,36.7,794.0,0
16000.0,61000.0,28.98,10+ years,D, 60 months,debt_consolidation,MORTGAGE,ME,97.4,724.0,0
10000.0,47000.0,21.2,1 year,D, 36 months,debt_consolidation,RENT,NY,45.7,684.0,0
8000.0,49216.0,31.26,< 1 year,C, 36 months,credit_card,RENT,NC,81.5,674.0,1
25075.0,85500.0,12.02,4 years,D, 36 months,debt_consolidation,OWN,NC,60.0,674.0,0
6000.0,50000.0,15.39,2 years,A, 36 months,credit_card,RENT,MA,69.9,679.0,0
14000.0,115000.0,14.25,10+ years,A, 36 months,credit_card,MORTGAGE,CA,38.8,699.0,0
20000.0,175000.0,3.45,10+ years,C, 36 months,small_business,MORTGAGE,NY,46.6,744.0,0
1550.0,47000.0,7.35,10+ years,C, 36 months,vacation,RENT,IL,57.6,669.0,0
3600.0,28000.0,20.57,10+ years,B, 36 months,credit_card,RENT,IL,12.7,734.0,0
25000.0,118000.0,16.57,5 years,A, 36 months,debt_consolidation,MORTGAGE,IL,63.1,694.0,0
20000.0,120000.0,20.26,8 years,D, 60 months,debt_consolidation,MORTGAGE,NC,42.7,684.0,0
15000.0,42000.0,19.34,6 years,B, 36 months,debt_consolidation,MORTGAGE,CT,48.0,719.0,0
12000.0,35000.0,21.43,10+ years,B, 36 months,debt_consolidation,RENT,AR,28.4,689.0,0
13400.0,47000.0,12.59,10+ years,E, 60 months,debt_consolidation,RENT,NY,48.0,674.0,1
27000.0,54000.0,26.29,5 years,D, 60 months,debt_consolidation,MORTGAGE,AR,67.2,704.0,0
5000.0,52000.0,15.09,7 years,D, 36 months,debt_consolidation,MORTGAGE,CA,12.7,674.0,0
24925.0,65000.0,32.72,10+ years,F, 60 months,home_improvement,MORTGAGE,GA,23.2,664.0,1
5000.0,57000.0,29.22,8 years,C, 36 months,other,OWN,MD,66.2,694.0,0
18500.0,64418.0,21.14,3 years,C, 60 months,debt_consolidation,OWN,IL,77.1,714.0,0
21675.0,90000.0,27.19,10+ years,F, 60 months,debt_consolidation,RENT,MD,63.3,669.0,1
15000.0,114000.0,5.4,10+ years,D, 36 months,other,RENT,WA,75.2,744.0,1
21000.0,69500.0,17.28,4 years,C, 60 months,debt_consolidation,RENT,TX,84.1,684.0,0
13600.0,77500.0,22.81,3 years,D, 60 months,credit_card,RENT,MD,61.7,729.0,1
7200.0,69000.0,19.06,10+ years,A, 36 months,other,MORTGAGE,OK,29.4,724.0,0
6000.0,42000.0,5.92,10+ years,B, 36 months,debt_consolidation,RENT,NJ,21.8,664.0,0
12000.0,75000.0,5.86,< 1 year,D, 36 months,debt_consolidation,MORTGAGE,MO,52.6,664.0,0
19500.0,65000.0,7.33,7 years,D, 60 months,other,RENT,NY,34.6,704.0,0
5000.0,29000.0,6.89,2 years,B, 36 months,debt_consolidation,RENT,PA,38.1,709.0,0
14000.0,40060.8,17.26,2 years,C, 36 months,debt_consolidation,MORTGAGE,CO,31.5,689.0,0
15000.0,85000.0,31.59,6 years,A, 36 months,credit_card,OWN,FL,31.3,699.0,0
10500.0,40000.0,20.91,10+ years,C, 60 months,debt_consolidation,MORTGAGE,FL,27.1,684.0,0
17500.0,50000.0,19.3,10+ years,C, 36 months,credit_card,OWN,MI,94.8,679.0,1
20000.0,139048.0,5.76,10+ years,A, 36 months,debt_consolidation,RENT,NJ,38.3,684.0,0
18350.0,45000.0,10.56,10+ years,E, 60 months,debt_consolidation,OWN,MN,27.9,674.0,0
16450.0,83739.0,22.21,10+ years,A, 36 months,debt_consolidation,RENT,CA,36.4,739.0,0
26400.0,72000.0,26.6,2 years,B, 60 months,debt_consolidation,RENT,CO,17.5,764.0,0
12700.0,82000.0,17.17,7 years,D, 36 months,small_business,RENT,CA,41.8,664.0,0
25000.0,180000.0,14.93,10+ years,C, 36 months,home_improvement,MORTGAGE,CA,32.2,734.0,1
35000.0,80000.0,34.16,10+ years,D, 36 months,debt_consolidation,MORTGAGE,CT,45.2,689.0,0
28000.0,100000.0,19.51,< 1 year,A, 36 months,debt_consolidation,MORTGAGE,UT,31.1,739.0,0
9350.0,26000.0,29.78,10+ years,C, 36 months,credit_card,MORTGAGE,MO,97.7,704.0,0
10400.0,30000.0,22.44,6 years,D, 60 months,debt_consolidation,MORTGAGE,FL,64.9,689.0,0
10000.0,35000.0,22.36,< 1 year,C, 36 months,debt_consolidation,RENT,WA,97.0,664.0,0
8500.0,63000.0,8.48,4 years,C, 36 months,other,MORTGAGE,PA,60.8,669.0,0
35000.0,90000.0,20.65,4 years,E, 60 months,credit_card,MORTGAGE,TN,21.3,669.0,0
7000.0,76000.0,24.29,2 years,C, 36 months,medical,MORTGAGE,PA,63.7,689.0,0
8400.0,30000.0,13.2,1 year,D, 36 months,debt_consolidation,RENT,PA,82.4,674.0,1
24000.0,130000.0,10.57,< 1 year,A, 36 months,debt_consolidation,MORTGAGE,WI,56.8,724.0,0
13000.0,80000.0,10.73,10+ years,B, 36 months,debt_consolidation,RENT,MA,47.3,694.0,0
24000.0,53000.0,30.8,8 years,B, 60 months,credit_card,MORTGAGE,MO,19.7,734.0,0
19000.0,58000.0,30.02,< 1 year,D, 60 months,credit_card,RENT,NM,83.8,684.0,1
35000.0,120000.0,24.92,4 years,B, 36 months,credit_card,RENT,NC,52.2,754.0,0
3300.0,42000.0,4.83,7 years,B, 36 months,debt_consolidation,OWN,TN,45.6,714.0,0
19500.0,90000.0,16.37,1 year,C, 60 months,medical,RENT,MD,40.9,709.0,0
35000.0,100000.0,26.47,< 1 year,C, 60 months,credit_card,MORTGAGE,AZ,43.4,694.0,0
19200.0,60000.0,28.54,3 years,E, 36 months,debt_consolidation,MORTGAGE,CA,65.0,669.0,0
18375.0,61000.0,18.24,6 years,D, 60 months,debt_consolidation,MORTGAGE,MI,61.6,689.0,1
16000.0,120000.0,19.06,10+ years,C, 36 months,debt_consolidation,MORTGAGE,NJ,58.5,664.0,1
27600.0,60000.0,18.72,10+ years,C, 36 months,credit_card,RENT,PA,65.3,699.0,0
8000.0,65000.0,12.0,10+ years,B, 36 months,credit_card,MORTGAGE,MD,42.2,669.0,0
18000.0,46000.0,30.45,6 years,C, 60 months,debt_consolidation,RENT,MD,48.6,709.0,0
10000.0,95000.0,14.92,10+ years,C, 60 months,credit_card,MORTGAGE,KS,35.7,744.0,0
16500.0,37500.0,6.04,5 years,C, 60 months,credit_card,MORTGAGE,KY,36.9,699.0,0
30000.0,191000.0,13.31,7 years,C, 60 months,home_improvement,MORTGAGE,CA,38.5,724.0,0
11200.0,45000.0,26.67,10+ years,C, 60 months,credit_card,RENT,CA,57.4,674.0,0
18000.0,78000.0,25.83,< 1 year,C, 36 months,debt_consolidation,MORTGAGE,OH,28.6,684.0,0
21000.0,72000.0,24.58,10+ years,E, 60 months,debt_consolidation,MORTGAGE,SC,86.1,679.0,0
35000.0,78000.0,8.46,6 years,C, 36 months,credit_card,OWN,PA,43.9,674.0,0
18000.0,100000.0,7.69,< 1 year,B, 60 months,credit_card,RENT,MI,64.2,689.0,0
6000.0,17500.0,35.73,3 years,C, 36 months,debt_consolidation,OWN,TX,21.7,749.0,0
17000.0,58000.0,31.53,10+ years,C, 36 months,home_improvement,MORTGAGE,TX,31.9,759.0,0
10000.0,65000.0,9.27,< 1 year,B, 36 months,debt_consolidation,RENT,CA,47.5,694.0,0
17000.0,58000.0,22.08,< 1 year,C, 60 months,debt_consolidation,RENT,TX,78.3,679.0,0
18000.0,45000.0,34.75,1 year,C, 60 months,credit_card,RENT,CA,43.2,719.0,0
10000.0,85000.0,29.46,10+ years,B, 36 months,debt_consolidation,MORTGAGE,LA,40.3,669.0,0
10250.0,32000.0,29.78,10+ years,E, 60 months,debt_consolidation,MORTGAGE,AR,83.2,694.0,1
25000.0,60000.0,12.77,9 years,A, 36 months,credit_card,MORTGAGE,MO,38.2,709.0,0
34850.0,87400.0,19.42,7 years,E, 60 months,debt_consolidation,RENT,CA,71.3,684.0,0
25000.0,78000.0,28.8,7 years,C, 60 months,debt_consolidation,RENT,TX,15.9,764.0,1
14875.0,103000.0,20.17,10+ years,D, 36 months,small_business,OWN,FL,43.6,674.0,0
9750.0,64000.0,15.13,7 years,C, 36 months,major_purchase,MORTGAGE,OR,97.3,664.0,0
35000.0,158000.0,9.8,< 1 year,D, 36 months,debt_consolidation,RENT,NJ,47.9,664.0,0
12000.0,56011.09,11.31,10+ years,E, 60 months,home_improvement,MORTGAGE,TN,70.5,694.0,0
30000.0,102300.0,27.58,8 years,C, 36 months,debt_consolidation,MORTGAGE,CA,84.9,689.0,0
18000.0,75000.0,12.29,3 years,A, 36 months,credit_card,OWN,NH,64.6,704.0,0
5000.0,42000.0,9.54,2 years,B, 36 months,debt_consolidation,MORTGAGE,TX,17.3,709.0,0
7000.0,70000.0,14.76,10+ years,C, 36 months,debt_consolidation,MORTGAGE,NY,61.0,679.0,0
32000.0,110000.0,34.82,5 years,C, 36 months,debt_consolidation,RENT,IL,68.9,684.0,0
16000.0,50000.0,12.24,3 years,A, 36 months,credit_card,RENT,CO,66.8,694.0,0
13000.0,65000.0,20.66,8 years,B, 36 months,credit_card,RENT,NY,29.8,684.0,0
35000.0,200000.0,8.71,10+ years,B, 60 months,debt_consolidation,MORTGAGE,OH,32.3,729.0,0
24000.0,150000.0,11.74,10+ years,B, 60 months,debt_consolidation,RENT,NY,56.3,684.0,0
4375.0,40000.0,11.19,< 1 year,D, 36 months,debt_consolidation,RENT,NE,53.8,679.0,0
8000.0,75000.0,2.86,8 years,D, 36 months,debt_consolidation,RENT,CA,51.9,694.0,0
21600.0,99545.0,32.46,10+ years,C, 60 months,debt_consolidation,MORTGAGE,NY,80.2,674.0,0
14600.0,62500.0,24.55,10+ years,D, 60 months,debt_consolidation,MORTGAGE,SC,20.3,679.0,1
22075.0,60000.0,24.96,8 years,C, 36 months,debt_consolidation,RENT,CA,64.3,694.0,0
7800.0,80000.0,12.18,5 years,B, 36 months,medical,MORTGAGE,TX,42.8,724.0,0
28000.0,138000.0,12.7,10+ years,A, 36 months,credit_card,MORTGAGE,KS,68.0,689.0,0
19275.0,52000.0,34.15,3 years,E, 60 months,debt_consolidation,MORTGAGE,MN,47.7,689.0,0
20550.0,115000.0,20.69,1 year,D, 60 months,debt_consolidation,MORTGAGE,TX,83.3,699.0,0
16000.0,80000.0,13.7,10+ years,A, 36 months,credit_card,MORTGAGE,TN,67.0,719.0,0
2525.0,53000.0,20.67,8 years,C, 36 months,debt_consolidation,MORTGAGE,WA,63.7,699.0,0
2000.0,21000.0,28.12,6 years,D, 36 months,moving,RENT,NJ,102.7,689.0,0
18000.0,95000.0,16.17,5 years,B, 60 months,debt_consolidation,RENT,CO,33.4,754.0,0
6850.0,90679.0,29.1,9 years,D, 36 months,credit_card,RENT,WI,50.0,664.0,1
12000.0,72000.0,22.0,1 year,B, 36 months,debt_consolidation,RENT,FL,52.0,704.0,0
9375.0,23000.0,8.3,6 years,C, 36 months,debt_consolidation,RENT,TX,13.5,674.0,0
12000.0,90000.0,16.28,2 years,A, 36 months,debt_consolidation,MORTGAGE,TN,43.6,739.0,0
15000.0,43500.0,18.15,10+ years,B, 36 months,credit_card,RENT,CT,39.0,689.0,0
20400.0,60000.0,15.14,8 years,C, 60 months,credit_card,MORTGAGE,VA,54.0,684.0,0
12000.0,40000.0,23.22,1 year,B, 36 months,credit_card,OWN,NC,57.5,714.0,0
12000.0,90000.0,23.91,10+ years,C, 60 months,debt_consolidation,MORTGAGE,MD,74.0,674.0,0
11000.0,70000.0,22.12,10+ years,A, 36 months,credit_card,MORTGAGE,KY,70.3,684.0,0
10000.0,60000.0,12.98,10+ years,A, 36 months,credit_card,MORTGAGE,AK,26.4,774.0,0
20000.0,115000.0,11.52,9 years,C, 60 months,debt_consolidation,MORTGAGE,PA,35.7,699.0,1
11000.0,140000.0,9.27,1 year,B, 36 months,credit_card,MORTGAGE,ME,40.2,674.0,0
5000.0,11500.0,23.82,< 1 year,D, 36 months,debt_consolidation,RENT,VA,26.6,684.0,0
9000.0,51500.0,12.98,3 years,C, 36 months,debt_consolidation,RENT,SC,39.2,669.0,0
9000.0,25000.0,13.35,8 years,D, 36 months,credit_card,RENT,CA,65.8,694.0,0
9000.0,75000.0,34.24,< 1 year,A, 36 months,debt_consolidation,MORTGAGE,CA,68.2,714.0,0
3600.0,48000.0,15.2,3 years,C, 36 months,car,RENT,CA,47.9,679.0,0
24000.0,125000.0,20.45,< 1 year,E, 60 months,other,MORTGAGE,CA,63.3,664.0,0
8000.0,40000.0,19.95,10+ years,B, 36 months,debt_consolidation,RENT,TN,15.4,779.0,0
16000.0,60000.0,25.6,2 years,E, 60 months,debt_consolidation,MORTGAGE,CA,69.1,674.0,1
35000.0,80000.0,22.42,< 1 year,B, 36 months,debt_consolidation,RENT,NY,60.2,699.0,0
11900.0,42500.0,21.5,10+ years,B, 36 months,debt_consolidation,RENT,FL,59.4,664.0,0
18000.0,80000.0,21.23,8 years,B, 60 months,debt_consolidation,RENT,MN,21.4,799.0,0
10400.0,54108.0,18.92,9 years,C, 60 months,credit_card,MORTGAGE,CA,35.6,724.0,0
24000.0,62000.0,14.36,1 year,B, 36 months,credit_card,MORTGAGE,MI,89.6,684.0,0
3000.0,140000.0,10.42,6 years,B, 36 months,debt_consolidation,MORTGAGE,FL,68.3,684.0,0
22500.0,45000.0,27.89,< 1 year,G, 60 months,debt_consolidation,MORTGAGE,TX,49.7,679.0,1
13900.0,40000.0,28.17,< 1 year,A, 36 months,debt_consolidation,RENT,IL,40.6,724.0,0
10000.0,140000.0,27.75,10+ years,B, 36 months,credit_card,MORTGAGE,TX,21.8,729.0,0
21000.0,111000.0,28.98,10+ years,E, 60 months,debt_consolidation,MORTGAGE,AL,101.0,674.0,1
4000.0,20000.0,16.45,3 years,C, 36 months,credit_card,RENT,NY,80.7,709.0,0
30000.0,89000.0,2.56,1 year,D, 60 months,home_improvement,RENT,OR,38.2,729.0,0
11925.0,50000.0,31.73,10+ years,D, 60 months,debt_consolidation,MORTGAGE,MI,23.7,679.0,0
3350.0,40000.0,1.95,10+ years,C, 36 months,debt_consolidation,MORTGAGE,CA,48.0,679.0,0
9600.0,55000.0,6.01,2 years,A, 36 months,debt_consolidation,MORTGAGE,TX,33.5,709.0,0
19325.0,80000.0,22.76,2 years,B, 60 months,credit_card,MORTGAGE,AZ,72.0,719.0,0
28000.0,200000.0,12.86,1 year,C, 60 months,home_improvement,RENT,NV,36.2,674.0,1
14000.0,144000.0,13.93,9 years,B, 60 months,major_purchase,MORTGAGE,CA,48.8,689.0,0
20000.0,53000.0,35.23,5 years,D, 60 months,debt_consolidation,OWN,TX,91.1,679.0,1
24000.0,79000.0,25.71,8 years,B, 36 months,credit_card,RENT,CA,66.1,669.0,0
15000.0,75000.0,12.85,10+ years,C, 36 months,debt_consolidation,MORTGAGE,FL,49.5,684.0,1
6000.0,110000.0,13.2,10+ years,B, 36 months,debt_consolidation,RENT,CA,61.9,679.0,0
7800.0,26000.0,9.65,< 1 year,E, 36 months,other,RENT,NV,35.1,714.0,0
15000.0,72000.0,11.5,2 years,B, 36 months,debt_consolidation,RENT,SC,51.8,669.0,0
12000.0,40000.0,17.55,3 years,B, 36 months,credit_card,MORTGAGE,OH,50.2,709.0,0
20000.0,72704.0,27.52,10+ years,B, 60 months,credit_card,MORTGAGE,LA,54.6,729.0,0
1000.0,72000.0,26.59,1 year,D, 36 months,medical,RENT,CA,58.8,669.0,0
12000.0,42000.0,25.11,2 years,C, 60 months,credit_card,RENT,AL,77.0,684.0,0
5000.0,42000.0,30.0,4 years,D, 36 months,debt_consolidation,MORTGAGE,MO,74.9,669.0,0
17025.0,125000.0,24.45,10+ years,A, 36 months,credit_card,MORTGAGE,TN,47.2,739.0,0
18000.0,75000.0,8.46,5 years,C, 60 months,credit_card,MORTGAGE,TX,45.4,704.0,0
20000.0,62000.0,24.67,1 year,C, 36 months,debt_consolidation,MORTGAGE,PA,87.5,679.0,0
15000.0,72000.0,34.55,3 years,C, 36 months,debt_consolidation,MORTGAGE,TX,89.2,664.0,0
7500.0,75000.0,5.08,9 years,B, 36 months,credit_card,RENT,NY,32.5,674.0,0
5000.0,40000.0,6.96,3 years,B, 36 months,major_purchase,OWN,MI,26.8,674.0,0
19225.0,46000.0,22.38,8 years,C, 36 months,debt_consolidation,MORTGAGE,CO,73.8,684.0,0
6000.0,24000.0,32.85,< 1 year,C, 36 months,credit_card,RENT,CA,64.7,699.0,0
2400.0,65000.0,15.4,10+ years,E, 36 months,small_business,MORTGAGE,OH,60.4,664.0,0
12000.0,103000.0,9.34,3 years,C, 36 months,other,RENT,CA,44.9,689.0,0
6000.0,30500.0,35.62,3 years,B, 36 months,debt_consolidation,RENT,CA,70.0,724.0,0
15000.0,55000.0,27.71,5 years,E, 36 months,debt_consolidation,RENT,TX,61.6,674.0,1
28000.0,95000.0,21.59,9 years,C, 60 months,debt_consolidation,MORTGAGE,RI,74.6,674.0,0
1600.0,43000.0,9.8,10+ years,B, 36 months,credit_card,MORTGAGE,WV,41.4,674.0,0
7500.0,33000.0,32.65,3 years,B, 36 months,credit_card,RENT,NM,55.0,664.0,0
35000.0,150000.0,12.15,10+ years,A, 36 months,credit_card,MORTGAGE,MD,57.3,704.0,0
8300.0,65000.0,22.64,< 1 year,D, 36 months,debt_consolidation,MORTGAGE,CA,77.5,674.0,0
1000.0,35000.0,11.59,10+ years,C, 36 months,major_purchase,RENT,RI,12.4,679.0,0
5500.0,29000.0,19.91,9 years,D, 36 months,other,RENT,AR,55.1,694.0,0
18000.0,58321.0,17.76,10+ years,B, 60 months,credit_card,MORTGAGE,IN,84.2,719.0,0
15000.0,78000.0,25.53,10+ years,B, 36 months,debt_consolidation,MORTGAGE,NY,65.1,674.0,0
4800.0,60000.0,9.5,2 years,C, 36 months,other,MORTGAGE,OH,45.5,709.0,0
12500.0,108987.0,14.36,10+ years,B, 60 months,credit_card,RENT,MD,62.2,684.0,0
21625.0,83000.0,15.14,2 years,D, 60 months,debt_consolidation,RENT,MI,51.6,709.0,1
16800.0,58000.0,15.06,3 years,B, 60 months,debt_consolidation,MORTGAGE,MI,33.4,789.0,0
19200.0,105000.0,6.06,10+ years,A, 36 months,debt_consolidation,MORTGAGE,NJ,28.2,739.0,0
16000.0,90000.0,31.44,< 1 year,D, 36 months,debt_consolidation,RENT,TX,73.9,664.0,0
27000.0,110656.0,15.65,5 years,E, 60 months,credit_card,MORTGAGE,SD,63.3,664.0,0
26000.0,83000.0,11.81,< 1 year,D, 60 months,debt_consolidation,MORTGAGE,CA,95.7,664.0,1
7000.0,45000.0,16.35,7 years,A, 36 months,debt_consolidation,MORTGAGE,MO,33.2,714.0,0
10000.0,80000.0,9.63,2 years,A, 36 months,credit_card,RENT,VA,46.0,724.0,0
10000.0,60000.0,10.46,< 1 year,C, 60 months,debt_consolidation,RENT,NY,87.1,694.0,0
21000.0,150000.0,18.02,10+ years,E, 60 months,debt_consolidation,MORTGAGE,TX,44.2,694.0,1
25875.0,56000.0,23.55,7 years,E, 60 months,credit_card,MORTGAGE,MI,15.2,719.0,0
11000.0,160000.0,7.7,3 years,E, 60 months,debt_consolidation,MORTGAGE,IL,52.6,694.0,0
22000.0,60000.0,10.1,10+ years,A, 36 months,credit_card,MORTGAGE,MO,45.3,749.0,0
1500.0,39600.0,22.51,< 1 year,C, 36 months,major_purchase,RENT,VA,61.5,704.0,0
17000.0,45000.0,30.51,9 years,D, 36 months,debt_consolidation,MORTGAGE,KS,50.5,669.0,0
10000.0,44000.0,29.16,3 years,A, 36 months,credit_card,RENT,CO,67.1,719.0,0
17550.0,53000.0,16.73,7 years,C, 60 months,debt_consolidation,MORTGAGE,MO,41.9,704.0,1
6000.0,95000.0,26.35,3 years,B, 36 months,debt_consolidation,RENT,CA,78.1,684.0,0
1000.0,35000.0,13.24,5 years,C, 36 months,other,RENT,TX,44.4,664.0,0
9500.0,19000.0,25.46,2 years,F, 36 months,credit_card,RENT,CA,55.8,674.0,0
28000.0,85000.0,31.43,10+ years,B, 60 months,credit_card,MORTGAGE,IL,67.4,709.0,0
22000.0,85000.0,18.13,10+ years,C, 60 months,debt_consolidation,MORTGAGE,MI,95.0,674.0,0
32400.0,150800.0,15.44,2 years,B, 60 months,credit_card,MORTGAGE,NY,27.4,754.0,0
22000.0,50000.0,36.32,3 years,C, 60 months,debt_consolidation,OWN,SC,55.1,714.0,0
1000.0,102000.0,3.36,10+ years,D, 36 months,other,RENT,NY,19.6,744.0,0
15000.0,68541.0,3.82,10+ years,C, 36 months,debt_consolidation,MORTGAGE,FL,15.2,684.0,0
12500.0,150000.0,6.47,10+ years,A, 36 months,credit_card,MORTGAGE,MN,36.6,774.0,0
20000.0,62000.0,5.38,1 year,E, 60 months,debt_consolidation,MORTGAGE,GA,85.8,664.0,0
10450.0,42000.0,31.49,10+ years,D, 36 months,debt_consolidation,OWN,NY,73.8,704.0,0
4000.0,95000.0,27.77,10+ years,E, 36 months,other,MORTGAGE,IL,61.0,679.0,1
5000.0,89000.0,10.77,10+ years,C, 36 months,debt_consolidation,RENT,MO,22.2,664.0,0
11000.0,106000.0,14.72,10+ years,B, 36 months,debt_consolidation,MORTGAGE,CA,80.0,694.0,0
14400.0,71000.0,16.95,2 years,D, 36 months,debt_consolidation,RENT,OR,25.9,664.0,0
11000.0,94000.0,12.72,10+ years,B, 60 months,debt_consolidation,MORTGAGE,VA,54.3,734.0,0
24000.0,70000.0,18.04,1 year,C, 60 months,debt_consolidation,RENT,FL,53.5,674.0,1
10000.0,46000.0,26.14,2 years,B, 36 months,debt_consolidation,MORTGAGE,GA,51.7,689.0,0
24000.0,100000.0,9.62,10+ years,A, 60 months,debt_consolidation,MORTGAGE,WA,17.1,799.0,0
27775.0,250000.0,13.69,2 years,A, 36 months,debt_consolidation,MORTGAGE,TX,14.9,754.0,0
18000.0,70000.0,17.23,10+ years,C, 36 months,debt_consolidation,MORTGAGE,IN,57.7,679.0,0
34000.0,115000.0,31.42,10+ years,E, 60 months,debt_consolidation,MORTGAGE,GA,99.9,684.0,0
3000.0,36000.0,26.2,10+ years,A, 36 months,credit_card,RENT,VA,10.2,724.0,0
16000.0,67000.0,20.41,10+ years,E, 60 months,debt_consolidation,MORTGAGE,NY,52.0,679.0,0
4675.0,25000.0,2.4,2 years,D, 36 months,debt_consolidation,RENT,OR,92.0,674.0,1
15000.0,60000.0,20.06,10+ years,C, 36 months,debt_consolidation,RENT,NY,72.6,664.0,1
5600.0,63600.0,22.11,2 years,D, 36 months,debt_consolidation,RENT,NY,43.9,684.0,0
12000.0,106000.0,3.08,7 years,A, 36 months,credit_card,MORTGAGE,ND,23.7,799.0,0
20000.0,64000.0,20.83,9 years,C, 60 months,debt_consolidation,MORTGAGE,IL,98.0,684.0,0
18400.0,40000.0,9.42,6 years,D, 60 months,debt_consolidation,RENT,CA,78.7,704.0,0
10000.0,30000.0,15.16,4 years,C, 60 months,debt_consolidation,RENT,OH,32.2,719.0,0
10000.0,60000.0,10.78,2 years,A, 36 months,credit_card,RENT,AZ,67.6,694.0,0
18000.0,99000.0,7.33,10+ years,A, 36 months,credit_card,MORTGAGE,CO,22.2,769.0,0
22000.0,60000.0,26.78,8 years,C, 60 months,debt_consolidation,RENT,PA,69.6,714.0,0
24000.0,65000.0,25.41,6 years,D, 60 months,moving,RENT,NJ,53.4,759.0,1
9100.0,34000.0,21.21,10+ years,C, 36 months,credit_card,MORTGAGE,TX,64.9,719.0,1
12000.0,100000.0,6.62,3 years,B, 36 months,credit_card,MORTGAGE,WI,26.1,769.0,0
4950.0,62500.0,12.44,8 years,E, 36 months,debt_consolidation,RENT,VA,12.8,669.0,1
11200.0,59000.0,18.21,10+ years,E, 60 months,debt_consolidation,RENT,NJ,53.4,674.0,1
24000.0,70000.0,37.75,9 years,B, 60 months,credit_card,OWN,NC,47.9,729.0,0
10000.0,100000.0,26.39,3 years,A, 36 months,home_improvement,MORTGAGE,TX,24.0,764.0,0
20000.0,80000.0,20.45,10+ years,B, 60 months,debt_consolidation,MORTGAGE,FL,67.8,729.0,0
7000.0,20000.0,10.14,3 years,C, 36 months,other,RENT,NY,64.3,719.0,0
7000.0,83000.0,15.99,10+ years,A, 36 months,debt_consolidation,RENT,CA,7.5,809.0,0
12000.0,50500.0,31.89,2 years,C, 60 months,debt_consolidation,MORTGAGE,AR,48.2,734.0,0
27700.0,63000.0,11.09,10+ years,C, 60 months,debt_consolidation,MORTGAGE,OH,67.4,674.0,0
10800.0,55000.0,18.64,9 years,A, 36 months,credit_card,RENT,FL,21.6,764.0,0
8500.0,253500.0,21.6,10+ years,A, 36 months,credit_card,RENT,FL,73.5,694.0,0
21600.0,54000.0,11.82,10+ years,B, 60 months,debt_consolidation,MORTGAGE,MD,28.7,744.0,0
20000.0,125000.0,16.68,< 1 year,A, 36 months,home_improvement,OWN,CA,12.4,804.0,0
1500.0,42500.0,14.57,9 years,C, 36 months,credit_card,RENT,NY,28.2,709.0,0
10000.0,50000.0,14.38,1 year,B, 36 months,debt_consolidation,RENT,CA,33.0,704.0,0
25000.0,170000.0,7.41,< 1 year,D, 36 months,debt_consolidation,MORTGAGE,VA,37.0,669.0,0
6000.0,55000.0,38.42,5 years,E, 36 months,other,RENT,NV,68.0,684.0,1
8000.0,65000.0,13.7,10+ years,B, 36 months,credit_card,MORTGAGE,CA,39.4,669.0,0
24000.0,230000.0,10.92,< 1 year,C, 60 months,credit_card,MORTGAGE,CA,81.0,664.0,0
34550.0,72000.0,29.97,2 years,C, 36 months,debt_consolidation,MORTGAGE,TX,54.8,694.0,1
31750.0,80000.0,24.69,6 years,D, 36 months,debt_consolidation,OWN,AZ,50.2,709.0,0
20000.0,50000.0,21.75,10+ years,B, 36 months,debt_consolidation,MORTGAGE,NY,49.2,714.0,0
10000.0,100000.0,36.94,4 years,C, 36 months,debt_consolidation,MORTGAGE,AZ,82.1,704.0,0
20000.0,180000.0,8.49,1 year,B, 36 months,other,RENT,CA,6.1,664.0,1
12000.0,34000.0,22.77,< 1 year,C, 36 months,debt_consolidation,MORTGAGE,WI,51.7,664.0,0
35000.0,115000.0,27.45,10+ years,B, 36 months,debt_consolidation,OWN,TX,80.0,724.0,0
20000.0,95000.0,12.91,2 years,C, 36 months,credit_card,RENT,NY,88.8,679.0,0
15000.0,106000.0,5.6,10+ years,A, 36 months,debt_consolidation,MORTGAGE,CA,78.0,704.0,0
24000.0,160000.0,8.73,10+ years,C, 60 months,debt_consolidation,MORTGAGE,IL,41.6,694.0,0
20000.0,40000.0,29.37,8 years,C, 60 months,credit_card,RENT,CA,79.4,689.0,0
15000.0,40000.0,15.45,2 years,C, 36 months,debt_consolidation,RENT,NY,57.1,664.0,1
24000.0,50000.0,27.84,3 years,C, 60 months,debt_consolidation,MORTGAGE,AR,99.4,699.0,1
6000.0,65000.0,10.88,1 year,D, 36 months,home_improvement,MORTGAGE,GA,15.4,664.0,0
10000.0,45000.0,27.63,7 years,A, 36 months,credit_card,RENT,NV,33.8,704.0,0
17600.0,75000.0,17.81,2 years,B, 60 months,debt_consolidation,MORTGAGE,CO,7.6,684.0,0
18000.0,100000.0,25.95,9 years,B, 36 months,credit_card,MORTGAGE,CT,61.3,709.0,0
5000.0,62544.0,12.99,10+ years,B, 36 months,other,MORTGAGE,PA,64.9,669.0,0
18000.0,48000.0,19.61,4 years,B, 60 months,credit_card,OWN,CT,45.6,734.0,0
35000.0,175000.0,9.67,10+ years,A, 36 months,credit_card,MORTGAGE,TX,71.6,699.0,0
5000.0,68000.0,22.56,10+ years,A, 36 months,debt_consolidation,MORTGAGE,OR,88.5,694.0,1
1000.0,40000.0,35.02,10+ years,D, 36 months,other,RENT,CA,32.1,699.0,0
11200.0,108000.0,21.32,4 years,A, 36 months,credit_card,RENT,FL,39.4,699.0,0
15000.0,55000.0,13.14,2 years,A, 36 months,debt_consolidation,MORTGAGE,NJ,19.6,774.0,1
9600.0,58000.0,16.12,6 years,B, 36 months,debt_consolidation,MORTGAGE,PA,13.5,744.0,0
8350.0,45500.0,21.81,10+ years,D, 36 months,medical,RENT,OH,39.0,674.0,0
12000.0,70000.0,5.93,3 years,D, 60 months,debt_consolidation,MORTGAGE,TX,29.6,689.0,1
12000.0,196000.0,33.64,10+ years,B, 36 months,debt_consolidation,MORTGAGE,MI,53.0,689.0,0
10000.0,65200.0,28.95,9 years,B, 60 months,credit_card,RENT,WI,51.6,689.0,0
5000.0,51830.0,9.7,10+ years,B, 36 months,debt_consolidation,RENT,NY,44.3,684.0,0
8000.0,31000.0,34.15,7 years,B, 36 months,credit_card,MORTGAGE,WI,27.7,689.0,0
11025.0,70000.0,22.72,5 years,C, 36 months,vacation,MORTGAGE,WA,49.3,709.0,0
7000.0,27000.0,35.87,< 1 year,E, 36 months,small_business,RENT,IL,35.7,674.0,1
10000.0,40000.0,22.77,10+ years,E, 60 months,debt_consolidation,RENT,WV,59.9,664.0,0
18225.0,45600.0,24.8,2 years,D, 36 months,debt_consolidation,RENT,NV,70.4,674.0,1
20000.0,98000.0,9.7,10+ years,B, 36 months,debt_consolidation,RENT,PA,41.1,679.0,0
7000.0,80000.0,8.1,10+ years,B, 36 months,debt_consolidation,MORTGAGE,FL,59.0,674.0,0
28000.0,259000.0,18.72,10+ years,B, 36 months,debt_consolidation,MORTGAGE,PA,86.0,684.0,0
28000.0,285000.0,22.11,8 years,B, 60 months,credit_card,MORTGAGE,WA,92.3,694.0,0
4650.0,20000.0,27.73,5 years,C, 36 months,credit_card,RENT,CA,60.6,674.0,0
12300.0,125000.0,0.81,< 1 year,B, 36 months,major_purchase,MORTGAGE,WI,3.2,804.0,0
26000.0,75000.0,10.18,9 years,B, 36 months,debt_consolidation,MORTGAGE,VA,56.3,719.0,0
15000.0,54000.0,18.18,4 years,A, 36 months,debt_consolidation,MORTGAGE,WA,0.6,749.0,0
26500.0,83200.0,38.15,1 year,D, 60 months,debt_consolidation,MORTGAGE,CA,96.5,709.0,0
10000.0,83000.0,12.22,10+ years,B, 36 months,debt_consolidation,MORTGAGE,CA,36.6,679.0,0
8875.0,150000.0,8.98,4 years,D, 36 months,small_business,OWN,NY,32.5,694.0,0
15000.0,100000.0,10.06,1 year,A, 36 months,debt_consolidation,OWN,NY,64.2,724.0,0
8500.0,47684.0,36.4,< 1 year,D, 36 months,debt_consolidation,MORTGAGE,MA,85.8,704.0,0
5500.0,45000.0,14.11,2 years,A, 36 months,debt_consolidation,RENT,CO,37.7,744.0,0
10000.0,42000.0,12.09,3 years,A, 36 months,debt_consolidation,MORTGAGE,OH,26.7,709.0,0
35000.0,89000.0,29.85,10+ years,E, 36 months,debt_consolidation,MORTGAGE,VA,80.2,674.0,1
12700.0,45000.0,24.8,3 years,C, 36 months,debt_consolidation,MORTGAGE,NC,33.4,674.0,0
10000.0,170000.0,7.68,10+ years,A, 36 months,home_improvement,OWN,OH,4.2,789.0,0
5600.0,62000.0,21.06,7 years,C, 36 months,debt_consolidation,MORTGAGE,AK,32.4,709.0,0
28100.0,160000.0,14.97,10+ years,D, 36 months,credit_card,OWN,NY,64.7,694.0,0
8000.0,94000.0,10.81,10+ years,A, 36 months,debt_consolidation,RENT,WA,34.8,699.0,1
2400.0,45000.0,13.81,1 year,D, 36 months,other,RENT,AZ,89.4,679.0,0
12000.0,45000.0,26.19,5 years,D, 60 months,debt_consolidation,MORTGAGE,WI,90.3,674.0,0
12000.0,69000.0,7.51,10+ years,C, 36 months,debt_consolidation,MORTGAGE,WA,73.2,689.0,0
10000.0,4300012.0,0.22,10+ years,B, 36 months,debt_consolidation,RENT,NY,32.1,679.0,1
13800.0,100000.0,8.38,10+ years,C, 60 months,debt_consolidation,OWN,FL,58.2,674.0,0
30625.0,80000.0,7.4,10+ years,C, 36 months,debt_consolidation,MORTGAGE,NY,13.9,704.0,0
21000.0,95000.0,9.83,3 years,C, 36 months,home_improvement,OWN,MI,24.0,714.0,0
20000.0,50000.0,7.8,10+ years,C, 36 months,credit_card,RENT,CT,40.9,684.0,0
6000.0,21500.0,23.62,6 years,C, 36 months,debt_consolidation,MORTGAGE,NC,36.7,684.0,0
12000.0,55000.0,7.59,1 year,B, 36 months,credit_card,RENT,NY,17.1,694.0,0
10000.0,65000.0,13.98,1 year,C, 36 months,credit_card,MORTGAGE,MA,71.8,684.0,0
20000.0,52500.0,36.19,10+ years,B, 36 months,debt_consolidation,RENT,NY,82.1,729.0,0
15000.0,75000.0,19.25,10+ years,C, 36 months,debt_consolidation,RENT,CA,87.4,664.0,0
9600.0,34000.0,10.7,10+ years,B, 36 months,debt_consolidation,RENT,MD,57.3,689.0,1
11000.0,31000.0,18.78,2 years,D, 36 months,debt_consolidation,RENT,IL,62.9,669.0,1
10000.0,59000.0,35.44,8 years,B, 36 months,credit_card,MORTGAGE,AL,65.6,704.0,0
6000.0,39000.0,17.06,7 years,E, 36 months,debt_consolidation,MORTGAGE,FL,67.2,679.0,0
20000.0,86900.0,12.88,7 years,D, 60 months,debt_consolidation,RENT,TX,70.4,694.0,1
6925.0,24300.0,28.15,9 years,F, 36 months,debt_consolidation,OWN,MI,3.3,719.0,0
5000.0,55000.0,11.61,3 years,B, 36 months,credit_card,MORTGAGE,VA,19.7,679.0,0
20000.0,48000.0,6.48,2 years,C, 36 months,major_purchase,RENT,CA,37.3,664.0,0
35000.0,86000.0,25.16,10+ years,D, 36 months,debt_consolidation,MORTGAGE,IL,96.2,719.0,0
9800.0,55000.0,27.14,3 years,C, 36 months,debt_consolidation,RENT,MD,63.3,669.0,0
9000.0,45000.0,17.63,2 years,C, 36 months,debt_consolidation,RENT,TX,93.1,664.0,0
16000.0,55000.0,12.31,3 years,C, 60 months,credit_card,MORTGAGE,AZ,39.3,674.0,0
13500.0,78000.0,25.92,6 years,C, 60 months,debt_consolidation,RENT,CT,51.0,699.0,1
4800.0,57288.0,14.31,10+ years,D, 36 months,debt_consolidation,MORTGAGE,SC,82.7,664.0,0
8000.0,98000.0,6.42,9 years,B, 36 months,debt_consolidation,RENT,NV,34.3,724.0,0
12000.0,110000.0,11.71,2 years,C, 36 months,debt_consolidation,MORTGAGE,KS,31.1,694.0,0
5000.0,24000.0,12.53,2 years,C, 36 months,debt_consolidation,RENT,OR,12.5,664.0,0
24000.0,60000.0,15.7,3 years,D, 60 months,debt_consolidation,OWN,NV,51.7,689.0,0
5500.0,60000.0,6.42,10+ years,B, 36 months,credit_card,RENT,GA,57.3,679.0,0
5000.0,24000.0,21.15,2 years,C, 36 months,credit_card,RENT,FL,31.0,679.0,0
5600.0,120000.0,33.4,10+ years,B, 36 months,debt_consolidation,OWN,NY,77.0,684.0,0
16000.0,50000.0,8.35,< 1 year,C, 36 months,debt_consolidation,MORTGAGE,CT,36.4,674.0,1
7800.0,75000.0,7.76,2 years,B, 36 months,debt_consolidation,MORTGAGE,FL,25.6,669.0,0
15350.0,60000.0,19.86,10+ years,B, 36 months,credit_card,MORTGAGE,TN,78.1,669.0,0
25000.0,78000.0,22.26,3 years,E, 60 months,debt_consolidation,RENT,TX,74.0,704.0,0
23000.0,86000.0,35.24,7 years,B, 36 months,credit_card,MORTGAGE,MT,91.7,714.0,0
2500.0,75000.0,13.86,10+ years,D, 36 months,other,RENT,IL,50.5,669.0,0
12000.0,58000.0,12.15,10+ years,C, 36 months,credit_card,MORTGAGE,CA,51.5,709.0,0
24000.0,250000.0,14.16,8 years,B, 36 months,debt_consolidation,MORTGAGE,FL,86.8,684.0,0
11000.0,60000.0,8.98,10+ years,C, 60 months,credit_card,MORTGAGE,WI,27.0,689.0,0
24000.0,84000.0,16.83,7 years,A, 36 months,debt_consolidation,RENT,TX,82.5,694.0,0
4800.0,70000.0,20.25,8 years,A, 36 months,debt_consolidation,MORTGAGE,FL,59.0,689.0,0
3600.0,65000.0,18.83,4 years,B, 36 months,major_purchase,OWN,CA,68.3,669.0,0
16000.0,90000.0,34.22,10+ years,B, 36 months,debt_consolidation,MORTGAGE,MI,40.2,689.0,0
16000.0,70000.0,20.68,10+ years,B, 36 months,credit_card,RENT,MN,68.0,684.0,0
12000.0,55000.0,8.62,10+ years,A, 36 months,debt_consolidation,RENT,FL,61.3,724.0,0
14000.0,140000.0,22.28,8 years,A, 60 months,home_improvement,MORTGAGE,LA,51.8,684.0,0
16000.0,82000.0,15.57,9 years,C, 60 months,credit_card,RENT,GA,62.3,684.0,0
16725.0,58000.0,39.18,8 years,E, 60 months,debt_consolidation,MORTGAGE,FL,49.6,669.0,1
7000.0,23000.0,38.83,4 years,D, 36 months,medical,OWN,KS,66.7,669.0,0
1450.0,35000.0,29.87,4 years,D, 36 months,debt_consolidation,RENT,TX,4.6,689.0,0
25000.0,300000.0,15.96,10+ years,B, 36 months,debt_consolidation,MORTGAGE,LA,93.0,689.0,0
24000.0,150000.0,18.1,3 years,A, 36 months,credit_card,OWN,TX,95.8,729.0,0
20150.0,60000.0,11.46,7 years,F, 60 months,other,MORTGAGE,CA,5.6,664.0,1
10000.0,90000.0,18.52,10+ years,C, 60 months,debt_consolidation,OWN,NY,58.5,669.0,1
4800.0,69000.0,21.27,8 years,C, 36 months,medical,RENT,AZ,21.2,689.0,0
3675.0,38884.0,15.52,4 years,F, 36 months,house,RENT,MN,29.4,709.0,1
14400.0,75000.0,10.42,1 year,C, 36 months,debt_consolidation,RENT,CA,70.7,669.0,1
8000.0,83000.0,30.81,10+ years,A, 36 months,debt_consolidation,MORTGAGE,OH,68.0,689.0,0
20000.0,86000.0,14.43,10+ years,D, 60 months,debt_consolidation,OWN,AL,89.0,664.0,0
12000.0,59000.0,30.23,10+ years,B, 36 months,home_improvement,MORTGAGE,NY,63.2,714.0,0
3400.0,10000.0,34.81,< 1 year,F, 36 months,other,RENT,NY,53.5,684.0,0
16750.0,75000.0,20.13,10+ years,C, 60 months,debt_consolidation,MORTGAGE,OH,34.3,739.0,1
16000.0,90000.0,18.97,10+ years,D, 60 months,home_improvement,MORTGAGE,TX,78.8,669.0,1
15000.0,100000.0,11.37,< 1 year,B, 36 months,credit_card,RENT,NJ,53.4,689.0,0
15950.0,54000.0,31.42,4 years,F, 60 months,other,RENT,OH,56.3,679.0,1
11250.0,38350.0,20.88,2 years,B, 36 months,credit_card,MORTGAGE,VT,68.3,704.0,0
4000.0,40000.0,23.46,10+ years,C, 36 months,debt_consolidation,MORTGAGE,NY,76.3,669.0,0
14000.0,85000.0,18.98,10+ years,A, 60 months,debt_consolidation,MORTGAGE,LA,38.0,769.0,0
12075.0,42000.0,14.77,10+ years,E, 60 months,debt_consolidation,RENT,NC,69.0,724.0,1
2400.0,45000.0,14.73,6 years,C, 36 months,small_business,MORTGAGE,UT,40.2,709.0,0
12000.0,47300.0,24.99,6 years,A, 36 months,debt_consolidation,MORTGAGE,SC,72.8,704.0,0
25000.0,100000.0,23.46,10+ years,E, 60 months,car,RENT,NV,8.1,729.0,1
24000.0,57000.0,14.19,8 years,C, 60 months,debt_consolidation,MORTGAGE,VA,57.2,674.0,0
11000.0,73000.0,30.08,7 years,B, 36 months,credit_card,RENT,TX,82.8,674.0,0
16500.0,70400.0,12.89,10+ years,B, 36 months,credit_card,MORTGAGE,IL,37.7,674.0,0
5000.0,80000.0,18.98,2 years,B, 36 months,debt_consolidation,MORTGAGE,CA,26.7,724.0,0
24000.0,60000.0,25.3,6 years,D, 60 months,debt_consolidation,RENT,MT,74.9,719.0,0
9125.0,42000.0,22.29,1 year,C, 36 months,medical,MORTGAGE,AZ,22.0,674.0,0
25000.0,90000.0,12.84,10+ years,A, 36 months,debt_consolidation,OWN,TX,19.7,799.0,0
14400.0,52000.0,8.17,10+ years,C, 36 months,debt_consolidation,MORTGAGE,FL,73.1,674.0,0
16000.0,110000.0,29.36,10+ years,B, 60 months,home_improvement,MORTGAGE,CA,67.5,734.0,0
15350.0,55000.0,12.94,9 years,F, 60 months,debt_consolidation,RENT,PA,70.5,664.0,1
18000.0,150000.0,16.31,10+ years,B, 60 months,debt_consolidation,RENT,OK,74.8,694.0,0
12000.0,120000.0,30.48,10+ years,B, 36 months,debt_consolidation,MORTGAGE,TX,93.3,684.0,0
14000.0,67197.0,22.38,10+ years,C, 36 months,credit_card,RENT,CA,47.8,694.0,0
12500.0,32000.0,16.42,9 years,D, 60 months,debt_consolidation,RENT,NY,45.7,704.0,0
35000.0,164000.0,10.37,5 years,B, 60 months,debt_consolidation,RENT,CA,11.3,759.0,0
5125.0,50000.0,20.64,< 1 year,C, 36 months,debt_consolidation,MORTGAGE,IL,46.0,674.0,0
25000.0,105000.0,14.55,10+ years,A, 36 months,debt_consolidation,MORTGAGE,NY,25.9,804.0,0
12950.0,34500.0,32.97,6 years,D, 60 months,debt_consolidation,MORTGAGE,GA,79.7,664.0,0
6000.0,108226.0,13.83,10+ years,B, 36 months,other,MORTGAGE,WI,39.6,704.0,0
25000.0,100000.0,10.74,10+ years,F, 60 months,debt_consolidation,OWN,FL,90.1,669.0,0
10000.0,83000.0,14.11,10+ years,B, 36 months,debt_consolidation,OWN,OH,73.7,674.0,0
15000.0,65000.0,8.01,8 years,C, 60 months,debt_consolidation,RENT,PA,42.2,684.0,0
10000.0,58000.0,20.95,2 years,C, 36 months,debt_consolidation,OWN,RI,21.2,674.0,1
25000.0,97000.0,4.44,10+ years,C, 36 months,house,RENT,TX,56.7,679.0,0
28000.0,500000.0,9.0,10+ years,A, 36 months,home_improvement,OWN,NY,74.5,749.0,0
10000.0,42000.0,6.91,9 years,A, 36 months,credit_card,MORTGAGE,MT,73.3,714.0,0
22000.0,45000.0,13.61,7 years,A, 36 months,credit_card,OWN,TN,43.4,699.0,0
10000.0,41000.0,12.06,10+ years,A, 36 months,debt_consolidation,OWN,TN,21.4,759.0,0
9600.0,42000.0,12.63,10+ years,A, 36 months,debt_consolidation,RENT,FL,23.5,774.0,0
11050.0,60000.0,25.52,10+ years,D, 60 months,debt_consolidation,MORTGAGE,FL,98.8,714.0,0
15000.0,50000.0,16.08,10+ years,C, 36 months,home_improvement,MORTGAGE,IN,36.3,669.0,0
10000.0,65000.0,17.39,3 years,A, 36 months,debt_consolidation,MORTGAGE,MI,34.7,709.0,0
24000.0,82638.0,17.67,< 1 year,D, 60 months,debt_consolidation,MORTGAGE,NJ,55.0,699.0,0
29900.0,115000.0,9.85,10+ years,D, 60 months,debt_consolidation,RENT,OR,38.5,709.0,1
4000.0,97000.0,30.93,10+ years,B, 36 months,debt_consolidation,MORTGAGE,MS,73.4,699.0,0
21000.0,1000000.0,1.62,10+ years,B, 36 months,debt_consolidation,RENT,NY,27.5,704.0,0
28000.0,130000.0,20.88,10+ years,A, 36 months,debt_consolidation,MORTGAGE,TX,54.4,704.0,0
18000.0,49000.0,23.63,3 years,C, 36 months,credit_card,MORTGAGE,IN,99.9,679.0,0
4000.0,51000.0,11.41,10+ years,C, 36 months,credit_card,RENT,NY,11.1,714.0,1
12000.0,77000.0,18.06,10+ years,A, 36 months,credit_card,MORTGAGE,NM,46.9,779.0,0
35000.0,138000.0,25.75,< 1 year,F, 60 months,home_improvement,MORTGAGE,NJ,80.2,674.0,0
17000.0,80000.0,21.23,10+ years,A, 36 months,credit_card,MORTGAGE,NC,77.9,684.0,0
32200.0,70000.0,31.06,1 year,E, 60 months,debt_consolidation,MORTGAGE,NY,67.5,684.0,1
10000.0,120000.0,14.38,10+ years,B, 60 months,home_improvement,MORTGAGE,CA,98.5,689.0,0
21000.0,85000.0,30.28,2 years,B, 36 months,debt_consolidation,OWN,TX,61.7,719.0,0
12000.0,53000.0,18.95,10+ years,E, 60 months,home_improvement,MORTGAGE,TX,47.6,689.0,0
35000.0,95000.0,34.7,10+ years,C, 36 months,credit_card,RENT,CA,69.4,679.0,0
15125.0,220000.0,4.84,6 years,C, 36 months,debt_consolidation,RENT,NY,18.2,664.0,0
16200.0,36000.0,32.3,2 years,D, 36 months,debt_consolidation,RENT,MD,82.0,689.0,0
12000.0,30000.0,28.76,2 years,D, 60 months,debt_consolidation,RENT,TX,37.7,699.0,0
17625.0,40000.0,26.85,10+ years,E, 60 months,debt_consolidation,RENT,NE,63.8,664.0,1
14400.0,86000.0,17.23,10+ years,C, 60 months,debt_consolidation,MORTGAGE,NY,51.0,679.0,0
19200.0,64000.0,19.95,3 years,D, 60 months,debt_consolidation,MORTGAGE,OH,46.5,674.0,0
21200.0,57000.0,38.76,10+ years,E, 60 months,debt_consolidation,MORTGAGE,MO,72.9,724.0,0
22525.0,65000.0,28.93,3 years,F, 60 months,debt_consolidation,RENT,OH,89.0,664.0,1
7000.0,40000.0,18.18,2 years,B, 36 months,debt_consolidation,RENT,IL,56.9,679.0,1
4000.0,38000.0,10.8,1 year,B, 36 months,debt_consolidation,MORTGAGE,MI,51.2,684.0,0
20000.0,60000.0,17.78,6 years,C, 36 months,debt_consolidation,MORTGAGE,FL,49.0,674.0,1
30225.0,63000.0,35.89,8 years,E, 60 months,debt_consolidation,RENT,CA,81.7,709.0,0
24000.0,89000.0,11.47,10+ years,A, 36 months,debt_consolidation,MORTGAGE,TN,54.1,669.0,0
22000.0,116500.0,15.63,2 years,B, 36 months,debt_consolidation,MORTGAGE,AL,37.8,704.0,0
19600.0,49000.0,22.85,10+ years,C, 60 months,debt_consolidation,RENT,FL,72.5,689.0,0
28000.0,122000.0,25.18,10+ years,E, 60 months,debt_consolidation,RENT,CT,55.9,674.0,0
13000.0,35000.0,12.0,7 years,A, 36 months,credit_card,RENT,IL,46.2,709.0,0
8000.0,36400.0,8.74,10+ years,C, 36 months,credit_card,RENT,CO,45.4,669.0,0
24000.0,84500.0,10.13,2 years,B, 60 months,credit_card,RENT,AZ,69.2,669.0,0
5500.0,80000.0,18.94,10+ years,A, 36 months,credit_card,RENT,NJ,35.6,734.0,0
35000.0,80000.0,28.91,10+ years,C, 36 months,credit_card,RENT,NY,84.2,674.0,0
22000.0,106000.0,22.12,2 years,C, 60 months,credit_card,RENT,TX,35.8,674.0,1
8000.0,66300.0,14.86,1 year,B, 36 months,major_purchase,MORTGAGE,VA,84.6,664.0,0
28000.0,77376.0,25.78,4 years,B, 60 months,credit_card,MORTGAGE,NY,44.7,724.0,0
15400.0,35000.0,20.4,10+ years,D, 60 months,credit_card,RENT,PA,95.5,704.0,1
17000.0,55000.0,26.79,10+ years,E, 60 months,debt_consolidation,MORTGAGE,OH,26.1,664.0,0
15000.0,42000.0,27.23,10+ years,C, 36 months,debt_consolidation,MORTGAGE,NY,55.8,689.0,0
35000.0,88000.0,21.82,10+ years,E, 60 months,debt_consolidation,MORTGAGE,VA,86.3,709.0,1
28000.0,88000.0,21.66,10+ years,A, 36 months,credit_card,MORTGAGE,CA,36.3,749.0,0
6000.0,25000.0,13.2,3 years,C, 36 months,debt_consolidation,RENT,FL,15.5,709.0,0
15000.0,100000.0,13.42,2 years,B, 36 months,home_improvement,RENT,NY,37.1,704.0,0
25000.0,78000.0,17.15,8 years,A, 36 months,credit_card,OWN,VA,50.1,729.0,0
14000.0,70000.0,19.24,10+ years,A, 36 months,debt_consolidation,MORTGAGE,NE,10.6,769.0,0
10600.0,60000.0,29.0,10+ years,A, 36 months,credit_card,OWN,VA,44.6,719.0,0
16000.0,82000.0,11.46,7 years,C, 60 months,home_improvement,MORTGAGE,CO,45.2,664.0,1
25000.0,110000.0,11.3,10+ years,A, 36 months,home_improvement,MORTGAGE,MD,59.6,694.0,0
10000.0,60000.0,14.48,10+ years,C, 36 months,debt_consolidation,RENT,IL,31.0,669.0,0
18000.0,70000.0,13.58,7 years,B, 60 months,debt_consolidation,MORTGAGE,NV,46.9,694.0,0
24000.0,60000.0,26.45,3 years,C, 36 months,debt_consolidation,RENT,CA,82.4,674.0,0
26800.0,240000.0,10.92,5 years,B, 36 months,credit_card,MORTGAGE,FL,38.0,739.0,0
21000.0,150000.0,13.37,4 years,D, 60 months,major_purchase,RENT,NY,81.0,679.0,0
20000.0,90000.0,21.36,7 years,D, 60 months,debt_consolidation,RENT,CO,40.8,729.0,0
12000.0,55000.0,14.62,10+ years,C, 36 months,credit_card,MORTGAGE,MD,71.1,674.0,0
10000.0,87000.0,18.11,4 years,B, 36 months,debt_consolidation,RENT,NV,34.5,689.0,0
16000.0,51000.0,21.66,2 years,A, 60 months,credit_card,MORTGAGE,GA,19.7,759.0,0
25000.0,100000.0,20.14,8 years,A, 36 months,debt_consolidation,RENT,CA,11.1,734.0,0
33000.0,130000.0,13.63,10+ years,B, 36 months,debt_consolidation,MORTGAGE,DE,61.2,679.0,0
12000.0,46000.0,23.43,10+ years,C, 60 months,debt_consolidation,OWN,MI,65.5,664.0,1
15600.0,74000.0,30.62,< 1 year,C, 36 months,debt_consolidation,RENT,CA,52.4,689.0,0
7425.0,56000.0,16.12,10+ years,B, 36 months,major_purchase,RENT,PA,58.9,669.0,0
18675.0,63000.0,38.9,10+ years,D, 36 months,credit_card,MORTGAGE,TX,49.2,719.0,1
5950.0,37000.0,10.02,< 1 year,D, 36 months,moving,RENT,RI,82.8,724.0,0
14000.0,90000.0,14.36,8 years,B, 36 months,debt_consolidation,RENT,MA,65.4,689.0,1
5000.0,74546.0,31.25,10+ years,B, 36 months,other,MORTGAGE,CA,99.8,764.0,0
35000.0,75000.0,26.35,10+ years,A, 36 months,debt_consolidation,MORTGAGE,FL,55.9,689.0,0
6900.0,23040.0,19.64,1 year,D, 36 months,debt_consolidation,RENT,FL,67.7,669.0,0
24000.0,75000.0,9.07,2 years,B, 60 months,other,MORTGAGE,OR,7.1,749.0,0
23900.0,52000.0,33.16,3 years,E, 60 months,credit_card,OWN,AL,83.4,689.0,1
20000.0,110774.0,13.17,6 years,B, 36 months,credit_card,MORTGAGE,IL,20.1,729.0,0
11900.0,35000.0,27.61,4 years,C, 36 months,debt_consolidation,RENT,MA,43.1,674.0,0
25000.0,70000.0,28.97,10+ years,E, 60 months,debt_consolidation,RENT,CT,77.0,679.0,0
15000.0,60000.0,6.64,10+ years,A, 36 months,home_improvement,MORTGAGE,MT,2.9,834.0,0
13625.0,93000.0,7.48,10+ years,D, 60 months,debt_consolidation,RENT,CA,33.8,664.0,0
15000.0,82000.0,18.21,3 years,C, 36 months,credit_card,MORTGAGE,NY,46.5,684.0,1
4500.0,27000.0,12.18,3 years,D, 36 months,debt_consolidation,RENT,GA,42.0,694.0,1
25000.0,76000.0,21.16,10+ years,B, 60 months,home_improvement,MORTGAGE,MA,4.6,814.0,0
27600.0,60000.0,13.9,< 1 year,A, 36 months,debt_consolidation,MORTGAGE,TX,63.4,714.0,0
8000.0,51000.0,16.83,9 years,A, 36 months,credit_card,MORTGAGE,TN,93.6,724.0,0
6025.0,40000.0,6.66,5 years,C, 36 months,credit_card,MORTGAGE,MA,54.4,684.0,0
16000.0,85000.0,5.45,5 years,C, 36 months,debt_consolidation,RENT,NY,32.2,684.0,0
15000.0,79000.0,15.43,9 years,E, 60 months,debt_consolidation,RENT,WA,43.7,694.0,1
30000.0,90000.0,11.69,1 year,E, 60 months,major_purchase,OWN,MS,9.3,724.0,0
30000.0,100000.0,27.0,10+ years,C, 60 months,credit_card,MORTGAGE,GA,79.2,699.0,0
6000.0,24000.0,26.75,3 years,C, 36 months,debt_consolidation,RENT,GA,30.4,674.0,0
35000.0,165000.0,15.07,10+ years,C, 36 months,debt_consolidation,MORTGAGE,CA,20.6,739.0,0
9000.0,100000.0,31.96,10+ years,C, 36 months,other,MORTGAGE,HI,76.1,694.0,0
14000.0,64000.0,19.01,8 years,D, 60 months,debt_consolidation,MORTGAGE,MO,47.3,694.0,0
12000.0,60000.0,8.12,9 years,B, 36 months,debt_consolidation,RENT,TX,49.1,684.0,0
4000.0,56000.0,22.42,10+ years,C, 36 months,moving,MORTGAGE,KY,34.8,784.0,0
16800.0,88000.0,11.02,7 years,B, 60 months,credit_card,MORTGAGE,NY,71.5,709.0,1
16000.0,98000.0,6.44,10+ years,B, 36 months,debt_consolidation,MORTGAGE,FL,45.2,664.0,0
28875.0,59000.0,16.03,10+ years,E, 60 months,debt_consolidation,MORTGAGE,CA,57.0,754.0,0
12500.0,25000.0,21.0,3 years,D, 36 months,credit_card,OWN,CA,36.3,694.0,0
12000.0,110000.0,25.18,1 year,C, 60 months,debt_consolidation,MORTGAGE,UT,84.9,684.0,0
12000.0,42500.0,20.93,1 year,C, 60 months,credit_card,MORTGAGE,GA,61.3,664.0,0
15000.0,48000.0,6.53,5 years,A, 36 months,credit_card,MORTGAGE,GA,48.3,719.0,0
10000.0,40000.0,4.62,1 year,D, 60 months,debt_consolidation,MORTGAGE,FL,39.6,679.0,1
25275.0,102000.0,15.44,10+ years,A, 36 months,credit_card,MORTGAGE,MI,41.8,729.0,0
5000.0,26000.0,16.3,2 years,C, 36 months,debt_consolidation,RENT,CA,32.5,669.0,0
15000.0,75000.0,11.46,4 years,B, 60 months,credit_card,RENT,CT,76.3,669.0,0
3600.0,64000.0,27.41,10+ years,C, 36 months,debt_consolidation,MORTGAGE,FL,90.2,664.0,0
15000.0,53000.0,22.54,5 years,B, 36 months,credit_card,OWN,CA,54.6,704.0,0
10825.0,30000.0,28.61,3 years,C, 36 months,credit_card,RENT,MA,63.1,664.0,1
5600.0,60000.0,32.92,10+ years,C, 36 months,debt_consolidation,MORTGAGE,AL,61.9,699.0,0
24000.0,68000.0,22.1,7 years,D, 60 months,debt_consolidation,RENT,FL,63.5,664.0,0
19200.0,120000.0,19.93,< 1 year,A, 36 months,credit_card,MORTGAGE,TX,48.3,754.0,0
25200.0,87000.0,19.48,10+ years,A, 36 months,debt_consolidation,MORTGAGE,WI,50.9,814.0,0
7425.0,85000.0,9.36,10+ years,C, 36 months,debt_consolidation,MORTGAGE,FL,72.0,679.0,1
7000.0,57200.0,22.56,10+ years,C, 36 months,credit_card,MORTGAGE,OH,39.5,664.0,0
6000.0,40000.0,18.54,1 year,C, 36 months,debt_consolidation,RENT,CA,38.3,709.0,0
10000.0,28500.0,13.26,< 1 year,B, 36 months,debt_consolidation,RENT,TX,29.3,674.0,0
22950.0,74000.0,27.54,10+ years,D, 60 months,credit_card,RENT,NY,31.4,674.0,1
14400.0,48500.0,15.12,1 year,D, 60 months,credit_card,RENT,CA,21.3,664.0,1
10000.0,89000.0,26.01,10+ years,A, 36 months,debt_consolidation,RENT,MA,65.5,714.0,0
35000.0,100000.0,18.42,3 years,G, 60 months,home_improvement,OWN,MS,1.0,734.0,0
21775.0,110000.0,24.88,2 years,D, 60 months,debt_consolidation,MORTGAGE,OH,86.2,689.0,0
21000.0,84220.0,32.96,10+ years,C, 36 months,debt_consolidation,RENT,GA,22.4,724.0,0
10000.0,38000.0,10.36,3 years,B, 36 months,debt_consolidation,MORTGAGE,CA,56.7,694.0,1
12000.0,52000.0,6.58,8 years,D, 36 months,debt_consolidation,RENT,NY,36.1,669.0,0
10800.0,30000.0,11.88,10+ years,A, 36 months,credit_card,MORTGAGE,KY,64.3,739.0,0
18625.0,69855.0,17.49,10+ years,C, 60 months,debt_consolidation,MORTGAGE,CA,28.5,664.0,0
15000.0,54080.0,24.26,8 years,C, 60 months,home_improvement,RENT,GA,11.1,719.0,0
6000.0,55000.0,5.39,3 years,B, 36 months,debt_consolidation,RENT,NY,34.0,669.0,0
4600.0,40000.0,24.39,10+ years,C, 36 months,debt_consolidation,MORTGAGE,MI,77.7,679.0,0
20000.0,58000.0,13.01,10+ years,D, 60 months,home_improvement,MORTGAGE,WA,59.0,664.0,0
16000.0,75000.0,12.3,1 year,B, 60 months,debt_consolidation,RENT,DC,37.7,709.0,0
6400.0,52000.0,16.05,10+ years,C, 36 months,debt_consolidation,MORTGAGE,TX,74.4,679.0,0
8000.0,111000.0,18.74,2 years,A, 36 months,credit_card,RENT,VA,49.9,724.0,0
20275.0,125000.0,15.84,7 years,D, 60 months,debt_consolidation,RENT,AL,38.7,704.0,0
12000.0,120000.0,19.0,2 years,A, 36 months,credit_card,MORTGAGE,MN,48.0,704.0,0
12000.0,187834.0,8.68,2 years,A, 36 months,home_improvement,MORTGAGE,AZ,27.8,714.0,0
29000.0,72800.0,27.65,2 years,C, 60 months,debt_consolidation,RENT,CA,93.1,664.0,1
8000.0,62000.0,7.03,10+ years,C, 36 months,credit_card,MORTGAGE,MD,24.8,704.0,0
28000.0,198000.0,6.75,2 years,B, 60 months,credit_card,RENT,CA,37.3,694.0,0
10000.0,50000.0,2.23,10+ years,B, 36 months,car,RENT,NY,63.1,744.0,0
6000.0,69972.37,7.56,9 years,C, 36 months,debt_consolidation,RENT,NY,16.6,769.0,0
25000.0,150000.0,13.91,6 years,A, 36 months,debt_consolidation,MORTGAGE,PA,28.1,709.0,1
9475.0,51000.0,26.87,8 years,B, 36 months,debt_consolidation,RENT,WI,26.4,724.0,0
3000.0,110000.0,9.01,3 years,A, 36 months,debt_consolidation,MORTGAGE,NC,67.0,709.0,0
10000.0,36000.0,22.13,< 1 year,D, 36 months,debt_consolidation,RENT,AR,61.6,669.0,0
12000.0,34000.0,21.92,4 years,B, 36 months,credit_card,RENT,MO,49.4,674.0,0
4800.0,46000.0,27.68,2 years,C, 36 months,credit_card,OWN,TX,83.7,684.0,0
10000.0,32000.0,6.68,1 year,B, 36 months,credit_card,MORTGAGE,OK,35.6,714.0,1
8000.0,32000.0,11.4,10+ years,A, 36 months,home_improvement,RENT,CA,13.8,704.0,0
10000.0,75000.0,19.41,10+ years,B, 36 months,debt_consolidation,RENT,NY,20.3,724.0,0
24000.0,50200.0,33.23,< 1 year,C, 60 months,debt_consolidation,MORTGAGE,TX,60.4,699.0,1
9000.0,41000.0,28.63,10+ years,C, 36 months,debt_consolidation,MORTGAGE,IN,87.6,679.0,0
23825.0,65000.0,25.85,1 year,D, 36 months,debt_consolidation,RENT,CA,60.4,664.0,0
10000.0,80000.0,29.07,8 years,A, 36 months,debt_consolidation,MORTGAGE,IL,57.1,689.0,0
30000.0,76000.0,13.23,< 1 year,C, 36 months,debt_consolidation,MORTGAGE,CA,80.5,664.0,0
18925.0,41172.0,29.23,10+ years,C, 60 months,credit_card,OWN,TX,64.8,674.0,0
10000.0,55000.0,15.93,10+ years,B, 36 months,debt_consolidation,MORTGAGE,MD,40.4,664.0,0
11000.0,40000.0,30.99,10+ years,D, 60 months,home_improvement,MORTGAGE,CA,19.3,684.0,0
10000.0,46000.0,7.3,10+ years,A, 36 months,debt_consolidation,RENT,IL,34.5,704.0,0
6000.0,110000.0,15.36,4 years,B, 36 months,credit_card,MORTGAGE,TN,79.9,684.0,0
2400.0,28000.0,10.42,4 years,B, 36 months,major_purchase,MORTGAGE,MN,2.0,739.0,0
20000.0,180000.0,11.34,3 years,D, 60 months,debt_consolidation,MORTGAGE,TX,32.4,699.0,0
14000.0,62000.0,10.62,2 years,B, 60 months,car,RENT,CT,19.8,769.0,0
6000.0,78500.0,8.03,3 years,C, 36 months,debt_consolidation,RENT,FL,60.0,664.0,0
16000.0,90000.0,26.26,3 years,E, 60 months,credit_card,RENT,FL,50.3,669.0,1
5000.0,26000.0,22.62,< 1 year,C, 36 months,debt_consolidation,RENT,DE,58.6,699.0,0
11000.0,75000.0,22.08,5 years,A, 36 months,credit_card,MORTGAGE,MO,28.6,784.0,0
5000.0,74000.0,14.39,3 years,A, 36 months,home_improvement,RENT,PA,6.4,769.0,0
24000.0,50000.0,22.75,< 1 year,C, 36 months,credit_card,RENT,CA,50.2,714.0,0
24000.0,110000.0,29.67,9 years,C, 60 months,debt_consolidation,MORTGAGE,DE,66.8,714.0,0
9900.0,120000.0,4.7,1 year,B, 36 months,credit_card,MORTGAGE,NY,68.3,669.0,0
3000.0,40000.0,22.86,< 1 year,B, 36 months,major_purchase,RENT,TX,18.8,679.0,0
20400.0,50000.0,26.88,2 years,B, 36 months,credit_card,RENT,FL,34.0,719.0,0
24000.0,105000.0,6.56,10+ years,A, 36 months,debt_consolidation,MORTGAGE,VA,0.5,839.0,0
16000.0,55000.0,23.52,4 years,B, 60 months,credit_card,RENT,TX,39.2,709.0,1
20000.0,100000.0,13.49,2 years,C, 60 months,debt_consolidation,RENT,CA,79.3,684.0,0
10000.0,35000.0,1.71,< 1 year,C, 36 months,debt_consolidation,RENT,DC,10.0,744.0,0
28000.0,125000.0,26.23,5 years,B, 60 months,credit_card,MORTGAGE,AZ,55.1,724.0,0
12000.0,45000.0,31.96,4 years,B, 36 months,credit_card,MORTGAGE,TN,85.4,729.0,0
16000.0,70000.0,18.62,9 years,D, 36 months,debt_consolidation,OWN,TX,54.3,679.0,0
17375.0,80000.0,22.04,10+ years,B, 60 months,debt_consolidation,MORTGAGE,CT,65.6,699.0,0
24500.0,65000.0,32.9,10+ years,E, 60 months,debt_consolidation,MORTGAGE,VA,68.6,689.0,1
9600.0,30000.0,14.4,10+ years,B, 36 months,debt_consolidation,RENT,NJ,44.0,719.0,1
10000.0,85000.0,20.71,10+ years,A, 36 months,moving,MORTGAGE,WI,46.6,779.0,0
30000.0,90000.0,5.88,2 years,C, 60 months,credit_card,MORTGAGE,TX,4.4,694.0,0
20000.0,61000.0,30.77,10+ years,C, 60 months,debt_consolidation,MORTGAGE,NY,86.7,719.0,0
10000.0,65000.0,6.83,< 1 year,A, 36 months,credit_card,RENT,TX,31.3,729.0,0
24000.0,160000.0,21.89,10+ years,A, 60 months,credit_card,MORTGAGE,TX,45.6,709.0,0
11950.0,26000.0,28.49,10+ years,C, 36 months,debt_consolidation,OWN,VA,49.9,709.0,1
13000.0,70000.0,12.76,10+ years,D, 36 months,debt_consolidation,MORTGAGE,CA,37.8,669.0,0
5000.0,49245.78,3.07,10+ years,A, 36 months,credit_card,RENT,CA,95.8,684.0,0
18000.0,110000.0,12.26,5 years,B, 60 months,debt_consolidation,MORTGAGE,TX,54.7,699.0,0
24000.0,93000.0,32.41,10+ years,A, 36 months,credit_card,MORTGAGE,FL,43.9,719.0,0
8000.0,78832.0,13.15,< 1 year,B, 36 months,debt_consolidation,MORTGAGE,MD,10.3,674.0,1
30800.0,70000.0,22.72,10+ years,C, 60 months,credit_card,MORTGAGE,AR,48.4,699.0,0
6000.0,35000.0,26.75,< 1 year,B, 36 months,debt_consolidation,RENT,FL,70.9,669.0,0
35000.0,80000.0,13.62,10+ years,E, 60 months,home_improvement,OWN,CA,36.3,709.0,0
12000.0,54500.0,33.08,3 years,C, 36 months,debt_consolidation,RENT,TX,51.6,669.0,0
19000.0,90000.0,25.07,10+ years,B, 36 months,debt_consolidation,MORTGAGE,LA,80.1,709.0,0
12600.0,102000.0,13.44,3 years,D, 60 months,debt_consolidation,RENT,TX,56.0,669.0,0
7000.0,75000.0,37.42,8 years,C, 36 months,medical,MORTGAGE,TX,49.9,724.0,1
8500.0,55000.0,19.29,7 years,A, 36 months,debt_consolidation,MORTGAGE,SC,27.7,744.0,0
15000.0,120000.0,16.33,1 year,B, 36 months,debt_consolidation,MORTGAGE,LA,45.1,679.0,0
29975.0,75000.0,22.49,4 years,B, 36 months,debt_consolidation,OWN,CA,18.7,739.0,0
24000.0,60000.0,31.79,2 years,C, 60 months,credit_card,MORTGAGE,PA,85.4,664.0,0
35000.0,100000.0,21.61,< 1 year,B, 36 months,credit_card,MORTGAGE,CA,48.0,734.0,1
16925.0,47000.0,22.09,10+ years,E, 60 months,major_purchase,RENT,MN,42.0,684.0,1
25000.0,110000.0,23.85,10+ years,E, 60 months,debt_consolidation,MORTGAGE,OH,95.0,669.0,0
12000.0,46000.0,33.81,8 years,A, 36 months,credit_card,RENT,OH,11.8,769.0,1
10000.0,35000.0,9.6,10+ years,C, 60 months,debt_consolidation,MORTGAGE,NC,53.2,714.0,0
6000.0,43000.0,13.65,5 years,D, 36 months,debt_consolidation,RENT,CO,63.8,699.0,0
15000.0,60000.0,16.78,10+ years,B, 36 months,credit_card,MORTGAGE,MO,86.4,669.0,0
7200.0,55000.0,18.5,< 1 year,C, 36 months,debt_consolidation,RENT,KY,46.1,679.0,0
23100.0,67335.0,33.08,4 years,C, 60 months,credit_card,RENT,CA,33.0,674.0,1
25000.0,70000.0,22.1,10+ years,A, 36 months,debt_consolidation,MORTGAGE,NJ,62.8,689.0,0
35000.0,101000.0,12.24,10+ years,D, 60 months,credit_card,MORTGAGE,GA,57.7,664.0,0
16100.0,50000.0,15.96,10+ years,D, 36 months,debt_consolidation,MORTGAGE,NY,97.5,689.0,0
16000.0,60000.0,33.1,10+ years,B, 60 months,debt_consolidation,MORTGAGE,WA,57.2,704.0,0
5000.0,24000.0,5.05,3 years,B, 36 months,other,RENT,WA,26.5,754.0,0
12000.0,150000.0,20.65,3 years,B, 36 months,debt_consolidation,RENT,KS,55.8,714.0,0
26450.0,110000.0,9.16,10+ years,D, 36 months,debt_consolidation,RENT,CA,51.2,674.0,0
8400.0,86000.0,10.45,10+ years,D, 36 months,debt_consolidation,MORTGAGE,TX,69.2,664.0,0
13000.0,56000.0,21.51,5 years,C, 60 months,debt_consolidation,OWN,NC,19.4,704.0,0
10000.0,100000.0,25.55,10+ years,C, 36 months,debt_consolidation,RENT,CA,85.4,669.0,1
25000.0,60000.0,29.24,10+ years,A, 36 months,debt_consolidation,MORTGAGE,OH,90.8,719.0,0
32325.0,77000.0,25.07,2 years,D, 36 months,debt_consolidation,RENT,OH,61.4,679.0,1
24575.0,160000.0,14.09,3 years,D, 36 months,credit_card,RENT,CA,83.3,664.0,0
10000.0,94500.0,25.52,10+ years,B, 36 months,debt_consolidation,MORTGAGE,CA,80.9,714.0,0
10550.0,24000.0,30.5,6 years,E, 60 months,debt_consolidation,RENT,OH,45.8,694.0,0
30000.0,115000.0,23.14,1 year,C, 60 months,debt_consolidation,MORTGAGE,MA,69.8,694.0,0
15000.0,125000.0,13.8,9 years,A, 36 months,debt_consolidation,RENT,HI,19.4,754.0,0
12000.0,66000.0,13.27,< 1 year,C, 36 months,debt_consolidation,RENT,MA,57.6,684.0,0
8000.0,152000.0,7.17,10+ years,B, 36 months,vacation,MORTGAGE,FL,60.6,689.0,0
31025.0,80000.0,23.12,10+ years,D, 60 months,debt_consolidation,MORTGAGE,CA,42.1,699.0,0
12000.0,80000.0,24.5,10+ years,A, 36 months,home_improvement,MORTGAGE,OR,4.2,819.0,0
9200.0,28000.0,31.5,1 year,D, 36 months,debt_consolidation,RENT,CA,54.4,669.0,1
4150.0,23000.0,33.45,3 years,D, 36 months,debt_consolidation,RENT,TN,93.6,664.0,0
15000.0,76000.0,8.91,10+ years,C, 60 months,debt_consolidation,RENT,NY,59.7,704.0,0
4050.0,38000.0,16.3,3 years,E, 36 months,other,OWN,CA,77.8,664.0,1
30000.0,200000.0,14.77,1 year,D, 36 months,debt_consolidation,MORTGAGE,NJ,34.5,669.0,1
12000.0,60000.0,13.3,1 year,C, 36 months,credit_card,RENT,CA,32.8,709.0,1
15925.0,51470.0,35.63,8 years,F, 60 months,debt_consolidation,MORTGAGE,TX,66.7,669.0,0
13600.0,68000.0,20.98,9 years,F, 36 months,debt_consolidation,MORTGAGE,DE,55.7,674.0,0
8800.0,35000.0,18.28,< 1 year,C, 36 months,debt_consolidation,RENT,FL,70.0,664.0,1
12000.0,79000.0,7.66,10+ years,D, 36 months,vacation,RENT,CA,48.1,664.0,1
20000.0,75000.0,8.14,1 year,C, 60 months,debt_consolidation,MORTGAGE,TX,27.8,709.0,0
4000.0,32607.0,14.98,7 years,C, 36 months,medical,OWN,CA,44.7,694.0,1
12975.0,30913.0,33.31,10+ years,C, 60 months,debt_consolidation,MORTGAGE,AR,53.7,674.0,0
22475.0,130000.0,3.54,2 years,D, 36 months,debt_consolidation,RENT,TX,74.4,664.0,0
5600.0,47000.0,17.21,4 years,C, 36 months,debt_consolidation,MORTGAGE,NY,86.7,664.0,0
15000.0,133000.0,29.81,5 years,C, 36 months,other,RENT,FL,40.8,749.0,1
12525.0,60000.0,27.04,< 1 year,A, 36 months,debt_consolidation,MORTGAGE,IL,57.8,719.0,0
28000.0,120000.0,16.85,10+ years,A, 36 months,debt_consolidation,OWN,MD,46.1,704.0,0
19800.0,45000.0,20.43,6 years,D, 60 months,debt_consolidation,OWN,SC,72.3,664.0,0
14425.0,65000.0,13.79,7 years,B, 36 months,debt_consolidation,MORTGAGE,TX,38.9,704.0,0
11000.0,52000.0,13.56,< 1 year,D, 60 months,credit_card,RENT,CA,72.0,679.0,0
16000.0,50000.0,14.02,3 years,A, 36 months,home_improvement,MORTGAGE,AZ,24.7,714.0,0
18000.0,112000.0,17.75,1 year,C, 36 months,debt_consolidation,RENT,AZ,75.7,694.0,0
15000.0,51096.0,7.09,2 years,B, 60 months,credit_card,RENT,NY,35.7,674.0,0
8000.0,45000.0,24.72,9 years,A, 36 months,debt_consolidation,MORTGAGE,TX,20.2,764.0,0
15000.0,41600.0,14.48,< 1 year,B, 36 months,credit_card,OWN,TN,68.8,729.0,0
7200.0,85000.0,16.17,10+ years,C, 36 months,debt_consolidation,MORTGAGE,AZ,54.9,669.0,0
22175.0,230000.0,20.43,10+ years,D, 60 months,debt_consolidation,RENT,FL,61.4,694.0,0
28000.0,100000.0,18.39,10+ years,B, 36 months,debt_consolidation,MORTGAGE,NY,26.7,734.0,1
35000.0,102977.28,13.98,9 years,A, 36 months,credit_card,MORTGAGE,IL,70.0,694.0,0
28500.0,57000.0,27.41,10+ years,C, 60 months,credit_card,MORTGAGE,MI,31.4,689.0,0
12000.0,31200.0,27.19,2 years,C, 60 months,credit_card,MORTGAGE,KY,46.0,669.0,1
2800.0,52000.0,15.02,2 years,C, 36 months,medical,MORTGAGE,MS,14.5,694.0,0
20000.0,145000.0,18.38,10+ years,C, 60 months,debt_consolidation,OWN,TX,28.3,754.0,0
35000.0,112610.0,19.5,9 years,C, 60 months,credit_card,MORTGAGE,TX,63.4,689.0,0
22500.0,60000.0,27.14,2 years,B, 60 months,credit_card,MORTGAGE,AL,84.0,714.0,0
25000.0,102000.0,12.39,4 years,B, 60 months,debt_consolidation,RENT,CA,47.3,699.0,1
22000.0,45000.0,19.47,8 years,D, 60 months,debt_consolidation,MORTGAGE,TX,102.1,699.0,0
16000.0,63000.0,33.33,10+ years,D, 60 months,debt_consolidation,RENT,MN,55.1,729.0,0
18000.0,65000.0,17.43,10+ years,A, 36 months,debt_consolidation,MORTGAGE,AL,31.6,709.0,0
10000.0,100000.0,35.41,9 years,B, 36 months,credit_card,MORTGAGE,NC,59.8,694.0,0
10000.0,55000.0,29.28,< 1 year,C, 36 months,credit_card,RENT,CA,84.3,664.0,0
27125.0,59000.0,21.58,2 years,D, 60 months,debt_consolidation,OWN,MA,23.4,729.0,1
12000.0,112000.0,10.98,1 year,E, 60 months,debt_consolidation,RENT,NY,92.1,664.0,0
12150.0,86000.0,25.94,9 years,D, 60 months,credit_card,MORTGAGE,MA,83.6,684.0,1
10000.0,33800.0,26.63,2 years,B, 36 months,debt_consolidation,RENT,TN,45.6,684.0,0
8000.0,50000.0,11.11,10+ years,C, 36 months,debt_consolidation,OWN,OK,51.0,674.0,1
11000.0,41000.0,9.57,3 years,C, 60 months,debt_consolidation,RENT,PA,23.5,689.0,1
12000.0,61838.0,32.91,6 years,D, 60 months,debt_consolidation,RENT,AZ,72.0,674.0,1
15000.0,77000.0,3.58,7 years,A, 36 months,debt_consolidation,RENT,NY,24.8,764.0,0
5500.0,31944.0,18.64,< 1 year,C, 36 months,debt_consolidation,RENT,VA,86.8,664.0,0
12000.0,40000.0,34.68,10+ years,C, 36 months,debt_consolidation,RENT,GA,35.4,684.0,0
14100.0,35256.0,26.04,8 years,C, 36 months,debt_consolidation,RENT,PA,90.1,664.0,0
12600.0,42000.0,10.77,10+ years,B, 36 months,debt_consolidation,RENT,MD,28.9,674.0,0
6500.0,45000.0,26.59,8 years,B, 36 months,debt_consolidation,MORTGAGE,CA,57.8,664.0,0
16000.0,200000.0,9.79,1 year,B, 60 months,debt_consolidation,MORTGAGE,TX,57.2,699.0,0
18000.0,58760.0,35.38,10+ years,B, 60 months,credit_card,MORTGAGE,TN,63.5,709.0,0
15000.0,60000.0,14.96,10+ years,D, 60 months,debt_consolidation,MORTGAGE,RI,64.6,664.0,0
35000.0,135000.0,19.98,10+ years,D, 36 months,debt_consolidation,MORTGAGE,NE,71.8,669.0,1
26200.0,57000.0,18.1,10+ years,C, 36 months,debt_consolidation,RENT,OR,42.0,704.0,0
15650.0,75000.0,31.74,10+ years,D, 60 months,debt_consolidation,MORTGAGE,AZ,89.4,674.0,1
1600.0,40000.0,29.04,2 years,C, 36 months,debt_consolidation,RENT,GA,76.4,684.0,0
30000.0,500000.0,4.81,3 years,D, 60 months,credit_card,RENT,NY,78.9,669.0,0
7000.0,74800.0,3.14,10+ years,B, 36 months,home_improvement,MORTGAGE,GA,33.8,709.0,0
10000.0,70200.0,5.62,10+ years,C, 36 months,debt_consolidation,MORTGAGE,CA,77.3,664.0,0
5950.0,35000.0,33.37,8 years,E, 36 months,debt_consolidation,MORTGAGE,AL,62.9,734.0,0
18475.0,70000.0,15.69,6 years,E, 60 months,debt_consolidation,RENT,NJ,62.8,679.0,0
20000.0,63000.0,7.31,10+ years,B, 36 months,credit_card,MORTGAGE,MA,44.2,684.0,0
15125.0,48000.0,25.0,10+ years,E, 60 months,debt_consolidation,MORTGAGE,OH,86.2,679.0,0
10000.0,30000.0,15.88,< 1 year,C, 36 months,debt_consolidation,RENT,CA,59.6,699.0,0
10000.0,110000.0,17.38,< 1 year,A, 36 months,credit_card,MORTGAGE,MA,68.5,689.0,0
21000.0,45000.0,21.57,10+ years,B, 60 months,credit_card,RENT,AZ,76.8,709.0,1
8000.0,225000.0,1.52,3 years,A, 36 months,credit_card,MORTGAGE,CA,36.8,704.0,0
11575.0,45000.0,18.24,10+ years,C, 36 months,credit_card,MORTGAGE,KY,71.8,704.0,0
30000.0,75000.0,13.46,< 1 year,F, 60 months,credit_card,RENT,CA,73.2,679.0,0
17600.0,65000.0,27.99,10+ years,C, 60 months,debt_consolidation,MORTGAGE,NY,56.4,699.0,0
12500.0,70000.0,28.15,10+ years,C, 36 months,debt_consolidation,OWN,KY,91.5,694.0,0
10000.0,75000.0,14.32,10+ years,B, 36 months,debt_consolidation,MORTGAGE,TX,30.4,689.0,0
12000.0,28000.0,30.48,10+ years,D, 60 months,medical,OWN,TX,70.7,674.0,0
35000.0,87000.0,27.93,1 year,C, 60 months,debt_consolidation,MORTGAGE,MI,50.0,694.0,0
13800.0,75000.0,36.34,10+ years,C, 36 months,debt_consolidation,RENT,CA,98.9,684.0,0
18000.0,70000.0,21.93,2 years,A, 36 months,debt_consolidation,MORTGAGE,TX,58.5,694.0,0
4200.0,65000.0,32.57,10+ years,D, 36 months,debt_consolidation,RENT,NY,61.7,679.0,1
25000.0,150000.0,7.47,2 years,D, 60 months,major_purchase,OWN,CA,9.9,769.0,0
25300.0,55046.0,27.34,2 years,E, 60 months,other,MORTGAGE,FL,82.1,734.0,0
12000.0,25000.0,38.79,8 years,D, 60 months,credit_card,RENT,TX,54.1,689.0,1
20000.0,87000.0,21.63,10+ years,B, 60 months,home_improvement,MORTGAGE,FL,51.8,714.0,1
4000.0,32500.0,33.46,5 years,B, 36 months,debt_consolidation,RENT,CA,48.9,684.0,0
18000.0,85000.0,16.02,1 year,C, 36 months,debt_consolidation,MORTGAGE,TX,19.9,754.0,1
25000.0,100000.0,29.32,2 years,C, 36 months,debt_consolidation,RENT,TX,62.4,679.0,0
12000.0,76700.0,9.67,3 years,B, 36 months,small_business,MORTGAGE,PA,86.5,689.0,0
26000.0,86400.0,19.35,10+ years,E, 60 months,debt_consolidation,MORTGAGE,CA,92.1,704.0,1
6000.0,44017.0,17.75,1 year,A, 36 months,debt_consolidation,MORTGAGE,CO,31.1,709.0,0
11200.0,54000.0,24.6,4 years,B, 60 months,debt_consolidation,RENT,UT,41.2,764.0,0
8000.0,35000.0,26.2,3 years,C, 36 months,credit_card,OWN,CA,59.0,669.0,0
4000.0,52000.0,9.76,1 year,A, 36 months,car,RENT,LA,35.1,769.0,0
12000.0,42000.0,20.54,10+ years,B, 60 months,credit_card,MORTGAGE,NY,14.7,749.0,0
25000.0,80000.0,27.3,10+ years,A, 36 months,credit_card,MORTGAGE,IL,48.9,744.0,1
12300.0,80000.0,16.55,10+ years,B, 36 months,debt_consolidation,RENT,OH,13.1,684.0,0
20000.0,384000.0,8.94,10+ years,C, 36 months,debt_consolidation,MORTGAGE,TX,28.6,684.0,0
5000.0,50000.0,30.89,3 years,A, 36 months,debt_consolidation,MORTGAGE,SD,80.0,684.0,0
12000.0,85000.0,13.16,10+ years,D, 36 months,vacation,RENT,NV,36.6,689.0,1
27000.0,120000.0,19.88,6 years,C, 36 months,credit_card,OWN,AL,51.5,689.0,0
23100.0,68000.0,22.66,1 year,G, 60 months,small_business,RENT,IN,29.7,709.0,1
30000.0,89000.0,23.09,10+ years,F, 60 months,debt_consolidation,RENT,CA,60.3,674.0,1
29700.0,170000.0,12.04,7 years,E, 36 months,other,MORTGAGE,MI,38.9,674.0,0
15600.0,45000.0,39.42,7 years,B, 60 months,debt_consolidation,OWN,FL,55.5,719.0,0
6000.0,37000.0,7.04,10+ years,C, 36 months,debt_consolidation,RENT,IL,34.1,664.0,0
34000.0,175000.0,17.26,5 years,D, 36 months,house,MORTGAGE,OH,72.0,679.0,0
12000.0,70000.0,31.53,8 years,C, 60 months,debt_consolidation,RENT,NY,53.4,684.0,1
12000.0,80000.0,14.75,1 year,A, 36 months,debt_consolidation,RENT,IL,37.8,719.0,0
18000.0,40000.0,26.37,4 years,B, 60 months,debt_consolidation,MORTGAGE,NY,39.5,704.0,0
15000.0,68000.0,14.33,4 years,B, 36 months,debt_consolidation,MORTGAGE,PA,59.6,704.0,1
20000.0,70000.0,10.58,10+ years,B, 36 months,debt_consolidation,MORTGAGE,NJ,73.5,719.0,0
7625.0,85000.0,15.15,3 years,D, 36 months,debt_consolidation,RENT,FL,7.3,684.0,1
32800.0,107532.0,12.26,10+ years,B, 36 months,credit_card,MORTGAGE,TX,90.6,714.0,0
35000.0,250000.0,36.05,10+ years,B, 36 months,home_improvement,MORTGAGE,NY,40.2,744.0,0
10000.0,50000.0,26.5,< 1 year,D, 36 months,home_improvement,MORTGAGE,IL,0.3,689.0,0
17000.0,58000.0,20.65,10+ years,B, 36 months,credit_card,MORTGAGE,MI,84.2,724.0,0
25000.0,119000.0,8.96,10+ years,A, 36 months,home_improvement,OWN,TX,58.6,714.0,0
9700.0,124000.0,0.99,10+ years,A, 36 months,home_improvement,MORTGAGE,MD,4.0,804.0,1
7850.0,35000.0,24.76,4 years,D, 36 months,debt_consolidation,RENT,UT,22.2,689.0,0
11000.0,110000.0,6.34,2 years,A, 36 months,debt_consolidation,MORTGAGE,NC,93.8,729.0,0
15000.0,45000.0,21.84,< 1 year,C, 36 months,home_improvement,OWN,PA,51.9,664.0,1
11900.0,41600.0,13.04,10+ years,B, 60 months,debt_consolidation,OWN,TX,52.8,709.0,0
15000.0,157000.0,15.23,10+ years,C, 60 months,other,RENT,CA,68.3,689.0,0
6000.0,130000.0,2.67,10+ years,B, 36 months,debt_consolidation,MORTGAGE,IN,54.5,664.0,0
20000.0,80000.0,29.13,10+ years,C, 36 months,debt_consolidation,MORTGAGE,MD,46.0,674.0,1
28000.0,160000.0,12.98,1 year,C, 60 months,debt_consolidation,MORTGAGE,MO,55.3,679.0,0
24000.0,100000.0,24.28,3 years,E, 60 months,debt_consolidation,MORTGAGE,VA,51.3,704.0,0
12125.0,42000.0,2.57,10+ years,F, 60 months,debt_consolidation,MORTGAGE,TN,61.3,674.0,1
30000.0,80000.0,6.05,10+ years,C, 36 months,debt_consolidation,OWN,IL,98.6,699.0,0
24000.0,100000.0,22.99,8 years,C, 60 months,debt_consolidation,MORTGAGE,NY,56.2,749.0,0
30000.0,120000.0,23.97,10+ years,B, 36 months,credit_card,MORTGAGE,WI,37.3,704.0,0
24525.0,85000.0,23.55,10+ years,B, 60 months,credit_card,MORTGAGE,MD,15.3,794.0,0
28500.0,77600.0,29.91,4 years,D, 36 months,debt_consolidation,MORTGAGE,MI,53.3,669.0,0
8000.0,81000.0,15.81,6 years,C, 36 months,debt_consolidation,MORTGAGE,TX,75.3,664.0,1
24000.0,150000.0,18.91,10+ years,B, 36 months,credit_card,MORTGAGE,NC,97.8,669.0,0
3000.0,20000.0,8.92,< 1 year,B, 36 months,credit_card,RENT,NY,32.0,694.0,1
35000.0,103000.0,23.31,10+ years,A, 36 months,debt_consolidation,MORTGAGE,FL,63.0,714.0,0
22000.0,50000.0,22.83,10+ years,B, 36 months,debt_consolidation,RENT,TX,51.9,709.0,0
10000.0,89000.0,13.43,2 years,B, 36 months,home_improvement,MORTGAGE,NM,40.8,669.0,0
9600.0,50000.0,14.64,8 years,B, 36 months,vacation,OWN,OK,43.6,679.0,1
6000.0,47000.0,6.95,4 years,C, 36 months,debt_consolidation,RENT,NC,6.3,679.0,0
30000.0,74000.0,19.65,6 years,E, 60 months,debt_consolidation,MORTGAGE,VA,97.1,669.0,1
8500.0,50000.0,20.19,4 years,B, 36 months,debt_consolidation,MORTGAGE,FL,81.1,689.0,0
12925.0,109000.0,14.07,3 years,D, 36 months,debt_consolidation,RENT,ME,70.2,669.0,0
14400.0,100000.0,9.9,7 years,B, 36 months,credit_card,RENT,NY,76.6,674.0,0
4800.0,96400.0,19.31,10+ years,B, 36 months,debt_consolidation,RENT,CO,34.0,684.0,0
3925.0,38000.0,16.65,6 years,E, 36 months,debt_consolidation,RENT,FL,18.6,669.0,0
4000.0,48000.0,6.73,10+ years,B, 36 months,debt_consolidation,OWN,SC,47.6,664.0,0
10000.0,44000.0,25.23,10+ years,D, 60 months,debt_consolidation,MORTGAGE,WI,26.0,734.0,0
35000.0,120000.0,26.13,9 years,C, 36 months,debt_consolidation,MORTGAGE,VA,85.3,694.0,0
12625.0,68000.0,28.08,10+ years,C, 60 months,debt_consolidation,MORTGAGE,CT,40.0,689.0,1
5000.0,55000.0,19.05,6 years,A, 36 months,credit_card,RENT,IL,34.5,759.0,0
12000.0,80000.0,12.33,7 years,A, 36 months,credit_card,MORTGAGE,OK,12.9,724.0,0
8000.0,45000.0,3.65,6 years,C, 36 months,debt_consolidation,MORTGAGE,AZ,28.5,689.0,0
20000.0,78885.0,8.11,10+ years,A, 36 months,credit_card,MORTGAGE,NY,47.2,759.0,0
5000.0,31470.0,10.26,< 1 year,C, 36 months,debt_consolidation,RENT,MI,39.2,674.0,1
28000.0,100000.0,14.71,1 year,A, 36 months,credit_card,MORTGAGE,KS,69.4,714.0,0
25000.0,95000.0,23.11,10+ years,D, 36 months,debt_consolidation,MORTGAGE,WA,41.2,664.0,1
9900.0,65000.0,23.17,10+ years,C, 36 months,other,MORTGAGE,TX,61.6,694.0,1
15000.0,60000.0,8.86,7 years,C, 60 months,debt_consolidation,RENT,NV,48.7,664.0,0
10000.0,45000.0,31.93,6 years,B, 36 months,credit_card,OWN,TX,46.0,714.0,0
5000.0,63000.0,36.97,7 years,B, 36 months,debt_consolidation,MORTGAGE,FL,8.9,779.0,1
28000.0,120000.0,16.96,10+ years,A, 36 months,debt_consolidation,MORTGAGE,TX,24.4,724.0,0
9600.0,45500.0,32.52,< 1 year,A, 36 months,debt_consolidation,RENT,LA,17.5,739.0,0
17900.0,94000.0,11.25,10+ years,D, 60 months,credit_card,OWN,NY,42.8,664.0,0
21000.0,175000.0,20.38,2 years,C, 60 months,debt_consolidation,RENT,NY,78.7,699.0,1
5000.0,35000.0,21.57,7 years,B, 36 months,debt_consolidation,RENT,CA,69.3,664.0,0
9000.0,55000.0,18.59,10+ years,C, 36 months,debt_consolidation,RENT,NY,85.6,669.0,0
12500.0,70000.0,12.52,10+ years,C, 60 months,credit_card,MORTGAGE,CO,76.1,689.0,0
18000.0,137222.0,19.18,8 years,C, 60 months,debt_consolidation,RENT,VA,100.9,664.0,0
7575.0,27000.0,16.31,2 years,C, 36 months,credit_card,RENT,MI,92.8,664.0,0
12000.0,30000.0,35.24,10+ years,C, 60 months,debt_consolidation,RENT,AL,54.8,674.0,1
6000.0,50000.0,16.99,9 years,B, 36 months,vacation,OWN,HI,51.2,664.0,0
6000.0,140000.0,22.75,10+ years,A, 36 months,credit_card,MORTGAGE,IN,62.9,719.0,0
5000.0,117500.0,7.51,3 years,A, 36 months,credit_card,RENT,NJ,53.4,684.0,0
9600.0,34000.0,14.93,2 years,B, 36 months,debt_consolidation,RENT,MA,71.6,669.0,0
9600.0,66196.0,24.27,10+ years,A, 36 months,credit_card,RENT,CA,40.5,694.0,0
11600.0,100000.0,10.31,< 1 year,A, 36 months,home_improvement,OWN,FL,37.8,779.0,0
12000.0,45000.0,9.2,10+ years,C, 60 months,debt_consolidation,MORTGAGE,MI,44.1,709.0,0
12000.0,71136.0,10.24,10+ years,C, 60 months,debt_consolidation,MORTGAGE,MD,4.3,729.0,0
8275.0,18000.0,16.27,10+ years,D, 36 months,debt_consolidation,RENT,CA,38.0,724.0,0
5000.0,114000.0,17.98,10+ years,B, 36 months,debt_consolidation,MORTGAGE,CA,76.0,684.0,0
28000.0,105000.0,28.0,3 years,A, 36 months,home_improvement,MORTGAGE,OK,12.0,784.0,0
14000.0,85000.0,12.28,3 years,D, 60 months,debt_consolidation,RENT,NJ,88.9,689.0,0
20000.0,78500.0,26.04,10+ years,C, 60 months,debt_consolidation,MORTGAGE,NJ,49.3,699.0,0
16000.0,80000.0,8.44,1 year,B, 36 months,credit_card,RENT,DC,92.1,674.0,0
13500.0,62000.0,21.14,9 years,C, 60 months,debt_consolidation,MORTGAGE,TN,83.6,664.0,0
5000.0,28250.0,15.59,3 years,C, 36 months,debt_consolidation,MORTGAGE,FL,25.5,664.0,1
11000.0,210000.0,12.09,1 year,C, 36 months,credit_card,RENT,IL,57.1,684.0,0
4000.0,80000.0,26.0,2 years,C, 36 months,debt_consolidation,RENT,CA,50.1,689.0,0
10000.0,50000.0,12.31,10+ years,B, 36 months,other,OWN,MI,82.8,684.0,0
4450.0,56000.0,19.07,2 years,D, 36 months,debt_consolidation,RENT,DC,36.5,684.0,1
20000.0,80000.0,28.85,1 year,C, 36 months,debt_consolidation,RENT,TX,71.9,679.0,0
24000.0,145000.0,10.83,10+ years,C, 60 months,debt_consolidation,MORTGAGE,NY,40.8,674.0,1
6000.0,46000.0,36.16,5 years,C, 36 months,credit_card,OWN,TX,30.6,684.0,1
21000.0,210000.0,20.77,2 years,C, 36 months,debt_consolidation,MORTGAGE,PA,79.2,699.0,0
2575.0,32196.0,30.08,8 years,D, 36 months,debt_consolidation,MORTGAGE,NC,75.3,664.0,0
12000.0,95472.0,10.02,10+ years,A, 36 months,debt_consolidation,MORTGAGE,NC,92.9,689.0,0
10500.0,109000.0,5.98,4 years,B, 36 months,debt_consolidation,MORTGAGE,AL,28.1,759.0,0
13725.0,34347.0,21.63,10+ years,C, 36 months,debt_consolidation,OWN,AL,73.5,664.0,0
12000.0,43000.0,8.29,7 years,B, 60 months,debt_consolidation,OWN,NJ,22.6,739.0,0
3500.0,30000.0,16.56,2 years,C, 36 months,other,MORTGAGE,VA,84.4,684.0,1
12000.0,69000.0,15.88,10+ years,C, 60 months,debt_consolidation,MORTGAGE,MO,80.0,704.0,1
24425.0,90000.0,39.13,10+ years,E, 60 months,debt_consolidation,MORTGAGE,GA,73.0,679.0,0
16000.0,69000.0,10.3,< 1 year,A, 36 months,credit_card,RENT,TX,25.0,729.0,0
7500.0,26640.0,17.75,< 1 year,A, 36 months,debt_consolidation,RENT,TX,14.2,734.0,0
10800.0,52000.0,22.96,2 years,D, 60 months,debt_consolidation,OWN,IN,43.7,664.0,0
13000.0,89000.0,10.45,2 years,B, 36 months,debt_consolidation,RENT,TX,92.1,669.0,0
10400.0,60000.0,31.8,1 year,B, 36 months,credit_card,MORTGAGE,MO,40.7,684.0,0
20000.0,55000.0,23.35,8 years,C, 60 months,debt_consolidation,MORTGAGE,CA,53.6,679.0,0
9000.0,56000.0,22.29,3 years,C, 36 months,debt_consolidation,RENT,MA,36.1,664.0,0
12100.0,45000.0,16.08,< 1 year,G, 36 months,debt_consolidation,RENT,CA,52.8,664.0,1
14000.0,40000.0,16.32,6 years,C, 60 months,debt_consolidation,OWN,TN,31.4,699.0,1
5000.0,93000.0,23.06,8 years,A, 36 months,home_improvement,MORTGAGE,CO,33.8,704.0,0
22000.0,83000.0,23.62,< 1 year,B, 36 months,debt_consolidation,MORTGAGE,NV,56.6,679.0,1
20000.0,64000.0,25.0,4 years,C, 36 months,debt_consolidation,RENT,NY,71.0,669.0,1
12000.0,70867.0,27.47,10+ years,C, 60 months,credit_card,MORTGAGE,NY,47.3,664.0,0
17000.0,50000.0,34.31,7 years,E, 36 months,debt_consolidation,MORTGAGE,NY,93.8,684.0,0
15000.0,48000.0,20.53,9 years,B, 60 months,credit_card,MORTGAGE,IL,77.8,704.0,0
21000.0,90000.0,34.63,10+ years,C, 60 months,debt_consolidation,RENT,CO,68.6,724.0,0
17000.0,40500.0,22.37,1 year,C, 36 months,debt_consolidation,MORTGAGE,TX,42.1,674.0,0
20375.0,580000.0,0.88,10+ years,D, 36 months,house,MORTGAGE,TX,16.2,674.0,1
20000.0,150000.0,8.6,10+ years,C, 60 months,home_improvement,MORTGAGE,MN,67.3,694.0,0
11200.0,92000.0,13.46,10+ years,E, 60 months,vacation,RENT,CA,17.9,729.0,1
23000.0,56000.0,12.18,10+ years,B, 60 months,debt_consolidation,MORTGAGE,MI,81.3,734.0,0
8000.0,51840.0,9.42,2 years,A, 36 months,debt_consolidation,RENT,CA,37.1,719.0,0
11200.0,72000.0,15.58,10+ years,B, 36 months,other,MORTGAGE,GA,81.6,674.0,0
5000.0,96000.0,21.81,10+ years,A, 36 months,debt_consolidation,MORTGAGE,MS,60.0,714.0,0
4000.0,36000.0,18.11,10+ years,B, 36 months,other,MORTGAGE,TN,45.9,699.0,0
3000.0,50000.0,32.14,10+ years,B, 36 months,debt_consolidation,MORTGAGE,MI,85.6,679.0,0
35000.0,85000.0,22.46,3 years,C, 36 months,debt_consolidation,OWN,KY,38.6,664.0,0
8000.0,53000.0,36.64,10+ years,B, 36 months,other,MORTGAGE,CA,71.0,719.0,0
35000.0,110000.0,15.96,6 years,E, 60 months,credit_card,MORTGAGE,TX,34.4,714.0,0
10000.0,54000.0,12.04,10+ years,C, 36 months,debt_consolidation,RENT,CT,92.0,664.0,0
12000.0,47500.0,4.7,8 years,A, 36 months,home_improvement,MORTGAGE,GA,30.7,724.0,0
5800.0,40000.0,25.5,3 years,C, 36 months,debt_consolidation,MORTGAGE,KS,76.7,669.0,1
8000.0,65500.0,12.95,2 years,C, 36 months,other,MORTGAGE,TX,31.2,664.0,0
25000.0,96000.0,12.08,10+ years,C, 36 months,debt_consolidation,RENT,NY,98.7,664.0,0
14000.0,55000.0,11.19,2 years,C, 60 months,debt_consolidation,MORTGAGE,IN,82.5,704.0,1
9500.0,120000.0,10.42,10+ years,B, 36 months,small_business,OWN,MN,44.4,719.0,0
23400.0,52000.0,31.96,10+ years,B, 36 months,debt_consolidation,MORTGAGE,FL,74.0,709.0,0
6000.0,68580.0,23.6,10+ years,D, 36 months,debt_consolidation,MORTGAGE,CO,45.8,684.0,0
8750.0,44000.0,5.21,10+ years,E, 36 months,debt_consolidation,RENT,FL,71.7,669.0,0
9000.0,24000.0,25.6,4 years,C, 36 months,debt_consolidation,OWN,LA,42.1,674.0,0
9600.0,79000.0,38.9,3 years,C, 36 months,debt_consolidation,MORTGAGE,MI,87.7,674.0,1
15000.0,40000.0,16.59,4 years,C, 36 months,credit_card,OWN,NJ,46.5,694.0,1
18000.0,90000.0,14.93,10+ years,A, 36 months,credit_card,MORTGAGE,NC,33.2,769.0,0
28000.0,115000.0,16.42,7 years,C, 36 months,debt_consolidation,RENT,CA,93.1,684.0,0
6000.0,26000.0,36.2,10+ years,B, 36 months,debt_consolidation,OWN,MO,31.6,709.0,0
13875.0,90000.0,16.99,7 years,C, 36 months,debt_consolidation,RENT,NJ,43.3,664.0,0
15000.0,65000.0,15.31,5 years,A, 36 months,credit_card,RENT,NY,65.8,719.0,0
24000.0,52000.0,24.26,1 year,C, 60 months,debt_consolidation,MORTGAGE,UT,62.1,674.0,0
14000.0,29500.0,6.27,10+ years,B, 36 months,debt_consolidation,MORTGAGE,AL,38.6,684.0,0
5200.0,35000.0,29.9,8 years,C, 36 months,debt_consolidation,RENT,TX,29.6,714.0,0
18000.0,100000.0,10.85,10+ years,B, 36 months,home_improvement,OWN,MD,29.9,704.0,1
28000.0,208000.0,4.17,7 years,A, 36 months,home_improvement,MORTGAGE,TX,8.1,734.0,0
20000.0,120000.0,16.31,10+ years,A, 36 months,debt_consolidation,OWN,CA,28.8,719.0,0
12750.0,48000.0,12.4,10+ years,B, 36 months,debt_consolidation,RENT,UT,54.1,704.0,1
25000.0,100000.0,24.34,10+ years,B, 60 months,debt_consolidation,MORTGAGE,NY,86.5,709.0,0
12000.0,50000.0,20.64,4 years,E, 60 months,credit_card,RENT,NV,72.2,684.0,0
3000.0,18000.0,10.07,1 year,B, 36 months,debt_consolidation,RENT,TX,10.6,729.0,0
20000.0,106000.0,22.86,5 years,C, 60 months,major_purchase,MORTGAGE,MA,73.2,689.0,0
12000.0,63000.0,17.18,6 years,A, 36 months,credit_card,MORTGAGE,TX,49.3,729.0,0
15000.0,50000.0,28.97,10+ years,B, 36 months,debt_consolidation,RENT,CA,39.4,704.0,0
30000.0,100000.0,10.79,3 years,C, 36 months,debt_consolidation,RENT,NJ,87.6,674.0,0
20000.0,96000.0,33.64,8 years,D, 60 months,debt_consolidation,MORTGAGE,CO,55.4,694.0,0
10000.0,50000.0,22.47,5 years,D, 36 months,vacation,RENT,NY,41.4,699.0,0
15000.0,98000.0,15.63,< 1 year,D, 36 months,debt_consolidation,MORTGAGE,FL,57.5,669.0,0
4800.0,37816.0,28.21,2 years,C, 36 months,debt_consolidation,OWN,TN,59.9,669.0,0
18000.0,153000.0,27.54,10+ years,B, 36 months,debt_consolidation,MORTGAGE,IN,92.0,694.0,0
24925.0,85000.0,35.15,1 year,E, 60 months,debt_consolidation,MORTGAGE,NM,83.2,684.0,0
5000.0,35000.0,22.86,10+ years,A, 36 months,debt_consolidation,RENT,NJ,61.4,739.0,0
15000.0,55000.0,17.74,3 years,A, 36 months,credit_card,RENT,CA,73.4,744.0,0
4000.0,69000.0,28.4,10+ years,B, 36 months,credit_card,RENT,WA,88.4,724.0,0
20000.0,85280.0,25.74,10+ years,A, 60 months,debt_consolidation,MORTGAGE,OH,30.4,764.0,0
25000.0,77000.0,7.37,10+ years,B, 60 months,debt_consolidation,MORTGAGE,OH,50.7,749.0,0
12000.0,60000.0,35.4,10+ years,B, 36 months,debt_consolidation,RENT,NY,87.1,679.0,0
29325.0,139256.0,39.77,10+ years,B, 36 months,credit_card,MORTGAGE,NY,64.2,729.0,0
3200.0,45000.0,9.15,8 years,B, 36 months,home_improvement,MORTGAGE,UT,16.5,679.0,1
13825.0,75000.0,6.19,5 years,F, 60 months,small_business,RENT,MA,10.3,804.0,0
1400.0,64000.0,34.95,3 years,C, 36 months,other,MORTGAGE,NC,67.2,704.0,0
20600.0,51500.0,16.16,10+ years,F, 60 months,credit_card,RENT,CA,63.8,669.0,1
15000.0,30000.0,31.56,1 year,E, 60 months,debt_consolidation,MORTGAGE,OR,87.3,669.0,0
6000.0,35000.0,3.59,1 year,A, 36 months,debt_consolidation,OWN,FL,5.9,714.0,0
10050.0,45000.0,30.53,8 years,B, 36 months,credit_card,MORTGAGE,MA,40.8,724.0,0
12000.0,127000.0,14.45,10+ years,B, 60 months,medical,MORTGAGE,TX,94.0,674.0,0
25500.0,65000.0,10.14,8 years,C, 36 months,debt_consolidation,RENT,VA,61.8,674.0,0
23550.0,85000.0,23.39,10+ years,F, 60 months,debt_consolidation,MORTGAGE,OK,33.0,679.0,0
6000.0,46000.0,15.99,5 years,B, 36 months,debt_consolidation,RENT,CA,42.9,694.0,0
2750.0,75000.0,6.03,< 1 year,D, 36 months,debt_consolidation,RENT,TX,59.9,664.0,0
13200.0,50000.0,13.87,3 years,B, 60 months,debt_consolidation,RENT,CA,51.0,709.0,0
16000.0,68000.0,25.38,3 years,B, 36 months,credit_card,RENT,NY,78.5,704.0,0
23000.0,55000.0,16.65,2 years,C, 36 months,credit_card,RENT,MA,77.2,669.0,0
24000.0,65000.0,24.94,1 year,B, 36 months,other,MORTGAGE,TX,54.1,689.0,0
22875.0,52000.0,16.69,10+ years,C, 36 months,debt_consolidation,RENT,TX,5.1,719.0,0
20000.0,160000.0,17.72,10+ years,B, 36 months,debt_consolidation,MORTGAGE,TX,55.2,704.0,0
11850.0,76000.0,15.81,6 years,C, 36 months,debt_consolidation,RENT,CO,23.0,684.0,0
3500.0,28000.0,20.15,1 year,B, 36 months,other,MORTGAGE,OH,0.0,674.0,0
8000.0,30000.0,14.64,6 years,C, 36 months,debt_consolidation,OWN,OH,6.1,684.0,0
17500.0,35000.0,24.45,4 years,F, 60 months,major_purchase,OWN,AL,70.3,689.0,0
10000.0,90000.0,16.8,5 years,B, 36 months,credit_card,MORTGAGE,NJ,62.9,674.0,0
24000.0,100000.0,26.83,9 years,A, 36 months,debt_consolidation,MORTGAGE,MI,56.4,679.0,0
28000.0,80000.0,12.5,6 years,A, 36 months,credit_card,RENT,NY,47.0,719.0,0
32500.0,110000.0,14.92,10+ years,D, 36 months,home_improvement,MORTGAGE,OR,20.7,699.0,0
27025.0,675000.0,13.44,10+ years,A, 36 months,debt_consolidation,MORTGAGE,GA,40.7,704.0,0
3500.0,70000.0,11.07,10+ years,C, 36 months,credit_card,MORTGAGE,IL,75.8,664.0,0
6000.0,60000.0,12.65,10+ years,C, 36 months,home_improvement,MORTGAGE,CA,58.0,669.0,0
11550.0,33000.0,25.75,< 1 year,D, 36 months,credit_card,OWN,MA,45.0,694.0,0
30000.0,88500.0,16.49,8 years,B, 36 months,debt_consolidation,RENT,AZ,74.0,679.0,1
10000.0,33500.0,34.11,1 year,C, 36 months,debt_consolidation,RENT,IL,40.5,684.0,1
7200.0,23000.0,23.88,2 years,C, 36 months,debt_consolidation,RENT,PA,59.8,669.0,1
17000.0,75000.0,14.59,2 years,A, 36 months,credit_card,OWN,FL,28.8,764.0,0
28000.0,70000.0,27.86,10+ years,D, 60 months,debt_consolidation,RENT,PA,87.8,669.0,0
7000.0,83000.0,13.65,10+ years,B, 36 months,debt_consolidation,MORTGAGE,OR,84.8,669.0,0
24000.0,68000.0,12.46,9 years,B, 36 months,debt_consolidation,MORTGAGE,PA,58.2,679.0,0
25000.0,75000.0,7.58,10+ years,C, 60 months,home_improvement,OWN,GA,100.0,714.0,1
18000.0,70000.0,21.79,10+ years,A, 36 months,debt_consolidation,RENT,IL,14.2,709.0,0
20000.0,68000.0,22.84,10+ years,B, 36 months,debt_consolidation,MORTGAGE,VA,84.3,679.0,0
6550.0,16425.0,16.15,1 year,C, 36 months,debt_consolidation,RENT,CO,73.7,664.0,0
10500.0,38100.0,19.97,8 years,A, 36 months,credit_card,MORTGAGE,GA,67.7,689.0,0
8000.0,126000.0,22.99,4 years,B, 36 months,debt_consolidation,MORTGAGE,TX,88.7,664.0,0
20375.0,70000.0,28.01,< 1 year,C, 60 months,debt_consolidation,RENT,TX,33.7,739.0,0
35000.0,150000.0,4.19,4 years,A, 36 months,credit_card,RENT,FL,33.9,749.0,0
13200.0,55000.0,29.02,10+ years,D, 36 months,debt_consolidation,RENT,CA,70.8,669.0,0
33175.0,204000.0,24.96,5 years,B, 36 months,debt_consolidation,MORTGAGE,CA,66.4,709.0,0
10000.0,85000.0,13.72,4 years,B, 36 months,credit_card,MORTGAGE,PA,72.7,664.0,1
26675.0,123000.0,19.34,2 years,A, 36 months,credit_card,RENT,FL,40.9,764.0,0
12000.0,95000.0,15.31,8 years,B, 36 months,credit_card,RENT,NY,62.9,679.0,0
13400.0,71000.0,29.61,10+ years,D, 36 months,debt_consolidation,RENT,CO,57.0,674.0,1
21000.0,109000.0,25.72,9 years,B, 36 months,debt_consolidation,RENT,OH,93.0,679.0,0
10000.0,70000.0,19.3,3 years,B, 36 months,debt_consolidation,RENT,IN,61.4,669.0,0
16800.0,40000.0,21.06,1 year,E, 60 months,debt_consolidation,MORTGAGE,VA,59.3,669.0,0
6300.0,21000.0,5.75,7 years,F, 36 months,other,RENT,MA,93.9,664.0,0
14000.0,55000.0,18.39,< 1 year,A, 36 months,credit_card,MORTGAGE,CA,33.0,714.0,0
26400.0,75000.0,28.14,9 years,D, 36 months,debt_consolidation,MORTGAGE,IN,47.7,709.0,0
10500.0,70000.0,21.4,3 years,A, 36 months,debt_consolidation,RENT,AZ,44.0,719.0,0
28000.0,75000.0,23.08,10+ years,B, 36 months,credit_card,MORTGAGE,CA,57.4,699.0,0
3200.0,110000.0,1.46,8 years,A, 36 months,debt_consolidation,RENT,NY,2.2,809.0,0
22400.0,50000.0,22.68,3 years,C, 60 months,debt_consolidation,RENT,PA,47.5,674.0,0
16000.0,56000.0,16.67,9 years,C, 60 months,home_improvement,OWN,DC,3.9,679.0,0
7200.0,68000.0,3.0,2 years,B, 36 months,major_purchase,MORTGAGE,CT,10.0,709.0,0
20000.0,60000.0,16.72,8 years,D, 60 months,debt_consolidation,MORTGAGE,NC,63.7,669.0,0
2575.0,48900.0,29.45,2 years,D, 36 months,debt_consolidation,RENT,NM,76.0,669.0,0
12000.0,89000.0,25.26,2 years,C, 36 months,debt_consolidation,RENT,TX,48.4,669.0,0
5000.0,27450.0,19.85,10+ years,B, 36 months,other,MORTGAGE,OH,11.6,779.0,0
12000.0,50000.0,25.89,4 years,A, 36 months,credit_card,RENT,CA,47.7,744.0,1
18000.0,138000.0,12.17,8 years,A, 36 months,credit_card,MORTGAGE,CA,54.0,699.0,0
15000.0,120000.0,19.54,10+ years,B, 36 months,debt_consolidation,MORTGAGE,MN,57.0,669.0,0
16800.0,71000.0,28.6,< 1 year,F, 60 months,credit_card,RENT,VA,53.5,679.0,1
16075.0,34000.0,28.34,5 years,D, 60 months,debt_consolidation,MORTGAGE,TN,66.7,684.0,0
18000.0,91800.0,13.76,10+ years,B, 36 months,debt_consolidation,MORTGAGE,GA,83.3,684.0,0
12000.0,62239.0,16.68,10+ years,D, 60 months,debt_consolidation,MORTGAGE,SC,70.0,664.0,0
30000.0,110000.0,17.78,5 years,B, 36 months,credit_card,MORTGAGE,TX,48.1,694.0,0
10000.0,70000.0,18.33,1 year,B, 36 months,debt_consolidation,RENT,CA,19.6,674.0,0
2800.0,40000.0,32.55,2 years,D, 36 months,debt_consolidation,RENT,MN,60.3,679.0,0
17600.0,40000.0,28.86,7 years,D, 60 months,debt_consolidation,RENT,CA,58.1,689.0,1
12000.0,50897.0,31.0,8 years,E, 60 months,debt_consolidation,OWN,NY,22.8,709.0,1
15000.0,59299.76,23.64,< 1 year,B, 36 months,home_improvement,MORTGAGE,KS,90.7,664.0,0
24000.0,150000.0,14.99,1 year,C, 36 months,debt_consolidation,OWN,GA,72.3,684.0,1
20350.0,50000.0,14.67,1 year,D, 60 months,debt_consolidation,MORTGAGE,ME,41.4,674.0,0
7200.0,67000.0,19.08,10+ years,C, 36 months,debt_consolidation,MORTGAGE,AR,89.9,664.0,0
16000.0,45000.0,15.79,10+ years,A, 36 months,home_improvement,MORTGAGE,GA,26.4,804.0,0
28000.0,80000.0,12.14,10+ years,B, 60 months,debt_consolidation,MORTGAGE,AR,24.9,799.0,0
11425.0,65000.0,15.36,10+ years,F, 60 months,debt_consolidation,MORTGAGE,CA,93.6,664.0,0
8000.0,89000.0,3.86,10+ years,B, 36 months,debt_consolidation,MORTGAGE,VA,44.1,679.0,0
12000.0,40000.0,34.41,2 years,D, 60 months,moving,RENT,CA,32.2,669.0,0
3000.0,35000.0,12.21,2 years,C, 36 months,other,MORTGAGE,OH,10.8,674.0,0
17000.0,105000.0,33.34,10+ years,B, 36 months,credit_card,MORTGAGE,TX,73.4,699.0,0
11325.0,46000.0,19.07,6 years,D, 60 months,debt_consolidation,RENT,OR,84.2,684.0,0
10000.0,50000.0,25.13,< 1 year,B, 36 months,credit_card,RENT,IN,48.2,709.0,1
15000.0,40000.0,23.37,5 years,B, 36 months,debt_consolidation,RENT,NJ,23.0,714.0,1
6000.0,60000.0,22.86,4 years,C, 36 months,credit_card,MORTGAGE,MN,43.0,664.0,1
24000.0,150000.0,10.82,7 years,A, 36 months,credit_card,MORTGAGE,OK,31.3,774.0,0
14400.0,80000.0,9.51,< 1 year,C, 36 months,credit_card,RENT,CA,50.7,684.0,0
25000.0,109952.0,13.23,10+ years,A, 36 months,credit_card,MORTGAGE,FL,66.8,739.0,0
18000.0,45000.0,8.45,3 years,A, 36 months,debt_consolidation,MORTGAGE,MA,23.8,749.0,0
20000.0,60000.0,26.54,4 years,A, 36 months,debt_consolidation,MORTGAGE,OR,31.8,729.0,0
8000.0,75000.0,13.01,3 years,B, 36 months,credit_card,MORTGAGE,AZ,35.6,744.0,0
12000.0,51000.0,31.78,5 years,A, 36 months,credit_card,MORTGAGE,PA,32.5,734.0,0
24375.0,158488.0,9.88,10+ years,D, 60 months,debt_consolidation,MORTGAGE,FL,65.3,689.0,0
11350.0,38000.0,16.8,10+ years,B, 36 months,debt_consolidation,RENT,NY,41.8,684.0,0
8000.0,30000.0,39.96,1 year,C, 36 months,debt_consolidation,OWN,MI,85.7,709.0,0
4000.0,60000.0,4.03,8 years,E, 36 months,debt_consolidation,RENT,CA,46.4,679.0,0
10000.0,125000.0,12.88,1 year,B, 36 months,debt_consolidation,MORTGAGE,TX,62.3,679.0,0
35000.0,250000.0,13.43,10+ years,A, 36 months,credit_card,RENT,CA,43.3,709.0,0
8500.0,65000.0,6.5,4 years,B, 36 months,credit_card,RENT,MA,77.0,669.0,0
32200.0,70000.0,25.46,9 years,E, 60 months,credit_card,OWN,PA,88.0,699.0,0
26800.0,65000.0,24.17,10+ years,E, 60 months,debt_consolidation,MORTGAGE,NC,31.3,674.0,0
14000.0,140000.0,11.04,6 years,B, 60 months,medical,RENT,GA,21.8,709.0,0
21000.0,65000.0,25.87,6 years,C, 36 months,credit_card,OWN,NJ,79.3,664.0,0
8000.0,70000.0,14.56,8 years,B, 36 months,other,MORTGAGE,CA,64.6,699.0,0
11200.0,70000.0,30.02,8 years,D, 60 months,debt_consolidation,RENT,PA,50.8,674.0,0
7000.0,172000.0,15.63,10+ years,C, 36 months,debt_consolidation,RENT,SC,55.8,674.0,0
6400.0,44000.0,21.69,3 years,B, 36 months,credit_card,MORTGAGE,TX,15.7,694.0,0
17775.0,76089.0,5.16,7 years,D, 60 months,debt_consolidation,RENT,NY,38.2,689.0,1
17000.0,58000.0,25.63,10+ years,A, 60 months,debt_consolidation,MORTGAGE,AZ,20.9,789.0,0
28000.0,80200.0,24.73,8 years,D, 60 months,debt_consolidation,MORTGAGE,AL,72.0,664.0,0
9600.0,22000.0,13.04,< 1 year,B, 36 months,credit_card,RENT,CA,26.6,724.0,1
3000.0,65000.0,23.76,< 1 year,B, 36 months,home_improvement,MORTGAGE,NC,62.4,679.0,0
29000.0,70000.0,17.37,8 years,B, 60 months,debt_consolidation,MORTGAGE,MI,71.9,724.0,0
20000.0,150000.0,12.75,10+ years,B, 60 months,debt_consolidation,RENT,TX,68.2,699.0,0
31200.0,100000.0,14.82,10+ years,C, 36 months,debt_consolidation,MORTGAGE,NJ,15.0,759.0,0
8175.0,22000.0,12.06,4 years,F, 36 months,house,RENT,MD,4.8,784.0,1
21000.0,70000.0,17.33,1 year,B, 36 months,home_improvement,MORTGAGE,FL,72.6,709.0,1
2500.0,67000.0,30.66,10+ years,C, 36 months,other,RENT,CA,55.9,704.0,0
11500.0,33000.0,25.17,10+ years,C, 36 months,debt_consolidation,RENT,TX,10.2,674.0,0
15075.0,41000.0,19.38,10+ years,B, 36 months,debt_consolidation,RENT,FL,53.6,734.0,0
20000.0,81000.0,17.74,10+ years,B, 36 months,debt_consolidation,OWN,MS,97.1,664.0,0
10125.0,100000.0,21.05,3 years,F, 36 months,medical,RENT,TX,47.2,664.0,0
25000.0,180000.0,6.89,10+ years,D, 60 months,debt_consolidation,MORTGAGE,NY,41.3,684.0,0
4000.0,52000.0,21.51,< 1 year,A, 36 months,debt_consolidation,RENT,VA,27.4,689.0,0
12000.0,52000.0,12.06,9 years,A, 36 months,debt_consolidation,MORTGAGE,GA,39.9,729.0,0
17425.0,72000.0,30.47,6 years,C, 36 months,home_improvement,OWN,LA,93.5,699.0,0
15000.0,52000.0,35.35,8 years,B, 36 months,credit_card,MORTGAGE,LA,40.9,704.0,0
10000.0,33000.0,27.35,3 years,E, 60 months,debt_consolidation,MORTGAGE,TN,61.7,704.0,1
15000.0,54000.0,11.49,7 years,E, 60 months,credit_card,RENT,NY,21.0,699.0,0
5000.0,31200.0,9.08,4 years,B, 36 months,debt_consolidation,RENT,CA,37.3,664.0,0
10000.0,150000.0,7.56,8 years,B, 36 months,debt_consolidation,RENT,CA,23.0,674.0,1
31200.0,111000.0,16.4,10+ years,C, 60 months,debt_consolidation,MORTGAGE,CA,42.0,689.0,0
16800.0,57000.0,30.46,8 years,C, 60 months,debt_consolidation,RENT,OR,37.6,684.0,1
16000.0,63016.0,25.71,1 year,C, 36 months,debt_consolidation,MORTGAGE,NE,54.8,694.0,0
6000.0,48000.0,5.89,10+ years,C, 36 months,credit_card,OWN,NY,40.6,674.0,0
25000.0,85000.0,13.38,10+ years,C, 36 months,debt_consolidation,MORTGAGE,MD,84.8,669.0,0
24000.0,59000.0,32.47,10+ years,D, 60 months,car,RENT,CA,68.5,664.0,1
27600.0,60000.0,31.54,< 1 year,D, 60 months,credit_card,MORTGAGE,NV,67.6,704.0,1
1000.0,30000.0,18.63,8 years,C, 36 months,debt_consolidation,OWN,AR,55.8,674.0,0
19800.0,45000.0,22.29,4 years,C, 36 months,debt_consolidation,MORTGAGE,AZ,63.8,699.0,0
13200.0,48000.0,28.73,10+ years,A, 36 months,debt_consolidation,RENT,CO,35.7,689.0,0
14000.0,72000.0,19.62,7 years,A, 60 months,debt_consolidation,RENT,WI,33.7,729.0,0
15000.0,68000.0,9.23,4 years,A, 36 months,credit_card,MORTGAGE,TX,26.6,709.0,0
3000.0,58000.0,9.48,6 years,B, 36 months,credit_card,RENT,PA,32.2,679.0,0
10000.0,70000.0,19.05,10+ years,D, 60 months,debt_consolidation,MORTGAGE,IL,79.2,664.0,0
12000.0,36000.0,15.6,10+ years,A, 36 months,debt_consolidation,RENT,MI,36.2,769.0,0
15000.0,47000.0,34.42,1 year,A, 36 months,debt_consolidation,RENT,MI,7.5,789.0,0
11000.0,99800.0,7.72,3 years,C, 36 months,debt_consolidation,RENT,WA,33.8,704.0,0
18525.0,65000.0,34.73,10+ years,B, 36 months,debt_consolidation,RENT,NV,45.1,689.0,1
1800.0,32000.0,27.98,< 1 year,C, 36 months,other,MORTGAGE,GA,31.3,674.0,0
13450.0,29280.0,31.02,2 years,D, 60 months,credit_card,MORTGAGE,TX,61.2,689.0,1
2200.0,24019.2,33.88,10+ years,D, 36 months,other,OWN,NC,67.4,674.0,1
13950.0,38785.0,32.05,8 years,E, 60 months,debt_consolidation,RENT,CO,35.3,674.0,0
12000.0,100000.0,18.77,10+ years,A, 36 months,credit_card,OWN,KS,30.4,699.0,0
2100.0,42000.0,16.94,2 years,C, 36 months,debt_consolidation,RENT,CA,41.8,664.0,0
15000.0,65000.0,20.62,2 years,B, 36 months,credit_card,RENT,CA,79.4,684.0,0
5600.0,67000.0,17.12,5 years,B, 36 months,credit_card,MORTGAGE,VT,26.8,679.0,0
20000.0,95000.0,21.55,10+ years,B, 60 months,debt_consolidation,MORTGAGE,NV,51.8,719.0,0
35000.0,190000.0,14.29,10+ years,C, 60 months,debt_consolidation,MORTGAGE,PA,79.5,694.0,0
15000.0,65000.0,13.52,10+ years,B, 60 months,debt_consolidation,MORTGAGE,IL,57.0,674.0,0
17000.0,188000.0,6.31,10+ years,A, 36 months,debt_consolidation,MORTGAGE,CA,92.1,699.0,0
35000.0,107000.0,29.89,3 years,E, 60 months,credit_card,RENT,WA,61.0,679.0,0
15000.0,55800.0,23.18,2 years,A, 36 months,debt_consolidation,RENT,ME,78.9,714.0,0
4800.0,60000.0,12.48,10+ years,C, 36 months,debt_consolidation,RENT,IL,47.6,674.0,0
12000.0,210000.0,13.54,< 1 year,A, 36 months,credit_card,OWN,MD,18.2,794.0,0
4200.0,42000.0,39.8,10+ years,C, 36 months,debt_consolidation,MORTGAGE,FL,48.4,679.0,0
14000.0,43000.0,24.39,10+ years,C, 36 months,debt_consolidation,MORTGAGE,VA,72.6,699.0,1
19200.0,108000.0,38.6,10+ years,C, 60 months,debt_consolidation,OWN,MD,65.5,729.0,1
32300.0,85000.0,35.94,10+ years,E, 60 months,debt_consolidation,RENT,MA,86.2,674.0,0
9000.0,59000.0,18.21,1 year,B, 36 months,credit_card,RENT,NY,45.7,674.0,0
35000.0,74855.0,23.51,9 years,C, 36 months,debt_consolidation,RENT,MI,61.1,704.0,1
2525.0,45000.0,31.49,9 years,E, 36 months,debt_consolidation,OWN,WA,72.4,669.0,0
30000.0,102000.0,16.4,3 years,B, 60 months,credit_card,MORTGAGE,OH,60.9,699.0,0
12000.0,60000.0,9.12,1 year,C, 60 months,home_improvement,MORTGAGE,TN,0.0,704.0,0
12800.0,28121.0,25.27,1 year,B, 36 months,credit_card,OWN,OH,97.0,704.0,1
12600.0,50000.0,2.16,4 years,C, 60 months,home_improvement,OWN,AZ,40.8,669.0,1
21000.0,50000.0,19.3,5 years,F, 60 months,credit_card,RENT,WA,97.8,694.0,0
26000.0,99999.0,24.71,6 years,B, 60 months,credit_card,RENT,FL,75.4,714.0,0
16000.0,60503.78,19.04,10+ years,C, 60 months,debt_consolidation,RENT,NC,49.6,704.0,0
25500.0,51000.0,21.79,10+ years,D, 36 months,debt_consolidation,RENT,GA,71.3,699.0,0
16000.0,62000.0,11.42,8 years,B, 60 months,credit_card,MORTGAGE,AL,55.4,704.0,1
15250.0,63000.0,20.91,10+ years,E, 60 months,debt_consolidation,MORTGAGE,MN,62.0,679.0,0
19200.0,162500.0,11.32,6 years,B, 60 months,debt_consolidation,MORTGAGE,GA,32.9,719.0,0
10000.0,60000.0,8.98,1 year,A, 36 months,credit_card,OWN,TX,27.3,709.0,0
26825.0,100000.0,20.81,9 years,D, 60 months,debt_consolidation,MORTGAGE,IL,54.0,729.0,0
12600.0,70000.0,27.58,10+ years,C, 60 months,debt_consolidation,MORTGAGE,NJ,48.2,699.0,1
10000.0,54000.0,14.38,10+ years,A, 36 months,credit_card,RENT,WI,41.0,719.0,0
9000.0,85000.0,19.47,8 years,B, 36 months,credit_card,MORTGAGE,NY,71.9,674.0,0
30000.0,265000.0,17.15,2 years,B, 36 months,debt_consolidation,MORTGAGE,NM,78.0,704.0,0
6725.0,38000.0,27.04,2 years,E, 36 months,debt_consolidation,RENT,CA,64.0,664.0,0
8400.0,75000.0,9.97,5 years,B, 36 months,debt_consolidation,MORTGAGE,MN,54.9,684.0,1
20000.0,60000.0,27.26,5 years,D, 60 months,debt_consolidation,MORTGAGE,FL,89.5,679.0,1
12200.0,39000.0,9.23,10+ years,A, 36 months,credit_card,MORTGAGE,TX,89.3,719.0,0
24000.0,55000.0,21.69,10+ years,C, 36 months,home_improvement,MORTGAGE,NC,16.5,709.0,0
10000.0,60000.0,28.28,3 years,C, 36 months,debt_consolidation,MORTGAGE,CA,93.6,669.0,0
12000.0,300000.0,8.81,< 1 year,A, 36 months,credit_card,MORTGAGE,VA,94.2,694.0,0
35000.0,200000.0,4.99,2 years,D, 60 months,debt_consolidation,RENT,CA,23.3,724.0,0
10250.0,40000.0,5.04,5 years,D, 36 months,credit_card,RENT,TX,43.2,679.0,0
21000.0,74000.0,25.33,2 years,D, 60 months,credit_card,MORTGAGE,WI,56.1,674.0,0
20000.0,175000.0,21.5,10+ years,E, 60 months,debt_consolidation,MORTGAGE,MD,84.2,704.0,0
10800.0,59000.0,14.83,< 1 year,A, 36 months,debt_consolidation,RENT,CA,39.9,724.0,0
7700.0,70000.0,7.58,< 1 year,C, 36 months,debt_consolidation,MORTGAGE,MI,27.5,699.0,0
20150.0,66800.0,17.8,8 years,F, 36 months,debt_consolidation,OWN,CA,46.3,664.0,0
15225.0,104000.0,27.0,3 years,E, 60 months,debt_consolidation,RENT,TX,74.0,669.0,1
10000.0,105000.0,12.28,10+ years,A, 36 months,debt_consolidation,MORTGAGE,AZ,10.1,734.0,0
15000.0,60000.0,20.42,10+ years,B, 36 months,medical,MORTGAGE,WI,31.9,669.0,0
35000.0,170000.0,17.52,10+ years,D, 60 months,debt_consolidation,MORTGAGE,VA,82.5,679.0,0
9000.0,47000.0,26.15,2 years,B, 36 months,debt_consolidation,RENT,CT,0.0,729.0,0
6300.0,21000.0,29.77,1 year,D, 36 months,debt_consolidation,OWN,PA,44.8,679.0,0
10000.0,125000.0,7.61,< 1 year,B, 36 months,debt_consolidation,RENT,CA,31.4,664.0,1
12000.0,55000.0,34.87,4 years,C, 60 months,debt_consolidation,RENT,AK,15.4,719.0,0
5000.0,50000.0,7.38,4 years,C, 36 months,debt_consolidation,MORTGAGE,CO,18.6,689.0,0
21000.0,150000.0,13.38,9 years,A, 36 months,credit_card,MORTGAGE,NY,38.3,744.0,1
35000.0,70000.0,27.95,10+ years,C, 60 months,debt_consolidation,MORTGAGE,SC,56.2,719.0,0
8000.0,87000.0,18.92,10+ years,B, 36 months,debt_consolidation,MORTGAGE,CA,43.2,664.0,0
35000.0,140000.0,13.07,8 years,A, 36 months,debt_consolidation,MORTGAGE,AL,57.3,689.0,0
5000.0,49000.0,25.98,2 years,B, 36 months,debt_consolidation,RENT,NJ,29.0,719.0,0
10000.0,80000.0,15.81,< 1 year,C, 36 months,moving,RENT,DC,47.1,669.0,0
15000.0,143000.0,20.09,8 years,B, 36 months,debt_consolidation,OWN,CA,62.8,674.0,1
14000.0,110000.0,6.26,8 years,A, 36 months,home_improvement,MORTGAGE,FL,48.6,704.0,0
9500.0,36000.0,9.5,2 years,C, 36 months,debt_consolidation,MORTGAGE,CA,27.5,714.0,0
14000.0,36000.0,23.97,1 year,B, 36 months,credit_card,RENT,CO,41.3,684.0,0
18000.0,62000.0,13.59,2 years,A, 36 months,home_improvement,MORTGAGE,PA,14.8,759.0,0
30000.0,90000.0,25.27,8 years,B, 60 months,debt_consolidation,RENT,NY,48.0,704.0,0
21725.0,86940.0,21.24,5 years,D, 60 months,debt_consolidation,MORTGAGE,MA,98.9,684.0,0
3000.0,75000.0,17.27,10+ years,B, 36 months,debt_consolidation,MORTGAGE,VA,65.5,694.0,0
18000.0,112000.0,27.73,10+ years,B, 60 months,credit_card,OWN,NM,55.6,719.0,0
25000.0,114500.0,21.63,5 years,B, 36 months,debt_consolidation,RENT,CA,49.2,704.0,0
6400.0,28000.0,20.1,4 years,C, 36 months,debt_consolidation,RENT,MN,28.6,709.0,1
6400.0,54000.0,5.51,10+ years,A, 36 months,debt_consolidation,OWN,NY,17.4,734.0,0
20000.0,83000.0,20.27,2 years,C, 36 months,credit_card,MORTGAGE,NV,72.8,679.0,0
12000.0,40500.0,33.22,6 years,C, 60 months,debt_consolidation,RENT,MN,56.9,689.0,1
25200.0,140000.0,14.23,3 years,C, 60 months,debt_consolidation,MORTGAGE,WA,44.7,719.0,0
12000.0,54000.0,22.4,6 years,C, 36 months,debt_consolidation,MORTGAGE,VT,6.9,689.0,0
35000.0,127000.0,26.16,10+ years,E, 60 months,debt_consolidation,MORTGAGE,OH,95.7,669.0,0
20000.0,40000.0,37.44,1 year,D, 36 months,credit_card,RENT,NY,81.0,684.0,0
35000.0,80000.0,26.97,5 years,C, 60 months,debt_consolidation,MORTGAGE,FL,79.6,714.0,0
5475.0,15790.8,18.4,1 year,C, 36 months,car,OWN,CA,13.1,684.0,0
32525.0,180000.0,18.36,1 year,E, 60 months,credit_card,RENT,PA,56.7,674.0,0
11200.0,59732.0,10.81,7 years,B, 36 months,credit_card,MORTGAGE,CA,72.9,674.0,1
29400.0,106000.0,25.33,10+ years,C, 36 months,debt_consolidation,OWN,IN,23.0,699.0,1
20000.0,78000.0,8.65,3 years,C, 60 months,vacation,MORTGAGE,TX,23.1,724.0,0
12000.0,24000.0,27.75,1 year,C, 36 months,debt_consolidation,RENT,NE,90.8,669.0,0
23800.0,100000.0,15.47,8 years,D, 60 months,credit_card,RENT,PA,93.3,664.0,1
20000.0,70000.0,17.01,10+ years,E, 60 months,debt_consolidation,MORTGAGE,GA,54.6,669.0,0
15000.0,69000.0,28.4,9 years,B, 36 months,debt_consolidation,RENT,MT,59.1,699.0,0
29000.0,110000.0,15.49,10+ years,C, 36 months,debt_consolidation,RENT,OR,55.8,704.0,1
12000.0,200000.0,13.16,< 1 year,A, 36 months,debt_consolidation,MORTGAGE,WI,2.3,839.0,0
25000.0,80250.0,13.38,10+ years,A, 36 months,debt_consolidation,MORTGAGE,TX,63.9,669.0,0
5000.0,45656.0,14.75,4 years,C, 36 months,car,RENT,NY,66.4,699.0,0
16500.0,138500.0,11.26,9 years,C, 36 months,debt_consolidation,RENT,CA,76.6,664.0,0
14125.0,50000.0,28.8,4 years,E, 60 months,debt_consolidation,OWN,CA,23.2,739.0,1
17550.0,43000.0,18.53,10+ years,C, 36 months,debt_consolidation,MORTGAGE,TX,48.7,734.0,0
24000.0,130000.0,25.68,10+ years,C, 60 months,debt_consolidation,MORTGAGE,OK,91.5,669.0,1
16000.0,82000.0,17.31,4 years,B, 36 months,credit_card,RENT,WA,80.8,664.0,0
5000.0,100000.0,27.35,1 year,B, 36 months,debt_consolidation,MORTGAGE,GA,45.5,664.0,0
20225.0,46000.0,16.38,4 years,C, 36 months,debt_consolidation,MORTGAGE,IN,53.9,764.0,0
15000.0,32000.0,16.73,3 years,C, 36 months,other,RENT,OK,77.4,679.0,0
13350.0,70000.0,19.0,10+ years,C, 36 months,credit_card,RENT,NY,80.0,679.0,0
8000.0,24960.0,19.91,< 1 year,C, 36 months,debt_consolidation,RENT,GA,59.2,694.0,1
10000.0,80000.0,16.01,1 year,A, 36 months,home_improvement,MORTGAGE,MO,19.0,694.0,0
12575.0,54000.0,21.69,4 years,D, 36 months,credit_card,MORTGAGE,MI,73.8,674.0,1
24800.0,105000.0,20.5,8 years,C, 36 months,debt_consolidation,RENT,KY,45.0,699.0,0
12000.0,30000.0,9.16,< 1 year,D, 36 months,debt_consolidation,RENT,WA,73.4,664.0,0
9600.0,104000.0,21.72,7 years,A, 36 months,credit_card,MORTGAGE,AL,50.1,714.0,0
11200.0,73650.0,24.16,10+ years,D, 60 months,medical,RENT,WA,95.5,664.0,0
10000.0,36000.0,7.87,5 years,C, 36 months,home_improvement,MORTGAGE,RI,40.4,669.0,0
8000.0,83000.0,13.53,10+ years,A, 36 months,credit_card,MORTGAGE,IL,48.7,709.0,0
8000.0,44000.0,11.62,5 years,B, 36 months,debt_consolidation,RENT,GA,31.4,699.0,0
28075.0,78000.0,12.28,9 years,D, 36 months,medical,MORTGAGE,FL,59.5,689.0,1
28800.0,122000.0,23.29,6 years,A, 60 months,debt_consolidation,MORTGAGE,CA,59.0,719.0,1
12000.0,30000.0,22.68,3 years,B, 36 months,debt_consolidation,MORTGAGE,FL,56.7,689.0,0
25000.0,135000.0,19.23,3 years,A, 36 months,debt_consolidation,MORTGAGE,NV,50.6,684.0,1
10000.0,65000.0,18.24,1 year,C, 36 months,debt_consolidation,MORTGAGE,TX,87.8,669.0,0
10000.0,70000.0,14.15,10+ years,B, 36 months,debt_consolidation,RENT,CA,34.9,744.0,1
28000.0,115000.0,14.83,2 years,C, 60 months,debt_consolidation,MORTGAGE,NJ,62.2,724.0,1
4000.0,55000.0,7.35,< 1 year,B, 36 months,credit_card,RENT,CA,12.2,774.0,0
28000.0,182700.0,11.01,6 years,D, 36 months,credit_card,MORTGAGE,WA,93.0,664.0,0
18000.0,120000.0,11.88,7 years,B, 36 months,credit_card,RENT,NY,16.9,669.0,0
12000.0,65000.0,27.99,10+ years,C, 60 months,credit_card,MORTGAGE,NJ,65.0,669.0,1
24000.0,110000.0,13.99,3 years,B, 60 months,credit_card,RENT,NY,77.5,674.0,0
1800.0,38000.0,9.54,10+ years,B, 36 months,home_improvement,MORTGAGE,CA,31.8,669.0,0
3275.0,36000.0,20.17,10+ years,C, 36 months,credit_card,RENT,FL,48.2,674.0,0
6000.0,125000.0,25.03,6 years,A, 36 months,debt_consolidation,MORTGAGE,WI,73.7,714.0,0
25000.0,450000.0,15.71,4 years,A, 36 months,credit_card,MORTGAGE,CT,97.1,699.0,0
16000.0,55000.0,13.46,10+ years,B, 60 months,credit_card,RENT,FL,51.4,674.0,0
7200.0,34728.0,34.17,9 years,B, 36 months,debt_consolidation,RENT,FL,60.7,669.0,0
35000.0,95000.0,15.27,10+ years,B, 36 months,debt_consolidation,OWN,MO,88.2,719.0,0
16000.0,135000.0,8.63,10+ years,B, 36 months,debt_consolidation,MORTGAGE,NY,19.0,699.0,0
12000.0,30000.0,30.52,10+ years,F, 60 months,debt_consolidation,RENT,MA,49.6,689.0,0
9600.0,46000.0,31.15,8 years,B, 36 months,debt_consolidation,RENT,CO,74.0,669.0,0
14675.0,81000.0,11.9,10+ years,D, 36 months,debt_consolidation,MORTGAGE,CA,40.9,679.0,0
6600.0,80000.0,13.56,< 1 year,C, 36 months,debt_consolidation,RENT,CA,46.9,674.0,0
18000.0,115000.0,8.06,10+ years,B, 60 months,debt_consolidation,MORTGAGE,TX,20.5,744.0,0
5975.0,40000.0,24.6,2 years,B, 36 months,credit_card,RENT,IL,46.1,719.0,0
10000.0,24500.0,17.34,6 years,C, 60 months,debt_consolidation,MORTGAGE,KS,40.7,684.0,0
7000.0,31000.0,7.16,4 years,B, 36 months,debt_consolidation,RENT,AZ,76.3,689.0,0
8950.0,50000.0,29.74,10+ years,B, 36 months,debt_consolidation,RENT,MA,52.2,754.0,0
13000.0,75000.0,7.22,1 year,B, 36 months,credit_card,MORTGAGE,VA,82.2,684.0,0
12000.0,77000.0,26.89,6 years,B, 36 months,credit_card,RENT,NH,47.1,704.0,0
3200.0,32000.0,38.51,< 1 year,D, 36 months,credit_card,RENT,MI,32.7,684.0,0
21000.0,120000.0,17.45,6 years,B, 36 months,debt_consolidation,OWN,CA,63.1,684.0,1
25000.0,60000.0,39.0,8 years,E, 36 months,debt_consolidation,MORTGAGE,OR,44.4,689.0,1
10500.0,39000.0,16.37,3 years,D, 60 months,credit_card,RENT,AR,69.0,669.0,0
35000.0,120000.0,10.2,8 years,B, 36 months,debt_consolidation,RENT,NY,94.4,694.0,1
20800.0,113000.0,19.16,5 years,C, 36 months,debt_consolidation,OWN,NY,81.2,674.0,0
16800.0,60503.0,23.79,6 years,B, 60 months,other,MORTGAGE,CA,20.3,779.0,0
9300.0,62840.0,19.52,5 years,B, 36 months,debt_consolidation,MORTGAGE,FL,40.3,664.0,0
35000.0,135000.0,18.91,8 years,C, 60 months,debt_consolidation,MORTGAGE,MO,50.7,719.0,0
7000.0,22880.0,16.74,1 year,B, 36 months,debt_consolidation,RENT,DE,50.6,669.0,0
9700.0,92160.0,10.63,10+ years,D, 36 months,small_business,RENT,CA,86.0,674.0,0
6000.0,102000.0,27.28,10+ years,B, 36 months,credit_card,MORTGAGE,MO,80.3,679.0,0
8000.0,50000.0,12.96,4 years,C, 36 months,credit_card,RENT,CA,53.5,679.0,0
11200.0,100000.0,14.78,1 year,D, 60 months,other,OWN,NY,54.2,689.0,0
16800.0,60000.0,25.94,4 years,D, 60 months,other,MORTGAGE,MS,46.8,734.0,0
15000.0,40000.0,26.46,1 year,D, 36 months,debt_consolidation,RENT,AZ,71.1,694.0,0
12000.0,73950.0,12.97,10+ years,B, 36 months,home_improvement,MORTGAGE,TN,70.5,674.0,1
20000.0,75000.0,18.75,8 years,B, 36 months,debt_consolidation,MORTGAGE,FL,36.9,749.0,0
20000.0,90000.0,14.03,< 1 year,C, 60 months,credit_card,MORTGAGE,GA,44.4,714.0,0
20000.0,110000.0,7.92,3 years,A, 36 months,credit_card,MORTGAGE,NV,33.1,694.0,0
10000.0,34000.0,21.81,3 years,D, 60 months,other,RENT,CA,70.1,664.0,0
2500.0,60000.0,29.21,10+ years,C, 36 months,credit_card,RENT,GA,56.0,669.0,0
14000.0,80000.0,8.03,10+ years,C, 60 months,credit_card,MORTGAGE,CA,57.8,669.0,0
24000.0,78000.0,16.01,10+ years,A, 36 months,debt_consolidation,MORTGAGE,CA,61.7,699.0,0
7800.0,47500.0,18.92,3 years,B, 36 months,other,RENT,KS,40.2,699.0,0
10725.0,57000.0,36.08,10+ years,C, 36 months,debt_consolidation,MORTGAGE,MA,50.2,714.0,0
6000.0,70000.0,19.06,10+ years,B, 36 months,home_improvement,MORTGAGE,PA,25.1,684.0,0
4000.0,43000.0,10.85,10+ years,E, 36 months,medical,MORTGAGE,LA,30.7,699.0,0
21000.0,144000.0,20.24,4 years,B, 36 months,credit_card,MORTGAGE,CA,88.6,674.0,0
12000.0,36000.0,21.43,10+ years,C, 36 months,debt_consolidation,MORTGAGE,GA,98.4,669.0,0
28000.0,102000.0,30.53,10+ years,C, 60 months,credit_card,MORTGAGE,CO,77.6,704.0,1
10000.0,40000.0,7.23,10+ years,B, 36 months,debt_consolidation,MORTGAGE,PA,67.8,664.0,1
4675.0,37000.0,30.04,2 years,B, 36 months,major_purchase,OWN,OH,29.0,664.0,0
10000.0,40000.0,6.57,9 years,C, 36 months,credit_card,RENT,CA,75.5,694.0,0
4750.0,56559.0,8.64,< 1 year,B, 36 months,debt_consolidation,RENT,AZ,45.1,664.0,0
15275.0,57000.0,22.91,< 1 year,G, 60 months,debt_consolidation,RENT,MA,66.7,679.0,0
12000.0,67000.0,19.4,2 years,B, 36 months,credit_card,RENT,NV,77.1,689.0,0
20000.0,102000.0,15.82,10+ years,B, 60 months,credit_card,OWN,GA,67.7,689.0,1
7200.0,60000.0,16.32,4 years,C, 36 months,car,OWN,DE,37.0,679.0,0
12000.0,65000.0,12.48,< 1 year,C, 60 months,credit_card,MORTGAGE,NJ,54.9,674.0,0
17925.0,39000.0,9.69,10+ years,C, 60 months,debt_consolidation,RENT,NC,29.0,709.0,0
19000.0,55000.0,16.41,1 year,D, 60 months,debt_consolidation,RENT,CA,35.6,664.0,1
1500.0,36000.0,32.0,7 years,C, 36 months,moving,RENT,IL,99.0,694.0,1
5000.0,51000.0,12.61,7 years,D, 36 months,home_improvement,MORTGAGE,NE,12.0,679.0,0
34500.0,75000.0,37.76,10+ years,F, 60 months,debt_consolidation,MORTGAGE,OH,58.8,704.0,0
14400.0,82000.0,12.47,10+ years,B, 36 months,major_purchase,RENT,IN,39.0,674.0,0
3500.0,60000.0,15.12,10+ years,A, 36 months,credit_card,RENT,VA,48.1,689.0,0
9000.0,95000.0,9.66,< 1 year,A, 36 months,debt_consolidation,MORTGAGE,NY,20.3,689.0,1
12000.0,83000.0,16.87,1 year,C, 36 months,debt_consolidation,RENT,IL,93.0,689.0,0
15825.0,36000.0,16.67,10+ years,C, 36 months,debt_consolidation,RENT,CA,54.7,684.0,1
21000.0,110000.0,19.74,< 1 year,E, 36 months,debt_consolidation,OWN,NJ,61.0,674.0,0
8400.0,33800.0,27.17,3 years,B, 36 months,debt_consolidation,OWN,MN,20.6,674.0,0
30000.0,150000.0,35.29,7 years,C, 60 months,credit_card,RENT,CA,62.3,679.0,0
28000.0,145000.0,13.02,10+ years,B, 60 months,debt_consolidation,OWN,MI,41.5,739.0,1
35000.0,104000.0,33.09,10+ years,E, 60 months,debt_consolidation,RENT,CA,28.0,709.0,1
15000.0,90000.0,4.8,8 years,B, 36 months,debt_consolidation,MORTGAGE,FL,43.5,679.0,0
28000.0,59600.0,33.27,5 years,D, 60 months,debt_consolidation,RENT,CO,43.5,669.0,0
5575.0,65000.0,27.51,2 years,E, 36 months,debt_consolidation,MORTGAGE,NE,74.0,669.0,1
20000.0,72000.0,2.52,10+ years,A, 36 months,credit_card,OWN,NY,5.2,684.0,0
7000.0,30000.0,34.76,1 year,B, 36 months,other,RENT,CA,40.4,724.0,1
21075.0,51500.0,35.54,3 years,F, 60 months,debt_consolidation,MORTGAGE,IL,55.4,669.0,1
12000.0,42000.0,10.77,3 years,D, 60 months,debt_consolidation,MORTGAGE,IN,79.0,704.0,0
20775.0,90000.0,9.19,10+ years,C, 36 months,debt_consolidation,MORTGAGE,VA,28.1,664.0,1
2000.0,130000.0,21.7,10+ years,B, 36 months,car,MORTGAGE,MT,63.8,704.0,0
16000.0,128000.0,16.52,6 years,A, 36 months,debt_consolidation,RENT,PA,11.6,719.0,0
24000.0,68000.0,31.04,10+ years,B, 60 months,debt_consolidation,RENT,GA,62.0,714.0,0
4700.0,35000.0,16.51,< 1 year,C, 36 months,other,RENT,CA,67.7,674.0,0
25000.0,65000.0,20.83,10+ years,C, 60 months,debt_consolidation,MORTGAGE,NY,67.2,714.0,1
7000.0,50000.0,21.46,2 years,C, 36 months,debt_consolidation,RENT,CA,40.7,694.0,0
35000.0,120000.0,16.13,10+ years,B, 36 months,credit_card,OWN,NY,64.0,709.0,0
20000.0,95000.0,11.82,3 years,C, 36 months,debt_consolidation,RENT,CA,54.1,679.0,0
1500.0,65000.0,11.96,8 years,D, 36 months,credit_card,RENT,CA,99.3,664.0,0
15000.0,134400.0,14.74,7 years,B, 36 months,debt_consolidation,RENT,PA,52.5,689.0,0
10500.0,25000.0,29.0,6 years,D, 60 months,debt_consolidation,RENT,CA,61.4,674.0,0
10000.0,130000.0,4.92,10+ years,A, 36 months,debt_consolidation,MORTGAGE,GA,53.7,694.0,0
20000.0,100000.0,16.3,3 years,A, 36 months,credit_card,MORTGAGE,RI,59.0,744.0,0
21525.0,63500.0,36.27,3 years,D, 60 months,debt_consolidation,MORTGAGE,AZ,84.2,704.0,0
16800.0,51000.0,13.79,10+ years,E, 60 months,debt_consolidation,MORTGAGE,DE,75.7,694.0,1
24000.0,200000.0,22.29,8 years,B, 36 months,credit_card,MORTGAGE,NJ,66.6,669.0,0
23175.0,61009.0,15.97,10+ years,D, 60 months,debt_consolidation,MORTGAGE,MD,84.2,669.0,0
12000.0,40000.0,31.14,9 years,B, 36 months,credit_card,MORTGAGE,MS,38.9,714.0,0
10000.0,125000.0,23.32,10+ years,A, 36 months,debt_consolidation,MORTGAGE,NY,15.1,799.0,0
22000.0,55000.0,17.04,4 years,D, 36 months,debt_consolidation,OWN,CA,80.1,664.0,1
20000.0,85000.0,13.81,10+ years,C, 60 months,home_improvement,MORTGAGE,NH,72.9,669.0,1
6700.0,74000.0,11.01,5 years,B, 36 months,debt_consolidation,RENT,NJ,44.1,689.0,0
22875.0,65000.0,11.41,10+ years,G, 60 months,debt_consolidation,MORTGAGE,TN,46.5,694.0,0
22675.0,55000.0,18.9,4 years,E, 36 months,other,RENT,NY,24.6,669.0,0
10000.0,52000.0,34.06,7 years,B, 36 months,debt_consolidation,MORTGAGE,KS,60.3,674.0,0
8000.0,45000.0,12.48,2 years,B, 36 months,debt_consolidation,RENT,PA,35.1,684.0,0
10000.0,25000.0,13.01,5 years,C, 36 months,debt_consolidation,RENT,DE,59.0,674.0,1
30000.0,82000.0,12.24,< 1 year,C, 60 months,debt_consolidation,MORTGAGE,CA,89.9,704.0,0
30000.0,90000.0,7.0,9 years,C, 36 months,debt_consolidation,MORTGAGE,OK,48.9,669.0,0
35000.0,205000.0,12.52,10+ years,F, 60 months,house,MORTGAGE,FL,67.0,709.0,0
35000.0,140000.0,10.79,10+ years,B, 36 months,debt_consolidation,MORTGAGE,MA,62.6,744.0,0
9000.0,62400.0,6.31,2 years,B, 36 months,debt_consolidation,RENT,MD,55.6,704.0,0
18000.0,75000.0,13.87,9 years,A, 36 months,credit_card,MORTGAGE,CA,88.3,684.0,0
18000.0,87000.0,9.57,6 years,A, 36 months,credit_card,MORTGAGE,CO,28.0,749.0,0
16000.0,32000.0,11.29,1 year,C, 60 months,debt_consolidation,MORTGAGE,AL,23.0,664.0,0
21525.0,71000.0,30.07,10+ years,D, 60 months,credit_card,MORTGAGE,KY,71.3,669.0,1
8500.0,50000.0,24.24,3 years,C, 36 months,debt_consolidation,MORTGAGE,FL,98.1,664.0,0
35000.0,132280.0,19.03,4 years,D, 60 months,debt_consolidation,OWN,MD,92.9,714.0,0
18000.0,105000.0,17.77,2 years,A, 36 months,credit_card,MORTGAGE,TX,33.3,714.0,0
24000.0,50000.0,38.04,10+ years,D, 60 months,credit_card,MORTGAGE,MI,91.5,684.0,1
18000.0,145000.0,7.12,8 years,C, 60 months,debt_consolidation,MORTGAGE,VA,92.2,664.0,0
24000.0,81000.0,28.01,10+ years,D, 60 months,debt_consolidation,RENT,TX,38.3,724.0,1
18000.0,125000.0,9.95,2 years,C, 36 months,credit_card,RENT,FL,13.7,759.0,1
23000.0,50000.0,21.27,10+ years,D, 60 months,debt_consolidation,MORTGAGE,NE,96.6,719.0,0
12000.0,55000.0,31.03,6 years,B, 36 months,home_improvement,OWN,TX,65.2,704.0,0
10000.0,98000.0,8.72,10+ years,B, 36 months,home_improvement,MORTGAGE,CA,42.1,664.0,0
13075.0,150000.0,10.56,3 years,E, 36 months,home_improvement,MORTGAGE,FL,30.0,679.0,0
23000.0,46000.0,25.15,10+ years,C, 60 months,credit_card,MORTGAGE,OH,78.8,704.0,0
6400.0,20000.0,4.2,1 year,E, 36 months,small_business,RENT,LA,21.4,679.0,0
35000.0,115000.0,11.1,10+ years,E, 60 months,credit_card,OWN,HI,45.5,669.0,1
11025.0,38597.0,7.21,3 years,E, 36 months,credit_card,RENT,NY,53.5,684.0,0
15000.0,140000.0,20.77,1 year,B, 36 months,credit_card,MORTGAGE,MA,36.1,729.0,0
30000.0,82000.0,12.73,6 years,F, 60 months,debt_consolidation,RENT,CA,17.5,664.0,0
25000.0,123000.0,18.07,10+ years,A, 36 months,debt_consolidation,MORTGAGE,TX,43.8,709.0,0
24550.0,70000.0,18.02,10+ years,D, 36 months,debt_consolidation,MORTGAGE,OH,92.9,694.0,0
25000.0,60500.0,18.39,10+ years,C, 36 months,credit_card,RENT,OH,93.2,674.0,0
1800.0,70000.0,15.88,10+ years,B, 36 months,debt_consolidation,OWN,NJ,55.2,674.0,0
3600.0,120000.0,31.11,< 1 year,C, 36 months,debt_consolidation,RENT,NY,67.2,699.0,1
22500.0,45000.0,24.22,9 years,C, 36 months,credit_card,RENT,FL,43.0,744.0,0
20000.0,45000.0,20.0,5 years,C, 60 months,credit_card,MORTGAGE,KY,101.0,724.0,0
4200.0,105000.0,9.69,< 1 year,C, 36 months,debt_consolidation,MORTGAGE,MO,39.2,669.0,0
8000.0,40000.0,31.41,10+ years,D, 36 months,vacation,RENT,CA,73.0,689.0,1
3000.0,53749.0,15.96,3 years,C, 36 months,debt_consolidation,RENT,PA,67.5,684.0,0
4000.0,35000.0,15.98,< 1 year,A, 36 months,car,RENT,KY,14.0,744.0,0
18000.0,94800.0,5.24,9 years,B, 60 months,credit_card,MORTGAGE,AL,55.6,704.0,0
29925.0,80000.0,23.06,10+ years,F, 60 months,debt_consolidation,RENT,CA,91.4,684.0,1
12000.0,60000.0,13.94,10+ years,C, 36 months,credit_card,MORTGAGE,OK,13.5,669.0,1
6500.0,76000.0,22.28,10+ years,B, 36 months,debt_consolidation,RENT,AZ,28.0,694.0,1
18000.0,115000.0,9.91,10+ years,B, 60 months,debt_consolidation,MORTGAGE,FL,67.0,724.0,0
20000.0,90000.0,18.73,10+ years,B, 36 months,debt_consolidation,MORTGAGE,CA,71.4,704.0,0
6000.0,120000.0,8.74,10+ years,B, 36 months,major_purchase,MORTGAGE,NY,47.2,669.0,0
16650.0,74000.0,20.34,10+ years,D, 60 months,other,MORTGAGE,IL,35.5,714.0,1
2500.0,30000.0,12.48,3 years,D, 36 months,medical,RENT,NV,68.5,679.0,0
7000.0,46000.0,10.28,3 years,B, 36 months,other,RENT,WA,90.6,699.0,1
1000.0,63199.0,22.24,10+ years,C, 36 months,debt_consolidation,MORTGAGE,MD,83.6,694.0,0
6000.0,28000.0,21.26,2 years,C, 36 months,debt_consolidation,RENT,OR,30.9,714.0,0
20000.0,110000.0,17.07,10+ years,A, 36 months,debt_consolidation,RENT,CA,11.3,759.0,0
11200.0,45000.0,34.93,3 years,D, 60 months,debt_consolidation,RENT,CA,79.4,669.0,1
23700.0,77000.0,21.63,10+ years,E, 60 months,debt_consolidation,MORTGAGE,OH,39.5,714.0,1
13225.0,66800.0,20.3,10+ years,D, 36 months,debt_consolidation,MORTGAGE,MD,84.4,704.0,0
28000.0,140000.0,14.66,2 years,A, 60 months,credit_card,MORTGAGE,TX,34.6,714.0,0
20000.0,49000.0,32.64,1 year,B, 36 months,debt_consolidation,RENT,CA,59.9,709.0,0
22500.0,45000.0,37.65,< 1 year,C, 60 months,credit_card,MORTGAGE,MS,52.9,714.0,1
5400.0,38400.0,5.22,10+ years,F, 36 months,debt_consolidation,MORTGAGE,OR,59.0,664.0,0
15225.0,57000.0,31.47,1 year,B, 60 months,major_purchase,MORTGAGE,MN,25.9,714.0,0
7000.0,40000.0,29.85,10+ years,B, 36 months,debt_consolidation,RENT,MN,36.2,704.0,0
3000.0,34070.4,11.55,2 years,B, 36 months,credit_card,RENT,MN,68.0,679.0,0
5000.0,40000.0,15.6,10+ years,B, 36 months,home_improvement,MORTGAGE,IL,78.1,664.0,0
20000.0,180000.0,3.38,3 years,B, 36 months,credit_card,RENT,CA,76.0,684.0,0
34800.0,75000.0,15.88,10+ years,E, 60 months,other,MORTGAGE,WA,75.8,684.0,0
33000.0,75000.0,24.13,2 years,E, 60 months,home_improvement,OWN,CA,73.8,679.0,1
6400.0,21600.0,29.56,< 1 year,B, 36 months,debt_consolidation,RENT,WA,42.6,684.0,0
21475.0,51133.0,25.67,4 years,E, 60 months,other,MORTGAGE,FL,80.2,719.0,1
8000.0,167000.0,11.38,5 years,B, 36 months,credit_card,MORTGAGE,TX,77.8,664.0,0
18000.0,89000.0,15.01,10+ years,C, 60 months,debt_consolidation,MORTGAGE,IL,77.6,674.0,0
35000.0,145000.0,18.88,10+ years,C, 36 months,credit_card,MORTGAGE,CA,95.2,699.0,0
15000.0,45000.0,18.93,8 years,B, 36 months,credit_card,MORTGAGE,NY,86.0,664.0,0
2000.0,24000.0,22.6,3 years,B, 36 months,medical,MORTGAGE,WI,47.9,689.0,0
10000.0,30000.0,19.32,10+ years,C, 36 months,credit_card,MORTGAGE,NV,51.2,679.0,1
6000.0,57000.0,2.06,7 years,C, 36 months,debt_consolidation,MORTGAGE,MO,65.3,704.0,1
8000.0,30000.0,31.72,1 year,C, 36 months,debt_consolidation,RENT,CA,34.6,704.0,0
28000.0,200000.0,10.29,5 years,C, 36 months,debt_consolidation,MORTGAGE,CA,59.2,674.0,0
35000.0,88000.0,17.31,5 years,E, 60 months,debt_consolidation,MORTGAGE,VA,80.8,669.0,1
1500.0,20000.0,11.16,2 years,D, 36 months,other,RENT,CA,67.0,739.0,0
28000.0,110000.0,20.62,10+ years,B, 60 months,debt_consolidation,MORTGAGE,TX,12.7,794.0,0
12000.0,60000.0,25.96,10+ years,C, 36 months,other,RENT,NY,82.6,664.0,0
12000.0,88000.0,14.01,10+ years,A, 36 months,debt_consolidation,MORTGAGE,IN,65.3,689.0,0
7200.0,190000.0,7.23,8 years,C, 36 months,home_improvement,MORTGAGE,OK,72.0,669.0,0
6375.0,33600.0,30.21,7 years,D, 36 months,debt_consolidation,MORTGAGE,FL,43.8,699.0,0
12000.0,57000.0,14.82,10+ years,C, 60 months,debt_consolidation,MORTGAGE,WI,51.2,664.0,0
9600.0,40000.0,26.94,5 years,B, 36 months,debt_consolidation,RENT,TX,80.9,664.0,0
29750.0,60000.0,25.74,10+ years,F, 60 months,debt_consolidation,OWN,CA,78.7,679.0,1
15000.0,50000.0,13.8,2 years,B, 36 months,debt_consolidation,RENT,NJ,22.0,704.0,0
27150.0,65000.0,28.45,8 years,D, 36 months,debt_consolidation,MORTGAGE,OH,74.0,669.0,0
17375.0,94000.0,15.14,5 years,E, 60 months,debt_consolidation,RENT,NY,55.0,674.0,1
30000.0,100000.0,36.07,9 years,C, 60 months,debt_consolidation,RENT,TX,9.3,754.0,1
15000.0,62000.0,20.44,10+ years,B, 36 months,debt_consolidation,MORTGAGE,OK,74.0,694.0,0
15000.0,95000.0,19.24,1 year,E, 60 months,small_business,MORTGAGE,FL,79.3,669.0,0
17000.0,125000.0,17.47,10+ years,B, 36 months,debt_consolidation,MORTGAGE,NY,72.4,679.0,1
13000.0,96000.0,28.96,10+ years,B, 36 months,debt_consolidation,MORTGAGE,AR,36.9,699.0,1
32000.0,76000.0,26.26,5 years,C, 60 months,credit_card,MORTGAGE,VA,56.6,724.0,1
9925.0,40000.0,20.94,5 years,E, 36 months,debt_consolidation,OWN,FL,36.4,669.0,0
10000.0,72000.0,16.88,10+ years,C, 60 months,debt_consolidation,RENT,NY,59.8,694.0,0
30000.0,95000.0,25.97,10+ years,B, 36 months,debt_consolidation,RENT,IL,60.8,699.0,0
25000.0,79000.0,34.53,9 years,C, 60 months,debt_consolidation,MORTGAGE,MD,18.6,734.0,1
30000.0,135000.0,10.36,10+ years,E, 60 months,debt_consolidation,MORTGAGE,NV,89.2,674.0,1
16000.0,100000.0,34.17,10+ years,B, 60 months,credit_card,RENT,NY,76.5,694.0,0
35000.0,85000.0,23.1,5 years,C, 36 months,debt_consolidation,MORTGAGE,MI,61.7,699.0,0
22500.0,104000.0,11.76,10+ years,D, 60 months,debt_consolidation,MORTGAGE,AR,29.1,664.0,0
6000.0,70000.0,18.47,5 years,A, 36 months,medical,MORTGAGE,MN,10.5,774.0,0
9650.0,50000.0,27.08,10+ years,D, 36 months,credit_card,MORTGAGE,PA,77.1,664.0,1
11000.0,90000.0,10.53,10+ years,B, 36 months,credit_card,MORTGAGE,WA,82.4,679.0,0
24250.0,80000.0,37.78,10+ years,D, 60 months,debt_consolidation,MORTGAGE,IL,29.2,694.0,0
12000.0,24000.0,12.85,< 1 year,C, 36 months,debt_consolidation,MORTGAGE,TX,43.8,689.0,0
12150.0,100000.0,15.04,3 years,B, 36 months,credit_card,MORTGAGE,VT,92.7,679.0,0
4800.0,35000.0,22.94,3 years,D, 36 months,other,RENT,GA,47.0,669.0,0
9600.0,75000.0,29.35,4 years,C, 36 months,debt_consolidation,MORTGAGE,SC,48.7,664.0,1
10000.0,48000.0,28.28,4 years,B, 60 months,debt_consolidation,RENT,NJ,18.0,749.0,0
12300.0,55000.0,39.65,10+ years,E, 60 months,debt_consolidation,MORTGAGE,MD,42.1,674.0,0
2000.0,65000.0,13.28,9 years,E, 36 months,house,MORTGAGE,NY,34.1,674.0,0
28000.0,110000.0,27.22,10+ years,A, 36 months,debt_consolidation,MORTGAGE,TN,62.9,719.0,0
3000.0,42000.0,24.86,2 years,C, 36 months,credit_card,MORTGAGE,TX,58.4,689.0,0
25000.0,80000.0,22.43,1 year,D, 36 months,debt_consolidation,MORTGAGE,OH,76.2,704.0,0
7000.0,25000.0,30.2,5 years,B, 36 months,credit_card,OWN,PA,42.9,704.0,1
20000.0,165000.0,11.49,< 1 year,C, 36 months,debt_consolidation,OWN,FL,53.4,664.0,0
16000.0,50000.0,14.23,2 years,B, 36 months,credit_card,MORTGAGE,TX,88.1,729.0,0
6000.0,97000.0,8.3,10+ years,C, 36 months,debt_consolidation,MORTGAGE,VA,64.1,669.0,0
13000.0,70000.0,22.49,10+ years,C, 60 months,other,RENT,NY,26.1,709.0,0
8000.0,43000.0,25.79,3 years,B, 36 months,debt_consolidation,RENT,FL,58.6,674.0,1
12000.0,72000.0,16.57,2 years,B, 36 months,credit_card,OWN,AZ,40.1,709.0,0
25000.0,125000.0,5.99,9 years,B, 36 months,debt_consolidation,MORTGAGE,MD,24.4,674.0,0
28000.0,60000.0,14.55,2 years,C, 60 months,debt_consolidation,RENT,CT,72.1,664.0,0
21000.0,49000.0,27.41,7 years,B, 36 months,debt_consolidation,MORTGAGE,TX,56.5,694.0,1
5000.0,35000.0,9.6,5 years,D, 36 months,debt_consolidation,RENT,CT,34.2,719.0,0
10000.0,44000.0,27.99,8 years,B, 36 months,debt_consolidation,RENT,AZ,65.6,699.0,0
2400.0,40000.0,5.43,10+ years,C, 36 months,other,RENT,CA,83.3,664.0,0
35000.0,86000.0,21.84,8 years,E, 60 months,debt_consolidation,MORTGAGE,GA,63.9,689.0,0
30000.0,121000.0,17.54,9 years,B, 60 months,debt_consolidation,MORTGAGE,NC,90.0,689.0,0
10200.0,34000.0,27.07,4 years,E, 36 months,debt_consolidation,OWN,NM,69.7,674.0,0
4000.0,69000.0,13.51,10+ years,B, 36 months,credit_card,MORTGAGE,OH,79.3,679.0,0
7000.0,39110.0,26.42,6 years,A, 36 months,credit_card,RENT,FL,41.3,689.0,0
25600.0,90000.0,17.61,4 years,B, 60 months,credit_card,MORTGAGE,VA,66.5,724.0,0
7200.0,80000.0,10.71,1 year,B, 36 months,debt_consolidation,RENT,VA,78.6,664.0,0
6000.0,30000.0,19.52,2 years,B, 36 months,debt_consolidation,OWN,AZ,15.7,684.0,1
18000.0,80000.0,6.27,10+ years,B, 36 months,credit_card,MORTGAGE,KS,53.0,669.0,0
3600.0,51365.0,30.77,10+ years,D, 36 months,other,RENT,PA,61.3,679.0,1
30000.0,300000.0,3.7,10+ years,A, 36 months,debt_consolidation,RENT,IL,36.3,764.0,0
20000.0,90000.0,14.91,10+ years,A, 36 months,debt_consolidation,MORTGAGE,NY,46.5,739.0,0
5000.0,58000.0,17.4,10+ years,B, 36 months,debt_consolidation,MORTGAGE,AR,28.1,759.0,0
12000.0,69600.0,25.64,10+ years,C, 60 months,debt_consolidation,RENT,CA,79.0,664.0,0
3600.0,35000.0,5.62,10+ years,B, 36 months,debt_consolidation,MORTGAGE,UT,62.8,694.0,0
20000.0,52000.0,23.01,< 1 year,C, 60 months,debt_consolidation,OWN,NH,71.0,669.0,0
23100.0,52500.0,25.13,2 years,C, 60 months,debt_consolidation,MORTGAGE,CA,36.6,689.0,0
3000.0,100000.0,7.79,10+ years,C, 36 months,credit_card,RENT,NY,70.1,664.0,0
26400.0,60000.0,38.6,5 years,E, 60 months,debt_consolidation,RENT,KS,95.6,704.0,0
20000.0,70000.0,17.55,2 years,A, 60 months,credit_card,MORTGAGE,NV,47.0,729.0,0
35000.0,155000.0,19.38,10+ years,F, 60 months,debt_consolidation,RENT,CA,93.0,704.0,0
10000.0,66000.0,34.75,5 years,B, 60 months,credit_card,MORTGAGE,MN,41.8,724.0,0
3000.0,80000.0,12.9,10+ years,B, 36 months,home_improvement,MORTGAGE,NC,9.7,754.0,0
16075.0,50000.0,21.85,10+ years,D, 36 months,debt_consolidation,RENT,OR,59.8,684.0,0
10000.0,75000.0,27.66,10+ years,C, 36 months,other,RENT,IL,55.0,669.0,0
35000.0,120000.0,10.39,10+ years,C, 36 months,debt_consolidation,MORTGAGE,TX,37.5,734.0,0
14175.0,39378.0,31.21,< 1 year,D, 60 months,debt_consolidation,RENT,WA,82.3,669.0,1
10500.0,83500.0,17.15,10+ years,A, 36 months,debt_consolidation,MORTGAGE,CA,75.2,694.0,0
9000.0,42000.0,19.86,10+ years,A, 36 months,debt_consolidation,MORTGAGE,CA,27.8,744.0,1
24000.0,150000.0,18.71,< 1 year,A, 36 months,credit_card,MORTGAGE,IL,15.3,769.0,0
15000.0,105000.0,18.14,4 years,B, 36 months,credit_card,RENT,CA,61.9,679.0,0
35000.0,120000.0,9.96,4 years,D, 36 months,home_improvement,MORTGAGE,CA,17.3,704.0,0
16125.0,50000.0,33.44,7 years,D, 60 months,debt_consolidation,OWN,PA,59.7,744.0,0
35000.0,84000.0,16.47,10+ years,B, 36 months,debt_consolidation,OWN,TX,44.4,689.0,0
15000.0,75000.0,10.98,5 years,A, 60 months,debt_consolidation,MORTGAGE,TX,44.7,724.0,0
35000.0,100000.0,23.47,10+ years,F, 60 months,major_purchase,MORTGAGE,IL,67.4,724.0,0
12000.0,140000.0,19.73,5 years,E, 60 months,debt_consolidation,RENT,NJ,86.0,669.0,0
8000.0,52000.0,20.57,10+ years,A, 36 months,credit_card,MORTGAGE,PA,48.9,704.0,0
10000.0,45000.0,26.48,6 years,A, 36 months,debt_consolidation,OWN,FL,45.7,714.0,0
20000.0,100000.0,14.5,3 years,C, 60 months,debt_consolidation,RENT,NY,56.9,674.0,0
16000.0,60000.0,7.58,10+ years,C, 60 months,credit_card,OWN,MD,63.4,664.0,0
2000.0,34636.8,11.64,8 years,D, 36 months,other,MORTGAGE,AR,54.9,669.0,0
13000.0,82000.0,16.19,10+ years,A, 36 months,debt_consolidation,MORTGAGE,AL,49.2,724.0,0
15000.0,150000.0,3.78,10+ years,A, 60 months,credit_card,MORTGAGE,RI,36.3,759.0,0
5000.0,30000.0,26.52,10+ years,D, 36 months,debt_consolidation,RENT,MN,39.1,679.0,0
24000.0,91950.0,27.34,10+ years,B, 36 months,other,RENT,NJ,37.0,754.0,0
25000.0,50000.0,22.28,7 years,B, 36 months,credit_card,MORTGAGE,AZ,27.5,769.0,0
2400.0,18016.0,29.91,1 year,E, 36 months,debt_consolidation,RENT,LA,36.5,674.0,0
28000.0,90000.0,14.96,2 years,E, 60 months,credit_card,RENT,NY,58.8,689.0,0
23400.0,103000.0,30.46,10+ years,B, 60 months,credit_card,MORTGAGE,MI,90.7,724.0,0
16000.0,125000.0,11.8,8 years,C, 60 months,debt_consolidation,MORTGAGE,CA,58.7,669.0,0
14075.0,32000.0,22.51,8 years,B, 36 months,debt_consolidation,MORTGAGE,CA,30.4,729.0,0
15000.0,42517.0,21.82,7 years,C, 36 months,debt_consolidation,MORTGAGE,PA,37.3,664.0,1
10000.0,35000.0,13.99,< 1 year,C, 36 months,credit_card,RENT,NY,54.2,669.0,0
8500.0,83130.0,21.47,2 years,B, 36 months,credit_card,RENT,CO,59.0,669.0,0
14000.0,75000.0,34.64,8 years,C, 60 months,credit_card,MORTGAGE,PA,94.3,674.0,0
15100.0,36000.0,24.03,5 years,G, 60 months,debt_consolidation,RENT,FL,52.7,704.0,0
13200.0,50000.0,29.13,5 years,A, 36 months,credit_card,MORTGAGE,KY,16.3,774.0,0
8400.0,34536.0,24.43,1 year,B, 36 months,credit_card,RENT,WA,83.0,669.0,0
15000.0,55000.0,27.06,10+ years,C, 36 months,credit_card,MORTGAGE,CT,64.3,674.0,0
14000.0,110000.0,16.87,10+ years,B, 60 months,debt_consolidation,MORTGAGE,NC,43.6,694.0,0
15000.0,42000.0,28.83,2 years,B, 36 months,debt_consolidation,RENT,WY,18.2,769.0,1
5000.0,183000.0,2.53,6 years,B, 36 months,debt_consolidation,RENT,IN,21.7,674.0,1
35000.0,112000.0,19.35,1 year,D, 60 months,debt_consolidation,MORTGAGE,MA,54.2,674.0,0
12000.0,230000.0,0.26,4 years,A, 36 months,other,OWN,NJ,11.2,804.0,0
10000.0,28000.0,16.18,1 year,A, 36 months,debt_consolidation,RENT,CA,35.9,694.0,0
31000.0,79062.0,22.36,10+ years,C, 60 months,credit_card,OWN,FL,62.8,684.0,0
8750.0,40000.0,22.2,6 years,E, 36 months,debt_consolidation,RENT,FL,3.7,679.0,1
10000.0,120000.0,33.66,4 years,B, 36 months,other,MORTGAGE,MI,65.2,714.0,0
12000.0,104000.0,7.73,7 years,B, 60 months,debt_consolidation,RENT,CA,64.5,684.0,1
18400.0,40000.0,24.93,10+ years,D, 36 months,debt_consolidation,MORTGAGE,NV,78.8,714.0,0
12000.0,90000.0,11.31,< 1 year,A, 36 months,home_improvement,RENT,NM,1.7,804.0,0
10000.0,105000.0,8.26,10+ years,B, 36 months,debt_consolidation,MORTGAGE,FL,37.3,679.0,0
22800.0,112000.0,17.16,3 years,B, 60 months,credit_card,RENT,CA,96.6,699.0,0
8975.0,90000.0,24.57,8 years,A, 36 months,debt_consolidation,RENT,NY,70.8,699.0,0
8000.0,75000.0,5.88,10+ years,B, 36 months,home_improvement,OWN,NY,0.0,674.0,0
21000.0,50000.0,5.26,10+ years,B, 60 months,debt_consolidation,MORTGAGE,AZ,19.6,694.0,0
25000.0,150000.0,2.64,5 years,C, 36 months,home_improvement,OWN,CA,55.1,734.0,0
10275.0,34560.0,33.4,10+ years,D, 60 months,debt_consolidation,OWN,MI,85.9,729.0,0
16000.0,110000.0,8.2,< 1 year,A, 36 months,debt_consolidation,RENT,CA,16.9,754.0,0
7000.0,60000.0,6.28,2 years,C, 36 months,debt_consolidation,RENT,ND,30.2,719.0,0
2000.0,59000.0,16.8,2 years,B, 36 months,medical,MORTGAGE,MI,30.7,759.0,0
9600.0,83000.0,16.87,10+ years,A, 36 months,debt_consolidation,MORTGAGE,IL,38.4,724.0,0
20000.0,117000.0,18.05,5 years,C, 36 months,debt_consolidation,OWN,NY,27.1,709.0,0
25000.0,70000.0,30.88,10+ years,D, 60 months,credit_card,RENT,FL,79.6,694.0,0
12600.0,115000.0,22.16,3 years,C, 60 months,debt_consolidation,MORTGAGE,CA,64.4,679.0,0
5125.0,16000.0,14.85,3 years,D, 36 months,debt_consolidation,RENT,CA,96.9,689.0,1
14000.0,50000.0,25.35,2 years,C, 60 months,debt_consolidation,RENT,NC,48.1,669.0,0
7050.0,20000.0,37.79,1 year,D, 36 months,debt_consolidation,MORTGAGE,OH,59.1,704.0,1
6000.0,38000.0,29.44,10+ years,B, 36 months,credit_card,MORTGAGE,AZ,59.0,674.0,0
20000.0,83000.0,2.34,3 years,C, 36 months,debt_consolidation,RENT,NY,39.1,669.0,0
13000.0,50000.0,22.35,10+ years,C, 36 months,debt_consolidation,MORTGAGE,OR,82.1,674.0,0
11600.0,36500.0,18.25,4 years,D, 36 months,debt_consolidation,RENT,CA,52.6,669.0,0
10000.0,100000.0,3.65,10+ years,A, 36 months,credit_card,MORTGAGE,CA,47.6,714.0,0
35000.0,130000.0,13.49,< 1 year,C, 60 months,debt_consolidation,RENT,CA,64.1,684.0,1
4200.0,29000.0,26.61,3 years,E, 36 months,debt_consolidation,RENT,NC,8.2,699.0,1
6500.0,150000.0,13.0,2 years,A, 36 months,other,MORTGAGE,NM,15.6,799.0,0
18700.0,52000.0,25.18,2 years,D, 36 months,debt_consolidation,RENT,CA,70.5,674.0,0
6000.0,90000.0,6.55,10+ years,A, 36 months,debt_consolidation,RENT,UT,6.5,684.0,0
14400.0,56000.0,25.83,10+ years,A, 36 months,debt_consolidation,RENT,FL,39.3,724.0,0
12000.0,36810.0,17.8,10+ years,C, 60 months,credit_card,MORTGAGE,MN,96.5,684.0,0
20000.0,132000.0,9.69,10+ years,B, 36 months,other,MORTGAGE,NY,41.9,684.0,0
20000.0,135000.0,9.66,2 years,C, 60 months,debt_consolidation,MORTGAGE,TX,68.3,669.0,0
6000.0,55000.0,12.68,3 years,B, 36 months,debt_consolidation,RENT,TX,32.0,664.0,0
6000.0,70000.0,12.17,3 years,B, 36 months,debt_consolidation,RENT,PA,51.8,684.0,0
12000.0,55000.0,2.12,4 years,E, 60 months,home_improvement,MORTGAGE,CA,21.2,684.0,0
3200.0,70000.0,16.48,4 years,C, 36 months,vacation,RENT,NJ,29.4,684.0,0
5000.0,51000.0,13.75,6 years,B, 36 months,car,RENT,FL,30.2,664.0,0
6000.0,28800.0,25.08,1 year,C, 36 months,debt_consolidation,RENT,OR,23.0,704.0,0
18550.0,58000.0,21.62,10+ years,D, 60 months,debt_consolidation,RENT,CA,45.5,684.0,1
21375.0,56000.0,27.16,8 years,E, 36 months,debt_consolidation,MORTGAGE,CA,62.3,689.0,0
26400.0,60000.0,20.18,2 years,D, 60 months,debt_consolidation,RENT,AZ,70.3,674.0,1
8000.0,50000.0,6.97,5 years,B, 36 months,home_improvement,MORTGAGE,OH,1.2,669.0,0
15325.0,56000.0,29.81,8 years,B, 36 months,debt_consolidation,MORTGAGE,NM,27.9,719.0,0
6000.0,36000.0,34.87,10+ years,A, 36 months,credit_card,OWN,TX,68.0,719.0,0
7500.0,40000.0,23.16,8 years,B, 36 months,credit_card,OWN,PA,32.3,674.0,0
4800.0,96000.0,30.89,10+ years,D, 36 months,other,RENT,FL,92.6,684.0,0
24000.0,49000.0,20.43,8 years,A, 36 months,credit_card,MORTGAGE,MI,38.4,719.0,0
22000.0,50000.0,18.67,2 years,C, 60 months,debt_consolidation,OWN,TX,46.2,679.0,0
28000.0,180000.0,13.29,6 years,A, 36 months,credit_card,MORTGAGE,CA,80.0,714.0,0
15000.0,67500.0,21.1,2 years,B, 36 months,debt_consolidation,RENT,OK,23.9,704.0,1
25000.0,63000.0,17.98,< 1 year,D, 60 months,debt_consolidation,MORTGAGE,NC,51.3,684.0,0
12500.0,74500.0,13.16,7 years,D, 60 months,debt_consolidation,MORTGAGE,PA,51.5,679.0,0
11925.0,25000.0,26.31,8 years,A, 36 months,debt_consolidation,MORTGAGE,NY,29.1,734.0,0
12000.0,60000.0,10.82,6 years,C, 60 months,debt_consolidation,RENT,VA,50.1,684.0,0
26000.0,60000.0,25.64,10+ years,A, 36 months,debt_consolidation,RENT,MA,38.8,749.0,0
19000.0,53000.0,15.4,5 years,A, 36 months,credit_card,MORTGAGE,MI,48.7,724.0,0
20000.0,96000.0,11.05,10+ years,B, 60 months,credit_card,RENT,MA,53.0,684.0,0
18225.0,57000.0,22.11,10+ years,C, 36 months,debt_consolidation,MORTGAGE,TX,37.6,754.0,0
10000.0,49192.0,24.47,10+ years,C, 60 months,credit_card,RENT,PA,40.8,689.0,0
14000.0,35360.0,29.12,1 year,C, 60 months,debt_consolidation,RENT,DE,77.2,689.0,0
5750.0,45000.0,5.12,2 years,A, 36 months,debt_consolidation,MORTGAGE,NV,24.0,704.0,0
6100.0,31500.0,19.01,7 years,E, 36 months,debt_consolidation,RENT,NC,47.5,664.0,1
10000.0,68000.0,26.44,7 years,B, 36 months,debt_consolidation,MORTGAGE,CA,61.7,664.0,1
9000.0,33000.0,27.78,10+ years,C, 36 months,debt_consolidation,MORTGAGE,IL,63.3,669.0,0
16000.0,104874.06,21.55,10+ years,B, 60 months,debt_consolidation,MORTGAGE,CA,45.1,694.0,0
16800.0,40000.0,15.36,3 years,E, 60 months,debt_consolidation,MORTGAGE,MI,79.0,684.0,0
27000.0,105000.0,19.85,10+ years,B, 60 months,credit_card,MORTGAGE,OH,40.9,739.0,0
1500.0,67000.0,27.85,1 year,B, 36 months,credit_card,RENT,CA,74.0,679.0,0
35000.0,110000.0,2.22,4 years,B, 36 months,debt_consolidation,RENT,NE,9.1,714.0,0
7000.0,45851.0,16.31,7 years,A, 36 months,debt_consolidation,MORTGAGE,MN,24.6,724.0,0
18500.0,54000.0,31.87,4 years,C, 60 months,debt_consolidation,MORTGAGE,CO,87.1,664.0,0
30000.0,80000.0,7.15,10+ years,C, 60 months,debt_consolidation,MORTGAGE,PA,47.0,724.0,0
12525.0,33000.0,23.55,3 years,C, 36 months,credit_card,MORTGAGE,OH,81.8,684.0,0
12000.0,40000.0,15.12,2 years,B, 36 months,credit_card,RENT,WI,61.3,719.0,0
25000.0,120000.0,10.78,9 years,B, 36 months,credit_card,RENT,ND,65.6,674.0,0
30000.0,67000.0,13.06,10+ years,A, 36 months,debt_consolidation,MORTGAGE,NC,33.4,724.0,0
8975.0,55000.0,15.34,10+ years,A, 36 months,debt_consolidation,RENT,FL,23.2,769.0,0
25000.0,113000.0,21.65,2 years,B, 60 months,home_improvement,MORTGAGE,NJ,39.6,759.0,0
10000.0,34195.0,26.43,10+ years,C, 36 months,debt_consolidation,RENT,OH,59.9,664.0,1
5600.0,147000.0,18.96,10+ years,B, 36 months,credit_card,OWN,TX,29.9,664.0,0
20000.0,115000.0,27.44,10+ years,A, 60 months,credit_card,MORTGAGE,NY,54.8,724.0,0
20000.0,82000.0,29.19,5 years,E, 60 months,debt_consolidation,RENT,CA,64.2,669.0,0
15000.0,51000.0,11.32,10+ years,B, 36 months,debt_consolidation,RENT,KY,58.2,699.0,0
18000.0,42000.0,33.17,3 years,C, 60 months,debt_consolidation,MORTGAGE,GA,43.4,719.0,0
6500.0,60000.0,20.1,10+ years,C, 36 months,debt_consolidation,RENT,TX,44.7,664.0,0
14000.0,143000.0,20.48,4 years,D, 60 months,credit_card,RENT,CO,80.0,674.0,0
15000.0,37500.0,12.61,1 year,C, 60 months,credit_card,RENT,AZ,60.3,704.0,0
10000.0,75000.0,18.69,4 years,A, 36 months,debt_consolidation,MORTGAGE,NY,20.0,719.0,0
12000.0,101000.0,16.85,< 1 year,E, 60 months,debt_consolidation,MORTGAGE,FL,61.4,689.0,0
5600.0,57000.0,25.22,8 years,B, 36 months,other,RENT,CA,93.0,724.0,1
8000.0,40000.0,30.15,5 years,B, 36 months,debt_consolidation,RENT,CA,31.4,709.0,0
17000.0,65000.0,31.46,10+ years,C, 60 months,debt_consolidation,MORTGAGE,PA,97.3,694.0,0
8000.0,123000.0,2.42,10+ years,A, 36 months,credit_card,RENT,NY,22.6,694.0,0
10000.0,40000.0,32.07,< 1 year,C, 36 months,debt_consolidation,RENT,MI,68.4,674.0,1
9600.0,80500.0,23.69,2 years,A, 36 months,debt_consolidation,RENT,VA,27.2,734.0,0
15000.0,60000.0,12.06,10+ years,B, 36 months,debt_consolidation,OWN,TX,20.0,679.0,0
22000.0,102000.0,24.4,10+ years,A, 60 months,debt_consolidation,MORTGAGE,CT,32.4,729.0,0
10000.0,65000.0,18.87,4 years,C, 36 months,small_business,RENT,FL,25.4,679.0,0
7500.0,62400.0,19.83,2 years,A, 36 months,debt_consolidation,RENT,FL,75.7,689.0,0
21000.0,116000.0,26.32,< 1 year,E, 60 months,debt_consolidation,MORTGAGE,MN,47.0,669.0,0
9000.0,25000.0,28.18,5 years,D, 36 months,home_improvement,RENT,AZ,57.1,679.0,1
20000.0,75000.0,16.93,10+ years,B, 36 months,other,OWN,GA,24.6,719.0,1
18000.0,90000.0,9.13,10+ years,A, 36 months,credit_card,MORTGAGE,NY,39.0,699.0,0
14400.0,70000.0,20.97,10+ years,C, 36 months,other,MORTGAGE,MI,53.4,674.0,0
19325.0,70000.0,10.94,10+ years,D, 60 months,credit_card,RENT,CA,37.4,669.0,1
35000.0,210000.0,19.14,< 1 year,D, 36 months,debt_consolidation,RENT,GA,58.3,679.0,1
18000.0,59238.0,24.05,10+ years,D, 60 months,debt_consolidation,MORTGAGE,MI,50.1,669.0,1
30000.0,150000.0,14.11,10+ years,C, 60 months,debt_consolidation,MORTGAGE,PA,95.8,724.0,0
14000.0,36000.0,27.93,10+ years,D, 60 months,debt_consolidation,OWN,TX,23.5,704.0,1
14400.0,77000.0,19.75,4 years,C, 60 months,debt_consolidation,RENT,FL,29.5,709.0,1
12000.0,72840.0,14.72,< 1 year,E, 60 months,debt_consolidation,MORTGAGE,NC,85.1,664.0,1
3600.0,163092.0,5.28,10+ years,B, 36 months,vacation,RENT,MI,47.7,684.0,1
7000.0,24000.0,36.2,1 year,C, 36 months,debt_consolidation,OWN,CA,78.8,679.0,0
23200.0,88960.0,26.34,10+ years,C, 60 months,debt_consolidation,MORTGAGE,CA,56.1,699.0,0
12000.0,75000.0,3.38,8 years,B, 36 months,credit_card,MORTGAGE,MA,94.0,684.0,0
25000.0,77000.0,38.53,10+ years,E, 60 months,debt_consolidation,MORTGAGE,OH,39.4,679.0,1
16225.0,47750.0,32.67,5 years,F, 60 months,debt_consolidation,RENT,UT,71.7,714.0,0
10000.0,36000.0,26.3,10+ years,B, 36 months,credit_card,RENT,MI,84.5,669.0,0
5200.0,45000.0,21.32,1 year,C, 36 months,major_purchase,MORTGAGE,AZ,25.6,709.0,0
10000.0,127400.0,8.07,< 1 year,A, 36 months,credit_card,RENT,DC,32.4,759.0,0
28000.0,117000.0,32.91,10+ years,C, 60 months,credit_card,MORTGAGE,AL,96.0,674.0,0
10000.0,80000.0,13.67,2 years,B, 36 months,credit_card,MORTGAGE,CA,83.2,699.0,0
22550.0,75000.0,28.83,< 1 year,F, 60 months,debt_consolidation,MORTGAGE,OH,79.0,664.0,0
15000.0,75000.0,19.39,10+ years,A, 36 months,debt_consolidation,MORTGAGE,TN,28.4,724.0,0
8500.0,32000.0,11.37,4 years,B, 36 months,debt_consolidation,RENT,PA,61.1,684.0,0
12000.0,45260.0,19.97,5 years,C, 60 months,debt_consolidation,OWN,MI,59.7,684.0,0
15000.0,60000.0,14.82,3 years,A, 36 months,debt_consolidation,MORTGAGE,MI,65.4,724.0,0
8000.0,60000.0,33.1,6 years,C, 36 months,debt_consolidation,MORTGAGE,MS,13.8,749.0,0
25000.0,250000.0,5.55,9 years,B, 36 months,debt_consolidation,MORTGAGE,CA,47.7,669.0,0
35000.0,130000.0,22.14,1 year,B, 60 months,credit_card,OWN,CA,67.4,719.0,0
18000.0,72000.0,35.01,10+ years,B, 36 months,debt_consolidation,RENT,FL,41.8,684.0,0
15000.0,200000.0,16.81,10+ years,B, 36 months,debt_consolidation,RENT,IL,25.9,719.0,0
18000.0,54000.0,28.69,10+ years,D, 60 months,debt_consolidation,MORTGAGE,OK,31.8,674.0,0
12000.0,130000.0,5.97,9 years,A, 36 months,major_purchase,RENT,NY,41.6,724.0,0
20000.0,105000.0,24.38,3 years,A, 36 months,debt_consolidation,MORTGAGE,MT,41.2,684.0,0
10850.0,43000.0,27.63,4 years,C, 60 months,debt_consolidation,RENT,MA,15.0,739.0,1
6075.0,27040.0,35.03,< 1 year,D, 36 months,credit_card,MORTGAGE,IN,54.9,664.0,0
2000.0,26000.0,25.81,5 years,C, 36 months,debt_consolidation,RENT,TX,27.9,714.0,0
20000.0,69940.0,22.37,10+ years,B, 60 months,credit_card,MORTGAGE,WA,59.1,704.0,1
15000.0,125000.0,14.05,8 years,A, 36 months,credit_card,MORTGAGE,PA,4.3,824.0,0
12000.0,58323.2,19.4,< 1 year,C, 36 months,credit_card,OWN,SD,91.7,664.0,1
9075.0,25236.0,31.95,10+ years,D, 36 months,debt_consolidation,RENT,NM,75.3,669.0,0
5250.0,58000.0,25.1,2 years,A, 36 months,car,MORTGAGE,NY,70.0,719.0,0
9000.0,38000.0,20.63,5 years,C, 36 months,debt_consolidation,MORTGAGE,IL,3.7,689.0,0
15000.0,81000.0,28.52,10+ years,B, 60 months,debt_consolidation,MORTGAGE,IN,84.7,744.0,0
9000.0,50000.0,19.66,8 years,B, 36 months,credit_card,MORTGAGE,AL,43.2,679.0,0
8000.0,47000.0,13.51,8 years,B, 36 months,debt_consolidation,RENT,CO,55.0,669.0,0
4200.0,45000.0,8.27,10+ years,C, 36 months,debt_consolidation,MORTGAGE,OR,48.0,689.0,0
15000.0,50000.0,25.2,8 years,C, 36 months,credit_card,RENT,CA,38.3,684.0,0
17900.0,35800.0,38.16,< 1 year,C, 60 months,credit_card,RENT,NY,34.0,734.0,0
25000.0,98000.0,6.86,1 year,C, 60 months,credit_card,MORTGAGE,MA,76.4,669.0,0
15300.0,157800.0,8.14,5 years,C, 36 months,major_purchase,RENT,MD,22.0,679.0,0
10000.0,55000.0,22.65,3 years,B, 60 months,credit_card,MORTGAGE,IN,49.0,684.0,0
35000.0,70000.0,22.9,2 years,B, 36 months,debt_consolidation,RENT,NY,22.3,744.0,0
20000.0,102000.0,13.52,10+ years,C, 36 months,debt_consolidation,MORTGAGE,GA,82.4,684.0,0
12000.0,62000.0,34.03,1 year,B, 36 months,debt_consolidation,MORTGAGE,TX,35.2,734.0,0
20000.0,150000.0,13.14,10+ years,A, 36 months,debt_consolidation,MORTGAGE,NJ,73.0,714.0,0
16500.0,50000.0,32.36,3 years,E, 60 months,debt_consolidation,MORTGAGE,FL,47.7,724.0,1
23225.0,80000.0,13.22,1 year,B, 60 months,debt_consolidation,MORTGAGE,CO,46.5,734.0,0
15000.0,175000.0,9.8,10+ years,A, 36 months,credit_card,RENT,WA,50.8,684.0,0
13075.0,39000.0,15.88,7 years,E, 60 months,debt_consolidation,MORTGAGE,IN,14.0,719.0,1
19200.0,98900.0,3.71,6 years,A, 60 months,debt_consolidation,MORTGAGE,MD,4.0,839.0,0
18000.0,90000.0,8.53,3 years,C, 60 months,home_improvement,MORTGAGE,AR,62.5,674.0,0
15000.0,70000.0,15.67,7 years,B, 36 months,debt_consolidation,RENT,NV,48.6,679.0,1
4800.0,40000.0,14.43,< 1 year,C, 36 months,other,RENT,VA,24.8,669.0,0
18000.0,136000.0,18.64,5 years,C, 36 months,debt_consolidation,MORTGAGE,NY,68.4,699.0,1
25000.0,96400.0,18.18,2 years,C, 36 months,debt_consolidation,MORTGAGE,LA,60.3,684.0,0
25000.0,56000.0,23.87,1 year,A, 36 months,credit_card,RENT,FL,46.6,704.0,0
7000.0,35000.0,20.3,1 year,B, 36 months,major_purchase,MORTGAGE,AZ,17.4,679.0,0
19175.0,38364.92,30.18,10+ years,F, 60 months,debt_consolidation,RENT,PA,101.6,684.0,0
20000.0,170000.0,25.52,5 years,A, 36 months,credit_card,MORTGAGE,TX,58.0,699.0,1
15000.0,62500.0,11.66,< 1 year,C, 60 months,credit_card,RENT,FL,76.0,674.0,0
3500.0,50000.0,26.07,10+ years,B, 36 months,other,MORTGAGE,IL,62.0,669.0,0
12000.0,70000.0,24.28,2 years,B, 36 months,debt_consolidation,RENT,CA,85.2,699.0,0
8000.0,55000.0,7.24,2 years,B, 36 months,debt_consolidation,RENT,FL,74.9,669.0,0
10500.0,62000.0,5.27,8 years,B, 36 months,other,RENT,CA,38.8,694.0,0
12000.0,50000.0,27.94,1 year,C, 60 months,credit_card,MORTGAGE,MO,69.8,679.0,0
15125.0,45000.0,16.16,< 1 year,C, 36 months,debt_consolidation,OWN,AL,46.9,684.0,1
5500.0,40000.0,7.62,10+ years,D, 36 months,debt_consolidation,RENT,CA,93.7,664.0,0
4200.0,40992.0,36.8,< 1 year,D, 36 months,debt_consolidation,RENT,MD,71.4,679.0,0
30000.0,90000.0,35.91,2 years,F, 60 months,small_business,RENT,FL,83.7,684.0,0
8400.0,100000.0,20.54,10+ years,A, 36 months,debt_consolidation,MORTGAGE,VA,25.9,714.0,0
1200.0,37000.0,21.18,6 years,C, 36 months,debt_consolidation,MORTGAGE,MO,50.3,684.0,0
5500.0,56000.0,16.18,10+ years,B, 36 months,debt_consolidation,RENT,NY,36.7,679.0,0
30000.0,72500.0,19.12,10+ years,B, 60 months,credit_card,OWN,TN,70.8,714.0,0
7000.0,55000.0,22.63,< 1 year,C, 36 months,debt_consolidation,RENT,TX,68.2,669.0,1
5000.0,93752.0,17.06,10+ years,C, 36 months,home_improvement,RENT,NY,87.3,679.0,1
35000.0,95000.0,20.3,10+ years,A, 36 months,debt_consolidation,MORTGAGE,TX,62.5,689.0,0
10000.0,65000.0,23.49,5 years,C, 36 months,debt_consolidation,RENT,MA,44.7,714.0,0
8625.0,106000.0,33.71,7 years,C, 36 months,debt_consolidation,MORTGAGE,MD,83.8,699.0,0
12000.0,38000.0,31.05,10+ years,D, 60 months,credit_card,MORTGAGE,WV,90.2,669.0,0
10000.0,50000.0,15.89,< 1 year,A, 36 months,debt_consolidation,RENT,WI,17.1,759.0,0
20000.0,58000.0,26.53,4 years,C, 60 months,debt_consolidation,RENT,FL,40.4,689.0,1
5000.0,33000.0,13.6,3 years,A, 36 months,credit_card,MORTGAGE,GA,51.8,704.0,0
12000.0,69000.0,14.66,7 years,B, 36 months,debt_consolidation,RENT,CA,51.0,694.0,0
2000.0,192000.0,16.91,5 years,C, 36 months,vacation,MORTGAGE,CA,70.0,704.0,0
29800.0,65000.0,14.77,10+ years,C, 36 months,debt_consolidation,OWN,NY,57.5,664.0,1
28800.0,90000.0,31.19,6 years,E, 60 months,debt_consolidation,MORTGAGE,NV,43.0,689.0,0
4000.0,28000.0,35.28,7 years,B, 36 months,debt_consolidation,OWN,FL,28.9,689.0,0
5000.0,38000.0,27.67,5 years,C, 36 months,debt_consolidation,RENT,MN,52.8,674.0,1
7200.0,35000.0,33.98,10+ years,C, 36 months,debt_consolidation,MORTGAGE,IL,73.2,674.0,0
3425.0,32000.0,13.88,3 years,D, 36 months,medical,RENT,GA,88.0,664.0,0
2000.0,37128.0,30.32,4 years,C, 36 months,credit_card,RENT,PA,83.8,689.0,1
35000.0,110000.0,19.34,10+ years,C, 36 months,credit_card,MORTGAGE,MD,99.0,679.0,0
12000.0,58000.0,22.74,4 years,B, 36 months,debt_consolidation,OWN,MI,62.4,664.0,0
13000.0,50000.0,12.7,5 years,D, 36 months,debt_consolidation,RENT,IL,48.2,694.0,1
10000.0,85000.0,23.31,10+ years,B, 36 months,debt_consolidation,RENT,TX,23.6,689.0,0
4025.0,46000.0,39.76,< 1 year,F, 36 months,debt_consolidation,RENT,IL,92.9,664.0,0
14000.0,70000.0,2.2,6 years,D, 60 months,debt_consolidation,RENT,CA,30.0,679.0,0
12000.0,57000.0,17.75,10+ years,C, 36 months,debt_consolidation,OWN,PA,30.3,729.0,0
35000.0,87000.0,22.47,< 1 year,E, 60 months,credit_card,MORTGAGE,MN,59.4,669.0,0
12850.0,137000.0,10.62,10+ years,D, 36 months,debt_consolidation,MORTGAGE,CA,76.0,669.0,0
12225.0,38000.0,35.83,5 years,C, 36 months,credit_card,OWN,AZ,48.4,684.0,0
32000.0,147000.0,9.64,1 year,B, 60 months,credit_card,RENT,NY,82.5,719.0,0
8875.0,24720.0,29.85,8 years,D, 36 months,debt_consolidation,RENT,FL,36.9,664.0,0
7675.0,90000.0,2.43,10+ years,A, 36 months,debt_consolidation,MORTGAGE,IL,27.8,789.0,0
6500.0,29500.0,19.49,4 years,C, 36 months,credit_card,RENT,UT,45.1,684.0,0
10000.0,31700.0,12.68,1 year,C, 60 months,debt_consolidation,RENT,IL,50.0,664.0,1
20400.0,65000.0,26.57,3 years,E, 60 months,debt_consolidation,RENT,CT,87.2,669.0,0
14325.0,60000.0,21.7,8 years,C, 36 months,debt_consolidation,MORTGAGE,FL,83.4,669.0,0
4800.0,102000.0,4.98,10+ years,D, 36 months,debt_consolidation,MORTGAGE,WA,80.5,674.0,0
14025.0,98000.0,29.23,10+ years,B, 36 months,credit_card,MORTGAGE,NJ,73.9,699.0,0
19825.0,62000.0,29.38,10+ years,F, 60 months,debt_consolidation,MORTGAGE,OH,99.9,674.0,0
10000.0,55000.0,12.04,4 years,B, 36 months,debt_consolidation,RENT,WA,80.1,694.0,0
9000.0,54000.0,12.96,5 years,C, 36 months,debt_consolidation,OWN,IN,46.7,664.0,0
35000.0,192000.0,18.51,10+ years,A, 36 months,credit_card,MORTGAGE,NJ,18.0,769.0,0
13450.0,52500.0,25.07,8 years,D, 60 months,other,MORTGAGE,IN,42.2,684.0,0
6000.0,38700.0,23.26,3 years,C, 36 months,debt_consolidation,OWN,NC,19.2,694.0,0
15000.0,30000.0,12.0,5 years,C, 60 months,debt_consolidation,OWN,MI,55.2,694.0,1
16800.0,50000.0,19.73,4 years,C, 36 months,credit_card,MORTGAGE,NY,80.8,684.0,0
5225.0,45000.0,14.29,10+ years,B, 36 months,debt_consolidation,MORTGAGE,PA,12.7,809.0,0
10700.0,80000.0,13.4,10+ years,A, 36 months,credit_card,MORTGAGE,CO,46.0,704.0,0
10500.0,35000.0,26.75,5 years,E, 60 months,debt_consolidation,RENT,IL,94.8,664.0,0
6000.0,32000.0,30.87,9 years,B, 36 months,debt_consolidation,MORTGAGE,WI,75.6,699.0,0
35000.0,150000.0,21.93,10+ years,C, 36 months,debt_consolidation,MORTGAGE,PA,68.3,684.0,1
21000.0,60500.0,31.62,10+ years,C, 60 months,major_purchase,MORTGAGE,PA,50.2,704.0,1
6500.0,46000.0,4.44,3 years,A, 36 months,car,MORTGAGE,FL,39.5,674.0,0
7000.0,39000.0,14.71,4 years,B, 36 months,credit_card,RENT,NV,68.5,669.0,0
35000.0,410000.0,8.71,6 years,A, 36 months,credit_card,MORTGAGE,CA,40.2,774.0,0
6500.0,50000.0,28.04,5 years,A, 36 months,debt_consolidation,MORTGAGE,IL,31.7,744.0,0
14000.0,83000.0,16.5,4 years,B, 36 months,debt_consolidation,MORTGAGE,TX,36.4,699.0,0
28000.0,75486.0,22.91,2 years,A, 36 months,credit_card,MORTGAGE,MN,76.0,699.0,0
20000.0,50000.0,39.32,10+ years,E, 60 months,debt_consolidation,OWN,TX,79.3,689.0,0
24000.0,128000.0,32.25,3 years,B, 36 months,debt_consolidation,MORTGAGE,PA,60.3,719.0,0
15350.0,110000.0,16.79,8 years,D, 60 months,other,RENT,CA,59.4,684.0,0
14400.0,95000.0,31.49,3 years,A, 36 months,credit_card,RENT,VA,65.5,699.0,0
13000.0,115000.0,17.08,10+ years,B, 60 months,credit_card,RENT,AZ,42.8,669.0,1
12000.0,70000.0,26.47,2 years,D, 60 months,credit_card,OWN,FL,55.9,684.0,1
25000.0,120000.0,14.83,10+ years,C, 36 months,home_improvement,OWN,NY,45.2,684.0,0
5000.0,60000.0,24.96,10+ years,C, 36 months,small_business,RENT,FL,5.8,759.0,0
12050.0,37000.0,24.78,6 years,F, 60 months,debt_consolidation,OWN,NJ,53.3,689.0,0
12000.0,34000.0,23.93,2 years,C, 60 months,debt_consolidation,RENT,MN,80.5,669.0,1
12000.0,62000.0,20.0,7 years,B, 36 months,debt_consolidation,RENT,NY,33.5,719.0,0
10000.0,70000.0,31.76,10+ years,B, 36 months,credit_card,MORTGAGE,CT,44.1,704.0,0
8500.0,75000.0,9.5,10+ years,B, 36 months,debt_consolidation,MORTGAGE,IN,1.4,694.0,0
10000.0,62000.0,18.99,10+ years,C, 36 months,debt_consolidation,RENT,FL,35.9,684.0,0
10000.0,50000.0,11.83,2 years,C, 36 months,debt_consolidation,RENT,PA,59.5,679.0,0
2500.0,40000.0,31.38,5 years,C, 36 months,credit_card,RENT,NY,99.1,674.0,1
8000.0,50000.0,31.28,10+ years,D, 36 months,debt_consolidation,RENT,FL,81.1,689.0,1
15000.0,83000.0,17.2,10+ years,B, 60 months,home_improvement,MORTGAGE,MA,73.9,679.0,0
9800.0,90000.0,11.2,10+ years,A, 36 months,debt_consolidation,MORTGAGE,LA,29.3,734.0,0
25000.0,100000.0,13.33,10+ years,C, 36 months,debt_consolidation,RENT,CA,68.9,684.0,0
15000.0,92000.0,29.23,< 1 year,E, 60 months,debt_consolidation,RENT,TX,63.3,694.0,1
7900.0,54000.0,23.04,10+ years,D, 36 months,credit_card,RENT,IN,57.7,664.0,0
19900.0,102668.0,22.57,10+ years,B, 36 months,debt_consolidation,RENT,NY,62.4,684.0,0
12000.0,57000.0,10.19,2 years,C, 60 months,home_improvement,OWN,VA,20.6,669.0,0
35000.0,115000.0,25.52,7 years,E, 60 months,debt_consolidation,MORTGAGE,PA,57.0,704.0,1
10000.0,60000.0,12.52,9 years,A, 36 months,credit_card,RENT,GA,38.5,724.0,0
28000.0,105000.0,19.26,10+ years,D, 60 months,debt_consolidation,MORTGAGE,CA,42.8,699.0,0
28000.0,118000.0,19.38,7 years,B, 60 months,credit_card,MORTGAGE,CA,37.7,764.0,0
24000.0,200000.0,22.55,10+ years,A, 36 months,debt_consolidation,MORTGAGE,FL,61.6,714.0,0
24000.0,164000.0,12.07,< 1 year,C, 60 months,major_purchase,MORTGAGE,NJ,61.7,709.0,1
35000.0,76800.0,30.88,6 years,E, 60 months,debt_consolidation,MORTGAGE,GA,62.6,674.0,0
17050.0,44000.0,30.63,10+ years,C, 60 months,debt_consolidation,RENT,NJ,22.6,724.0,0
35000.0,90000.0,19.13,10+ years,C, 60 months,debt_consolidation,OWN,OH,66.4,729.0,0
22675.0,54000.0,20.0,1 year,D, 36 months,debt_consolidation,MORTGAGE,OR,94.9,669.0,0
25000.0,170000.0,7.66,9 years,C, 60 months,debt_consolidation,MORTGAGE,OH,82.6,674.0,0
10000.0,76000.0,4.42,6 years,B, 36 months,credit_card,MORTGAGE,NC,34.1,674.0,0
8000.0,60000.0,26.72,2 years,B, 36 months,debt_consolidation,MORTGAGE,MS,92.7,704.0,0
16000.0,80000.0,30.32,< 1 year,B, 60 months,credit_card,MORTGAGE,VA,33.6,704.0,0
3000.0,70000.0,9.77,8 years,C, 36 months,home_improvement,RENT,NY,22.7,709.0,0
21000.0,70000.0,23.83,10+ years,C, 36 months,other,MORTGAGE,MD,43.1,684.0,0
6300.0,45000.0,16.99,10+ years,B, 36 months,debt_consolidation,RENT,NJ,19.8,694.0,0
35000.0,270000.0,16.97,10+ years,D, 36 months,debt_consolidation,OWN,NJ,75.6,699.0,1
13900.0,41000.0,38.96,10+ years,F, 60 months,debt_consolidation,RENT,RI,6.2,754.0,1
24000.0,49000.0,24.57,8 years,B, 60 months,debt_consolidation,MORTGAGE,AL,81.0,694.0,0
15000.0,58000.0,20.76,10+ years,B, 60 months,debt_consolidation,MORTGAGE,RI,43.1,719.0,0
8000.0,65000.0,35.3,10+ years,B, 36 months,car,MORTGAGE,VA,57.4,699.0,0
32000.0,89500.0,19.72,10+ years,C, 60 months,debt_consolidation,MORTGAGE,NJ,59.5,709.0,0
18000.0,160000.0,11.62,10+ years,C, 60 months,credit_card,RENT,CA,76.3,669.0,0
6500.0,45000.0,23.28,7 years,B, 36 months,debt_consolidation,RENT,NY,54.9,674.0,0
4800.0,42000.0,11.17,10+ years,B, 36 months,debt_consolidation,OWN,KY,20.0,744.0,0
15000.0,103000.0,13.98,4 years,B, 36 months,credit_card,RENT,CA,39.4,689.0,0
25000.0,64000.0,18.83,< 1 year,D, 36 months,debt_consolidation,RENT,PA,52.2,694.0,1
24000.0,155000.0,21.24,10+ years,A, 60 months,debt_consolidation,RENT,VA,50.1,689.0,0
22200.0,75000.0,23.54,4 years,C, 36 months,debt_consolidation,RENT,TX,76.1,664.0,0
3600.0,35000.0,15.47,3 years,B, 36 months,major_purchase,RENT,VA,38.4,679.0,0
6400.0,102000.0,30.61,3 years,C, 36 months,medical,MORTGAGE,SC,83.6,664.0,1
24000.0,350000.0,5.67,3 years,A, 36 months,debt_consolidation,RENT,NY,3.1,729.0,0
5000.0,58000.0,24.56,10+ years,A, 36 months,debt_consolidation,RENT,NY,13.8,724.0,0
31500.0,63000.0,20.04,7 years,C, 36 months,debt_consolidation,MORTGAGE,PA,41.7,714.0,1
20000.0,61809.0,7.36,10+ years,A, 36 months,home_improvement,MORTGAGE,FL,12.0,724.0,0
20000.0,40000.0,17.55,< 1 year,F, 60 months,major_purchase,RENT,CO,17.5,744.0,0
16000.0,96000.0,25.71,10+ years,B, 60 months,credit_card,OWN,GA,39.9,734.0,0
5000.0,140000.0,10.14,< 1 year,A, 36 months,home_improvement,MORTGAGE,CT,57.6,669.0,0
33000.0,120000.0,15.33,4 years,B, 36 months,debt_consolidation,RENT,CA,37.7,679.0,0
35000.0,115000.0,12.7,1 year,F, 60 months,debt_consolidation,OWN,CT,27.1,674.0,0
32000.0,118281.0,27.32,10+ years,C, 36 months,debt_consolidation,MORTGAGE,NY,45.2,674.0,0
20000.0,60000.0,12.94,7 years,C, 60 months,debt_consolidation,MORTGAGE,NC,60.0,684.0,0
15000.0,120000.0,13.66,1 year,B, 60 months,debt_consolidation,MORTGAGE,MD,68.7,724.0,0
13675.0,60000.0,24.34,9 years,D, 36 months,debt_consolidation,RENT,TX,52.8,679.0,0
13000.0,55000.0,6.88,10+ years,A, 60 months,debt_consolidation,MORTGAGE,NJ,42.4,714.0,0
6000.0,20000.0,22.33,< 1 year,D, 36 months,debt_consolidation,RENT,MO,104.1,669.0,0
11000.0,57000.0,11.18,9 years,A, 36 months,debt_consolidation,MORTGAGE,MI,14.6,819.0,1
20000.0,128000.0,7.1,4 years,D, 60 months,debt_consolidation,MORTGAGE,CT,69.3,684.0,1
10000.0,120000.0,19.4,10+ years,C, 36 months,home_improvement,MORTGAGE,AZ,41.9,664.0,1
6000.0,14000.0,39.37,< 1 year,C, 36 months,debt_consolidation,RENT,GA,51.0,689.0,0
6900.0,62000.0,2.71,5 years,B, 36 months,debt_consolidation,MORTGAGE,NJ,73.4,674.0,0
15200.0,60000.0,20.32,2 years,C, 60 months,debt_consolidation,RENT,MO,81.6,689.0,0
10000.0,35000.0,19.17,10+ years,B, 60 months,debt_consolidation,MORTGAGE,AL,23.0,719.0,0
4900.0,35650.0,33.23,2 years,C, 36 months,debt_consolidation,RENT,MD,92.6,679.0,0
11200.0,92000.0,15.44,5 years,C, 60 months,debt_consolidation,RENT,CA,81.5,664.0,0
15000.0,65000.0,16.54,2 years,A, 36 months,debt_consolidation,OWN,NY,67.3,709.0,0
15000.0,62000.0,7.32,3 years,B, 36 months,debt_consolidation,RENT,CT,63.9,684.0,0
11200.0,80000.0,13.49,10+ years,B, 36 months,credit_card,RENT,NY,70.4,664.0,0
15000.0,60000.0,19.95,1 year,B, 36 months,credit_card,RENT,CA,27.4,714.0,0
35000.0,135000.0,15.96,6 years,C, 60 months,debt_consolidation,MORTGAGE,AZ,28.6,744.0,1
8000.0,165000.0,9.64,10+ years,C, 36 months,other,MORTGAGE,NJ,68.1,684.0,1
10000.0,47000.0,12.28,5 years,B, 36 months,debt_consolidation,MORTGAGE,FL,21.1,664.0,1
8000.0,53000.0,14.63,2 years,C, 36 months,home_improvement,MORTGAGE,OR,38.6,674.0,1
9600.0,45000.0,27.15,10+ years,B, 36 months,credit_card,MORTGAGE,OH,32.1,689.0,0
15000.0,110000.0,13.06,1 year,B, 36 months,credit_card,MORTGAGE,NC,68.1,674.0,0
25000.0,126000.0,14.64,3 years,C, 36 months,debt_consolidation,MORTGAGE,OH,70.1,679.0,0
2000.0,39000.0,16.16,5 years,B, 36 months,credit_card,RENT,NY,32.7,664.0,1
14275.0,42000.0,9.44,1 year,D, 36 months,debt_consolidation,RENT,MA,98.6,699.0,0
8500.0,110000.0,10.23,3 years,A, 36 months,debt_consolidation,MORTGAGE,OK,29.8,734.0,0
7200.0,31000.0,32.38,2 years,B, 36 months,debt_consolidation,RENT,AZ,84.7,704.0,0
10000.0,40481.0,11.24,10+ years,A, 36 months,credit_card,OWN,AZ,58.6,734.0,1
32000.0,90000.0,18.69,10+ years,A, 36 months,debt_consolidation,RENT,IL,48.1,694.0,0
20500.0,41000.0,21.81,3 years,E, 60 months,debt_consolidation,RENT,HI,80.3,709.0,0
20225.0,125000.0,30.42,3 years,B, 36 months,debt_consolidation,RENT,CA,89.2,699.0,0
14000.0,55000.0,18.07,10+ years,B, 36 months,credit_card,MORTGAGE,NY,57.5,664.0,0
28000.0,97000.0,17.47,10+ years,F, 60 months,debt_consolidation,MORTGAGE,GA,84.1,684.0,0
30000.0,95000.0,16.5,1 year,B, 60 months,credit_card,MORTGAGE,CA,78.8,714.0,0
9500.0,43000.0,6.89,1 year,A, 36 months,debt_consolidation,MORTGAGE,WA,26.3,729.0,0
18000.0,120000.0,7.65,9 years,C, 60 months,debt_consolidation,MORTGAGE,CA,79.7,664.0,0
30000.0,125000.0,15.93,6 years,A, 36 months,credit_card,RENT,AZ,43.6,684.0,0
10000.0,55000.0,14.92,10+ years,D, 36 months,debt_consolidation,MORTGAGE,PA,91.3,664.0,0
20000.0,113000.0,14.21,9 years,B, 36 months,credit_card,MORTGAGE,CA,58.7,694.0,0
8450.0,65000.0,6.7,< 1 year,E, 36 months,debt_consolidation,RENT,TX,43.8,689.0,0
18625.0,44400.0,25.24,6 years,D, 60 months,debt_consolidation,RENT,OH,88.6,679.0,1
19000.0,41600.0,11.6,< 1 year,C, 60 months,debt_consolidation,RENT,GA,65.6,714.0,1
15000.0,72000.0,17.58,10+ years,B, 36 months,debt_consolidation,MORTGAGE,MD,18.0,679.0,1
35000.0,90000.0,11.56,10+ years,B, 36 months,debt_consolidation,MORTGAGE,CA,34.4,734.0,0
19000.0,49000.0,14.84,3 years,D, 60 months,debt_consolidation,OWN,IN,74.2,664.0,1
18500.0,65000.0,24.21,8 years,B, 36 months,debt_consolidation,MORTGAGE,TN,66.7,709.0,0
14000.0,46000.0,32.74,10+ years,C, 60 months,debt_consolidation,MORTGAGE,CA,38.3,674.0,0
23000.0,158700.0,33.49,10+ years,B, 36 months,credit_card,RENT,MD,48.0,684.0,0
8050.0,96000.0,15.5,10+ years,B, 36 months,home_improvement,MORTGAGE,PA,94.9,669.0,0
14400.0,64000.0,25.95,10+ years,B, 60 months,credit_card,MORTGAGE,CA,56.0,699.0,0
12000.0,68000.0,11.05,7 years,C, 60 months,medical,RENT,PA,88.5,689.0,0
22400.0,60000.0,25.3,10+ years,C, 60 months,credit_card,MORTGAGE,ME,66.6,674.0,0
8500.0,62450.0,17.39,10+ years,B, 36 months,debt_consolidation,MORTGAGE,WA,52.5,679.0,1
10000.0,62000.0,26.11,10+ years,C, 36 months,debt_consolidation,MORTGAGE,GA,51.0,674.0,0
25000.0,60000.0,15.86,10+ years,A, 36 months,debt_consolidation,RENT,CA,10.6,794.0,0
3000.0,50000.0,23.02,5 years,C, 36 months,debt_consolidation,MORTGAGE,NC,48.4,704.0,0
4000.0,80000.0,19.53,10+ years,B, 36 months,credit_card,MORTGAGE,MI,71.4,674.0,0
35000.0,85000.0,9.08,10+ years,C, 60 months,debt_consolidation,MORTGAGE,TX,45.7,754.0,0
20000.0,47500.0,25.64,4 years,C, 60 months,credit_card,RENT,FL,76.6,679.0,0
30000.0,124000.0,28.66,8 years,D, 60 months,credit_card,MORTGAGE,WA,70.7,669.0,0
30000.0,90000.0,14.01,1 year,C, 36 months,debt_consolidation,MORTGAGE,AZ,29.0,684.0,0
16000.0,79000.0,22.91,10+ years,B, 36 months,debt_consolidation,RENT,TX,62.2,694.0,0
5000.0,40000.0,28.74,1 year,B, 36 months,credit_card,RENT,HI,61.2,674.0,0
35000.0,360000.0,20.58,5 years,B, 36 months,credit_card,RENT,NY,87.4,689.0,0
10300.0,58000.0,20.3,< 1 year,A, 36 months,debt_consolidation,MORTGAGE,KS,42.0,684.0,0
2400.0,33000.0,25.78,9 years,B, 36 months,credit_card,MORTGAGE,FL,30.0,669.0,0
4975.0,65000.0,31.46,10+ years,C, 36 months,debt_consolidation,OWN,TX,57.0,719.0,0
15000.0,63500.0,26.23,10+ years,A, 36 months,debt_consolidation,MORTGAGE,MN,39.3,739.0,0
12000.0,86000.0,19.9,10+ years,A, 36 months,debt_consolidation,RENT,IN,18.1,749.0,0
24825.0,252000.0,19.59,1 year,D, 36 months,debt_consolidation,RENT,AK,2.8,739.0,0
4500.0,55000.0,37.92,5 years,C, 36 months,debt_consolidation,MORTGAGE,PA,45.8,719.0,0
2400.0,22607.0,25.97,1 year,D, 36 months,moving,RENT,CA,0.0,759.0,0
25000.0,87000.0,22.57,10+ years,B, 60 months,debt_consolidation,RENT,NJ,30.9,774.0,0
8000.0,52000.0,12.67,7 years,C, 36 months,debt_consolidation,RENT,MN,6.1,664.0,0
21600.0,85000.0,23.45,10+ years,A, 36 months,credit_card,MORTGAGE,CA,21.2,734.0,0
3000.0,83000.0,36.74,4 years,B, 36 months,debt_consolidation,MORTGAGE,FL,90.0,709.0,0
5000.0,20000.0,28.69,5 years,C, 36 months,credit_card,OWN,NY,68.2,719.0,0
2500.0,70000.0,16.56,8 years,A, 36 months,debt_consolidation,MORTGAGE,OK,67.8,699.0,1
5600.0,37600.0,9.35,3 years,C, 36 months,debt_consolidation,RENT,FL,76.5,669.0,0
7200.0,25000.0,30.77,4 years,D, 36 months,credit_card,OWN,GA,54.7,689.0,0
20000.0,115000.0,9.21,6 years,A, 36 months,home_improvement,MORTGAGE,GA,5.9,794.0,0
24000.0,148000.0,10.74,1 year,A, 36 months,credit_card,MORTGAGE,IL,96.0,684.0,0
25000.0,60864.0,16.54,4 years,B, 60 months,debt_consolidation,RENT,CA,40.0,729.0,0
12000.0,92500.0,17.66,2 years,C, 36 months,debt_consolidation,MORTGAGE,GA,2.4,674.0,0
11700.0,68000.0,33.25,< 1 year,C, 60 months,credit_card,MORTGAGE,NY,35.9,709.0,0
12500.0,48000.0,27.7,4 years,A, 36 months,debt_consolidation,MORTGAGE,GA,59.4,714.0,0
1600.0,72000.0,28.87,10+ years,C, 36 months,other,RENT,NC,82.3,719.0,0
8500.0,111000.0,16.46,3 years,B, 36 months,debt_consolidation,MORTGAGE,FL,36.2,669.0,0
8000.0,198000.0,12.75,10+ years,A, 36 months,home_improvement,OWN,NJ,94.6,674.0,0
3500.0,45000.0,21.41,< 1 year,B, 36 months,debt_consolidation,RENT,FL,36.2,714.0,0
8000.0,30000.0,19.28,2 years,C, 36 months,debt_consolidation,RENT,TX,69.7,679.0,0
5000.0,8121180.0,0.48,10+ years,B, 36 months,debt_consolidation,MORTGAGE,WY,88.0,674.0,0
25000.0,84000.0,22.1,1 year,A, 36 months,debt_consolidation,RENT,FL,88.0,709.0,0
27000.0,150000.0,12.02,6 years,A, 36 months,debt_consolidation,MORTGAGE,TX,75.6,694.0,0
16000.0,90000.0,30.99,10+ years,C, 60 months,debt_consolidation,RENT,GA,95.7,679.0,0
18000.0,54000.0,16.0,10+ years,B, 36 months,major_purchase,MORTGAGE,OH,21.2,694.0,0
4000.0,16000.0,22.06,2 years,D, 36 months,major_purchase,OWN,NY,69.1,674.0,0
15000.0,130000.0,12.91,5 years,B, 36 months,credit_card,RENT,NY,52.3,674.0,0
11200.0,55000.0,15.38,5 years,E, 60 months,credit_card,RENT,CA,38.3,669.0,0
21000.0,120000.0,15.05,10+ years,B, 36 months,credit_card,MORTGAGE,IL,0.7,674.0,0
2000.0,64000.0,33.65,2 years,C, 36 months,vacation,RENT,FL,31.5,674.0,0
22000.0,80000.0,23.45,10+ years,A, 36 months,credit_card,MORTGAGE,CA,59.0,714.0,0
15000.0,105000.0,9.82,6 years,A, 36 months,debt_consolidation,RENT,CA,43.7,714.0,0
10000.0,32000.0,38.37,8 years,C, 36 months,debt_consolidation,MORTGAGE,LA,96.1,669.0,0
6400.0,30000.0,7.16,10+ years,B, 36 months,credit_card,MORTGAGE,NC,94.7,679.0,0
10000.0,34500.0,28.97,1 year,C, 60 months,debt_consolidation,RENT,OR,24.2,694.0,0
10000.0,80000.0,7.05,10+ years,B, 36 months,debt_consolidation,MORTGAGE,MI,45.3,669.0,1
4850.0,27000.0,9.07,2 years,E, 36 months,debt_consolidation,RENT,FL,100.0,714.0,1
24000.0,90000.0,19.01,2 years,C, 60 months,credit_card,MORTGAGE,MO,96.2,699.0,0
18000.0,92000.0,3.48,5 years,B, 60 months,debt_consolidation,MORTGAGE,OR,57.6,754.0,0
5800.0,35000.0,25.0,9 years,C, 36 months,debt_consolidation,RENT,KS,47.3,674.0,0
16800.0,51500.0,27.71,10+ years,C, 36 months,debt_consolidation,RENT,CA,19.2,739.0,0
10800.0,30000.0,32.04,< 1 year,D, 36 months,debt_consolidation,RENT,GA,58.2,689.0,0
20000.0,58000.0,12.1,2 years,A, 60 months,debt_consolidation,MORTGAGE,MN,27.8,729.0,0
25000.0,80000.0,24.5,4 years,E, 60 months,debt_consolidation,MORTGAGE,OR,79.3,684.0,1
5000.0,135000.0,7.75,10+ years,A, 36 months,small_business,MORTGAGE,TX,24.1,704.0,0
10000.0,50000.0,14.98,2 years,D, 36 months,debt_consolidation,OWN,GA,16.1,669.0,0
4000.0,45000.0,4.1,< 1 year,C, 36 months,major_purchase,RENT,NY,6.2,749.0,0
26450.0,65000.0,36.52,4 years,C, 60 months,debt_consolidation,MORTGAGE,VA,58.9,724.0,0
35000.0,105000.0,5.51,2 years,B, 36 months,debt_consolidation,RENT,CA,14.9,759.0,1
34500.0,75000.0,20.22,6 years,E, 60 months,debt_consolidation,MORTGAGE,WI,37.1,699.0,0
35000.0,100000.0,15.67,10+ years,D, 36 months,debt_consolidation,OWN,TX,73.0,709.0,0
7000.0,55000.0,17.56,6 years,A, 36 months,debt_consolidation,RENT,NY,53.3,669.0,0
5200.0,60000.0,17.66,< 1 year,C, 36 months,other,RENT,TX,95.1,689.0,0
18000.0,75000.0,25.75,9 years,D, 60 months,credit_card,RENT,FL,50.1,664.0,1
15000.0,41000.0,24.77,10+ years,C, 60 months,debt_consolidation,RENT,NJ,84.6,694.0,0
29900.0,60000.0,27.4,10+ years,C, 36 months,credit_card,MORTGAGE,OH,65.4,664.0,1
9600.0,32000.0,28.81,3 years,D, 36 months,debt_consolidation,RENT,CA,66.4,674.0,0
8000.0,125000.0,19.14,< 1 year,B, 36 months,debt_consolidation,MORTGAGE,MD,29.5,684.0,0
30000.0,135000.0,7.45,10+ years,G, 60 months,small_business,MORTGAGE,CT,62.8,664.0,1
4000.0,97500.0,14.41,< 1 year,C, 36 months,credit_card,MORTGAGE,CA,83.6,674.0,1
5000.0,31000.0,19.5,3 years,C, 36 months,debt_consolidation,RENT,LA,41.7,699.0,1
9000.0,65000.0,10.62,5 years,A, 36 months,credit_card,OWN,NC,61.0,689.0,0
8400.0,103000.0,25.76,2 years,A, 36 months,debt_consolidation,RENT,CA,24.1,809.0,0
14300.0,32500.0,33.09,4 years,D, 36 months,debt_consolidation,RENT,OH,69.9,689.0,0
25000.0,50000.0,26.6,10+ years,A, 60 months,home_improvement,OWN,NY,0.7,829.0,0
25000.0,65000.0,21.6,1 year,B, 36 months,debt_consolidation,RENT,NY,20.3,744.0,0
14400.0,48000.0,6.4,8 years,C, 60 months,debt_consolidation,MORTGAGE,VA,57.2,679.0,0
10500.0,71000.0,9.06,2 years,B, 36 months,credit_card,RENT,NY,75.7,694.0,0
20000.0,118000.0,17.42,3 years,A, 36 months,other,MORTGAGE,NJ,51.8,744.0,0
11375.0,63000.0,32.12,3 years,B, 36 months,credit_card,MORTGAGE,GA,49.4,699.0,0
17925.0,39000.0,38.71,9 years,B, 36 months,debt_consolidation,OWN,NY,61.1,724.0,0
12000.0,120000.0,6.44,10+ years,B, 36 months,debt_consolidation,RENT,TX,97.3,664.0,0
17600.0,40000.0,13.83,7 years,C, 36 months,credit_card,RENT,OK,43.1,674.0,0
8000.0,131000.0,12.53,10+ years,A, 36 months,debt_consolidation,MORTGAGE,CA,11.7,784.0,0
18000.0,55000.0,33.0,6 years,A, 60 months,credit_card,RENT,PA,38.3,714.0,0
23250.0,58058.0,35.61,1 year,D, 60 months,debt_consolidation,RENT,CA,59.7,679.0,1
23475.0,60000.0,17.88,5 years,E, 60 months,home_improvement,MORTGAGE,CA,36.8,694.0,0
9000.0,50865.0,7.65,4 years,C, 36 months,debt_consolidation,OWN,AL,17.6,719.0,0
23000.0,150000.0,9.98,1 year,A, 36 months,credit_card,RENT,MA,37.2,719.0,0
5000.0,70000.0,6.72,10+ years,A, 36 months,debt_consolidation,MORTGAGE,TN,71.9,689.0,0
13000.0,60000.0,25.92,2 years,A, 36 months,debt_consolidation,RENT,MA,57.2,714.0,0
35000.0,200000.0,19.04,4 years,C, 60 months,debt_consolidation,MORTGAGE,OH,81.4,669.0,0
15000.0,50000.0,20.31,2 years,C, 36 months,credit_card,RENT,CA,25.3,704.0,0
6000.0,58000.0,22.95,3 years,A, 36 months,home_improvement,RENT,NY,58.3,709.0,0
10000.0,32000.0,26.22,2 years,E, 60 months,home_improvement,MORTGAGE,PA,69.3,664.0,0
19200.0,55000.0,17.33,2 years,C, 60 months,credit_card,RENT,CA,47.9,704.0,1
8000.0,82722.0,12.1,10+ years,B, 36 months,debt_consolidation,MORTGAGE,MD,67.7,664.0,0
28000.0,90000.0,18.85,< 1 year,A, 36 months,credit_card,RENT,KS,62.4,719.0,0
8000.0,80000.0,10.56,9 years,C, 36 months,other,MORTGAGE,MA,29.1,684.0,0
24550.0,182000.0,8.32,10+ years,G, 60 months,other,MORTGAGE,CA,47.4,669.0,1
24000.0,190000.0,21.52,3 years,C, 36 months,debt_consolidation,MORTGAGE,CT,69.8,674.0,0
16000.0,139000.0,19.85,10+ years,C, 60 months,debt_consolidation,OWN,VA,36.7,749.0,0
6000.0,36000.0,10.85,6 years,B, 36 months,other,MORTGAGE,MI,26.8,699.0,0
4800.0,60000.0,32.4,8 years,B, 36 months,debt_consolidation,MORTGAGE,FL,79.2,694.0,0
12000.0,77000.0,16.11,10+ years,C, 60 months,credit_card,MORTGAGE,MI,48.5,664.0,0
14400.0,85000.0,25.37,4 years,A, 36 months,credit_card,OWN,TN,35.7,744.0,0
4000.0,30000.0,16.64,10+ years,C, 36 months,credit_card,RENT,AZ,64.9,664.0,1
7500.0,94500.0,16.01,10+ years,A, 36 months,debt_consolidation,MORTGAGE,IN,7.9,804.0,0
10000.0,140000.0,8.01,10+ years,C, 60 months,debt_consolidation,MORTGAGE,MN,82.1,669.0,0
20000.0,60322.0,30.78,10+ years,C, 60 months,debt_consolidation,MORTGAGE,OK,53.4,674.0,0
7200.0,40000.0,24.57,2 years,C, 36 months,debt_consolidation,MORTGAGE,CO,68.8,674.0,0
20000.0,60000.0,17.25,3 years,C, 36 months,medical,RENT,CA,71.0,664.0,0
8000.0,49000.0,24.2,10+ years,C, 36 months,debt_consolidation,RENT,MN,29.6,694.0,0
28000.0,150000.0,13.18,7 years,A, 36 months,debt_consolidation,MORTGAGE,OR,44.6,769.0,0
15000.0,57000.0,15.16,3 years,C, 60 months,credit_card,MORTGAGE,ND,61.2,664.0,0
14400.0,67000.0,20.25,4 years,C, 60 months,debt_consolidation,RENT,GA,66.8,674.0,0
9600.0,70000.0,28.8,10+ years,C, 36 months,debt_consolidation,MORTGAGE,GA,86.3,679.0,0
5700.0,43000.0,20.04,4 years,B, 36 months,debt_consolidation,RENT,GA,60.0,674.0,0
7300.0,36000.0,3.77,< 1 year,B, 36 months,debt_consolidation,RENT,NC,32.0,704.0,0
10000.0,42000.0,23.54,2 years,B, 60 months,credit_card,RENT,MI,65.7,704.0,1
32000.0,77000.0,14.82,< 1 year,D, 60 months,debt_consolidation,RENT,CA,93.9,689.0,1
12000.0,52000.0,23.96,< 1 year,C, 60 months,debt_consolidation,RENT,NY,64.2,674.0,1
4000.0,82500.0,6.84,10+ years,B, 36 months,credit_card,MORTGAGE,NJ,50.0,679.0,0
18000.0,50000.0,16.54,1 year,F, 60 months,debt_consolidation,OWN,WA,20.6,704.0,1
30000.0,390000.0,6.71,9 years,B, 60 months,credit_card,OWN,VA,37.1,764.0,0
4500.0,75000.0,20.44,3 years,C, 36 months,debt_consolidation,RENT,FL,49.8,674.0,0
6000.0,56500.0,10.62,10+ years,A, 36 months,debt_consolidation,MORTGAGE,TX,21.7,694.0,0
14400.0,40000.0,22.38,5 years,C, 36 months,debt_consolidation,OWN,IL,41.0,694.0,1
28000.0,99425.0,11.33,< 1 year,B, 60 months,debt_consolidation,RENT,CA,91.6,729.0,0
19225.0,163000.0,11.34,3 years,C, 36 months,debt_consolidation,OWN,FL,28.4,669.0,0
14000.0,47500.0,23.98,5 years,B, 36 months,debt_consolidation,RENT,PA,72.0,704.0,0
9000.0,134000.0,14.52,1 year,A, 36 months,debt_consolidation,RENT,DC,74.1,769.0,0
20000.0,98000.0,13.64,4 years,E, 60 months,credit_card,RENT,MO,42.0,669.0,1
19000.0,55000.0,18.11,10+ years,B, 36 months,home_improvement,MORTGAGE,TX,28.0,719.0,0
5000.0,67486.64,10.33,6 years,A, 36 months,credit_card,MORTGAGE,CA,33.5,709.0,0
4325.0,93000.0,7.94,4 years,B, 36 months,credit_card,OWN,CA,39.0,679.0,1
8000.0,23000.0,12.73,4 years,B, 36 months,debt_consolidation,RENT,TX,48.6,669.0,0
20000.0,70000.0,20.64,2 years,C, 36 months,debt_consolidation,RENT,TX,19.0,684.0,0
7000.0,32000.0,35.82,2 years,C, 36 months,credit_card,RENT,TX,61.9,674.0,0
30000.0,97000.0,1.6,9 years,B, 36 months,home_improvement,MORTGAGE,IN,37.1,734.0,0
35000.0,400000.0,10.11,3 years,B, 36 months,debt_consolidation,RENT,CA,62.0,699.0,0
12000.0,48000.0,17.34,10+ years,B, 36 months,credit_card,RENT,TX,75.5,664.0,0
7200.0,52500.0,22.24,5 years,B, 36 months,credit_card,RENT,FL,40.8,664.0,0
20000.0,56000.0,19.07,3 years,B, 36 months,credit_card,MORTGAGE,CA,82.6,679.0,0
4500.0,82000.0,28.82,10+ years,C, 36 months,debt_consolidation,MORTGAGE,GA,87.9,714.0,0
11000.0,37000.0,15.93,4 years,C, 36 months,debt_consolidation,RENT,NH,85.9,664.0,0
25000.0,83000.0,19.37,10+ years,C, 60 months,credit_card,OWN,NY,41.1,664.0,0
14400.0,94000.0,24.38,5 years,C, 60 months,debt_consolidation,RENT,DC,90.2,684.0,1
15000.0,75000.0,12.72,2 years,B, 36 months,debt_consolidation,RENT,GA,65.4,669.0,0
5000.0,58000.0,7.01,5 years,B, 36 months,debt_consolidation,MORTGAGE,TX,22.3,674.0,0
35000.0,78000.0,27.67,10+ years,E, 60 months,debt_consolidation,OWN,IL,68.4,674.0,0
20000.0,93000.0,14.85,8 years,A, 36 months,debt_consolidation,OWN,MO,23.3,739.0,0
21000.0,45000.0,19.73,9 years,C, 60 months,major_purchase,RENT,FL,47.8,689.0,0
35000.0,100000.0,18.84,1 year,B, 36 months,debt_consolidation,RENT,WA,79.6,729.0,0
21000.0,165000.0,29.69,10+ years,A, 36 months,debt_consolidation,MORTGAGE,GA,68.0,724.0,0
30000.0,75000.0,16.24,10+ years,D, 60 months,debt_consolidation,MORTGAGE,NC,91.9,669.0,0
6800.0,20000.0,9.12,4 years,C, 36 months,debt_consolidation,RENT,IN,34.5,719.0,0
16550.0,36000.0,18.17,10+ years,C, 60 months,credit_card,RENT,HI,80.7,689.0,0
18000.0,117717.0,11.64,10+ years,A, 36 months,credit_card,MORTGAGE,NC,39.9,714.0,0
6000.0,40000.0,15.37,6 years,A, 36 months,debt_consolidation,RENT,FL,43.0,684.0,0
18500.0,52000.0,29.73,5 years,C, 60 months,debt_consolidation,OWN,NY,48.8,674.0,0
14000.0,40000.0,14.22,10+ years,C, 36 months,debt_consolidation,RENT,CA,41.8,709.0,0
17000.0,125000.0,12.92,2 years,B, 36 months,debt_consolidation,RENT,WA,63.5,669.0,0
4200.0,95000.0,11.52,10+ years,A, 36 months,debt_consolidation,MORTGAGE,CO,39.5,724.0,0
17000.0,70000.0,32.36,2 years,C, 36 months,debt_consolidation,RENT,CA,65.5,669.0,1
1500.0,80000.0,10.99,3 years,B, 36 months,debt_consolidation,MORTGAGE,CT,9.3,699.0,0
22500.0,45000.0,18.85,9 years,C, 60 months,debt_consolidation,RENT,TX,76.2,719.0,0
8000.0,40000.0,16.53,2 years,B, 36 months,debt_consolidation,RENT,FL,69.4,669.0,0
12000.0,61200.0,3.27,10+ years,C, 36 months,debt_consolidation,MORTGAGE,WA,76.0,684.0,0
24000.0,125000.0,9.76,< 1 year,C, 60 months,credit_card,MORTGAGE,MA,35.4,694.0,0
25000.0,110000.0,26.45,10+ years,C, 60 months,debt_consolidation,RENT,CA,85.6,684.0,0
30000.0,105000.0,29.19,4 years,C, 60 months,credit_card,RENT,MN,77.3,709.0,0
3200.0,32574.0,17.91,3 years,D, 36 months,moving,RENT,NJ,43.9,664.0,1
10000.0,110000.0,11.83,4 years,F, 36 months,medical,RENT,CA,41.3,664.0,0
3000.0,40000.0,12.69,10+ years,D, 36 months,debt_consolidation,RENT,FL,45.6,669.0,0
13475.0,50000.0,20.09,< 1 year,C, 60 months,debt_consolidation,MORTGAGE,WA,59.0,754.0,0
10200.0,30000.0,25.37,2 years,D, 36 months,debt_consolidation,RENT,CA,26.1,679.0,1
16000.0,65000.0,16.88,10+ years,C, 60 months,credit_card,MORTGAGE,OH,63.5,664.0,0
5000.0,33765.0,9.7,5 years,B, 36 months,credit_card,RENT,KY,61.3,674.0,0
35000.0,140000.0,28.93,5 years,C, 36 months,credit_card,MORTGAGE,TN,26.0,674.0,0
24200.0,55000.0,24.46,10+ years,D, 36 months,debt_consolidation,MORTGAGE,AL,47.1,704.0,0
30000.0,124820.0,9.61,10+ years,D, 60 months,credit_card,MORTGAGE,AZ,72.3,714.0,0
10500.0,105000.0,10.69,4 years,C, 60 months,debt_consolidation,OWN,NV,50.6,664.0,0
10800.0,56000.0,19.84,7 years,B, 36 months,debt_consolidation,RENT,CA,91.9,674.0,0
10000.0,106839.0,26.29,< 1 year,B, 36 months,credit_card,MORTGAGE,TN,76.0,679.0,0
16000.0,65000.0,10.58,6 years,B, 60 months,credit_card,MORTGAGE,MN,68.3,689.0,0
35000.0,250142.0,7.7,2 years,C, 36 months,debt_consolidation,MORTGAGE,WA,93.6,734.0,1
17500.0,58000.0,10.41,10+ years,E, 60 months,home_improvement,MORTGAGE,NC,37.6,674.0,1
10000.0,75000.0,26.19,10+ years,A, 36 months,debt_consolidation,MORTGAGE,ME,69.0,699.0,0
16000.0,58240.0,9.64,10+ years,D, 60 months,debt_consolidation,MORTGAGE,CO,69.6,664.0,0
14000.0,98000.0,20.86,10+ years,B, 60 months,debt_consolidation,MORTGAGE,WV,48.8,709.0,0
33000.0,75000.0,37.42,5 years,D, 36 months,debt_consolidation,OWN,MS,55.2,684.0,0
12000.0,65000.0,10.57,4 years,A, 36 months,home_improvement,MORTGAGE,CO,11.3,749.0,0
8000.0,53000.0,7.9,4 years,B, 36 months,credit_card,RENT,MN,61.0,709.0,0
8000.0,68000.0,15.2,8 years,C, 36 months,debt_consolidation,MORTGAGE,FL,52.9,684.0,0
35000.0,250000.0,20.4,3 years,A, 36 months,major_purchase,RENT,FL,35.0,719.0,0
28000.0,87000.0,7.68,10+ years,C, 60 months,debt_consolidation,RENT,NJ,82.9,709.0,0
14950.0,175000.0,9.32,< 1 year,B, 36 months,credit_card,MORTGAGE,CT,62.3,679.0,0
9000.0,60144.5,5.8,3 years,C, 36 months,debt_consolidation,MORTGAGE,GA,19.6,694.0,0
29000.0,115000.0,10.15,10+ years,D, 60 months,debt_consolidation,RENT,AZ,59.5,709.0,0
15000.0,40900.0,34.24,10+ years,C, 60 months,debt_consolidation,MORTGAGE,VA,72.1,674.0,0
4000.0,30000.0,21.48,< 1 year,C, 36 months,debt_consolidation,RENT,TX,55.0,684.0,0
12800.0,50000.0,33.08,10+ years,A, 36 months,home_improvement,MORTGAGE,NE,15.5,724.0,1
7000.0,39000.0,31.57,< 1 year,C, 36 months,debt_consolidation,RENT,DC,71.2,679.0,1
10000.0,62000.0,10.07,9 years,C, 60 months,credit_card,MORTGAGE,IN,80.3,669.0,0
6500.0,30000.0,10.24,3 years,D, 36 months,debt_consolidation,RENT,GA,50.7,664.0,0
6000.0,80000.0,14.08,< 1 year,B, 36 months,home_improvement,MORTGAGE,WI,55.0,714.0,0
15700.0,37453.0,30.92,7 years,E, 60 months,debt_consolidation,RENT,WA,82.4,714.0,0
30000.0,91000.0,26.64,10+ years,A, 36 months,debt_consolidation,MORTGAGE,OH,45.7,749.0,0
24000.0,85000.0,13.47,< 1 year,E, 60 months,debt_consolidation,OWN,CT,74.1,694.0,0
14125.0,41600.0,38.57,< 1 year,E, 60 months,debt_consolidation,MORTGAGE,SD,81.1,714.0,1
28975.0,63000.0,30.17,10+ years,E, 60 months,debt_consolidation,OWN,CO,47.5,699.0,0
31275.0,240000.0,18.12,2 years,D, 36 months,debt_consolidation,RENT,VA,69.2,664.0,1
16000.0,70700.0,26.87,1 year,D, 60 months,debt_consolidation,MORTGAGE,NC,57.4,709.0,0
15000.0,140000.0,7.84,< 1 year,A, 36 months,debt_consolidation,RENT,IL,25.2,754.0,0
8000.0,33000.0,13.89,10+ years,C, 36 months,debt_consolidation,RENT,TX,36.5,664.0,0
4550.0,22000.0,26.4,10+ years,C, 36 months,credit_card,OWN,PA,39.0,709.0,0
35000.0,350000.0,20.69,10+ years,B, 36 months,credit_card,MORTGAGE,TX,65.0,704.0,0
12000.0,70000.0,3.17,< 1 year,C, 36 months,debt_consolidation,MORTGAGE,MI,64.0,709.0,0
15000.0,84000.0,12.93,10+ years,A, 36 months,debt_consolidation,MORTGAGE,MD,13.7,814.0,0
2925.0,55000.0,11.8,1 year,C, 36 months,other,RENT,CA,0.6,694.0,0
1200.0,46368.0,16.36,10+ years,B, 36 months,debt_consolidation,RENT,CA,6.0,674.0,0
4000.0,60000.0,18.46,3 years,A, 36 months,credit_card,MORTGAGE,AZ,51.2,739.0,0
2500.0,56000.0,15.71,10+ years,D, 36 months,medical,RENT,TX,50.1,674.0,0
28000.0,80000.0,15.3,10+ years,E, 60 months,debt_consolidation,MORTGAGE,CA,52.0,709.0,1
16800.0,175000.0,9.77,< 1 year,B, 60 months,credit_card,MORTGAGE,NC,76.3,684.0,0
20000.0,79500.0,26.56,1 year,C, 60 months,debt_consolidation,RENT,FL,46.7,664.0,0
10000.0,35000.0,9.5,10+ years,C, 36 months,credit_card,RENT,CA,51.4,704.0,0
33425.0,66851.2,23.05,10+ years,D, 36 months,other,MORTGAGE,CA,36.9,719.0,0
8175.0,39000.0,38.4,10+ years,C, 36 months,credit_card,MORTGAGE,KY,62.4,689.0,0
12000.0,40376.0,26.81,9 years,B, 36 months,debt_consolidation,RENT,CA,75.3,674.0,0
30000.0,60000.0,36.08,1 year,E, 60 months,debt_consolidation,MORTGAGE,NJ,40.5,689.0,0
30000.0,250000.0,7.78,3 years,E, 60 months,other,RENT,CA,17.3,719.0,0
12000.0,52000.0,13.27,9 years,B, 36 months,debt_consolidation,RENT,TX,56.5,694.0,0
12000.0,45000.0,26.77,10+ years,D, 60 months,debt_consolidation,RENT,OH,15.6,679.0,0
11425.0,26000.0,7.89,3 years,C, 36 months,debt_consolidation,RENT,GA,40.9,689.0,0
25000.0,72000.0,20.27,1 year,B, 36 months,debt_consolidation,MORTGAGE,MS,60.4,684.0,0
8000.0,50000.0,7.2,10+ years,C, 36 months,other,RENT,NY,34.0,689.0,0
24000.0,93000.0,27.84,10+ years,B, 36 months,credit_card,MORTGAGE,CT,48.2,699.0,0
11225.0,31200.0,38.08,< 1 year,E, 36 months,debt_consolidation,RENT,CT,76.8,664.0,0
14700.0,35000.0,32.06,3 years,E, 60 months,credit_card,MORTGAGE,FL,18.8,694.0,0
7475.0,32000.0,33.05,1 year,E, 36 months,debt_consolidation,OWN,NY,48.3,679.0,0
7900.0,60000.0,15.44,2 years,E, 36 months,debt_consolidation,MORTGAGE,WY,50.2,679.0,0
8000.0,65000.0,20.81,5 years,B, 36 months,debt_consolidation,MORTGAGE,GA,52.7,689.0,0
16000.0,87000.0,14.14,3 years,D, 60 months,debt_consolidation,MORTGAGE,UT,65.6,684.0,1
16000.0,32000.0,6.98,4 years,F, 60 months,small_business,RENT,MO,76.7,674.0,0
25000.0,105000.0,1.21,1 year,D, 36 months,house,RENT,PA,5.9,779.0,0
16000.0,45000.0,30.8,< 1 year,C, 60 months,debt_consolidation,MORTGAGE,FL,44.9,674.0,1
35000.0,143000.0,8.2,< 1 year,B, 36 months,home_improvement,OWN,TX,16.6,764.0,0
18000.0,99000.0,16.92,10+ years,C, 60 months,other,RENT,NJ,71.5,689.0,0
20000.0,90000.0,21.7,3 years,B, 36 months,credit_card,MORTGAGE,TX,65.2,674.0,0
9525.0,35000.0,23.25,1 year,E, 36 months,debt_consolidation,RENT,GA,77.5,679.0,0
15000.0,69000.0,16.63,10+ years,C, 36 months,debt_consolidation,MORTGAGE,TN,78.8,664.0,0
12000.0,40000.0,22.5,5 years,B, 36 months,debt_consolidation,MORTGAGE,ME,33.9,664.0,0
25000.0,107000.0,19.77,< 1 year,A, 36 months,credit_card,MORTGAGE,TX,83.6,689.0,0
15000.0,60000.0,23.16,4 years,A, 36 months,debt_consolidation,MORTGAGE,IL,50.2,694.0,0
18000.0,49000.0,21.75,4 years,C, 60 months,credit_card,RENT,OH,86.5,664.0,0
5300.0,27000.0,14.0,2 years,B, 36 months,debt_consolidation,RENT,NJ,53.9,709.0,0
20000.0,67000.0,5.62,8 years,C, 60 months,home_improvement,MORTGAGE,MO,87.8,684.0,0
12000.0,100000.0,7.34,< 1 year,C, 60 months,major_purchase,RENT,PA,26.1,669.0,0
8400.0,120000.0,33.82,10+ years,C, 36 months,home_improvement,MORTGAGE,MD,56.3,664.0,1
3200.0,120000.0,32.54,5 years,B, 36 months,car,MORTGAGE,NV,66.3,694.0,1
28000.0,310000.0,12.94,8 years,B, 36 months,debt_consolidation,MORTGAGE,GA,100.0,664.0,1
15000.0,36000.0,12.73,10+ years,C, 60 months,debt_consolidation,OWN,OK,69.9,689.0,0
24000.0,100000.0,0.86,2 years,B, 36 months,major_purchase,RENT,TX,3.4,759.0,0
13500.0,45000.0,15.12,3 years,G, 60 months,debt_consolidation,RENT,SC,48.4,679.0,1
4000.0,24000.0,7.7,2 years,B, 36 months,debt_consolidation,RENT,MA,18.7,694.0,0
9600.0,40000.0,18.91,4 years,D, 36 months,renewable_energy,RENT,NY,93.1,669.0,1
35000.0,195000.0,22.84,3 years,D, 36 months,credit_card,MORTGAGE,MA,73.2,704.0,0
5000.0,27000.0,22.98,< 1 year,B, 36 months,debt_consolidation,RENT,MN,13.4,739.0,0
20150.0,56000.0,34.85,10+ years,E, 60 months,debt_consolidation,RENT,SC,92.4,674.0,0
7600.0,60000.0,22.6,< 1 year,D, 36 months,moving,RENT,AZ,3.0,779.0,0
15000.0,125000.0,18.25,10+ years,A, 36 months,debt_consolidation,MORTGAGE,PA,1.4,829.0,0
12000.0,40000.0,20.94,< 1 year,B, 36 months,credit_card,MORTGAGE,IL,23.8,699.0,0
10000.0,40000.0,14.88,3 years,A, 36 months,credit_card,RENT,TN,44.9,704.0,0
29000.0,95000.0,20.02,5 years,B, 36 months,credit_card,MORTGAGE,MA,68.1,694.0,0
25000.0,165000.0,19.37,4 years,E, 60 months,debt_consolidation,RENT,MS,40.0,689.0,0
35000.0,105000.0,12.05,10+ years,D, 36 months,home_improvement,MORTGAGE,CA,36.3,714.0,0
5500.0,50000.0,12.22,8 years,A, 36 months,credit_card,MORTGAGE,SC,29.6,724.0,0
15000.0,50000.0,7.67,9 years,B, 36 months,debt_consolidation,MORTGAGE,GA,27.9,729.0,0
9600.0,30000.0,14.4,2 years,C, 36 months,other,RENT,NJ,66.2,724.0,1
20000.0,55000.0,20.75,2 years,C, 60 months,debt_consolidation,RENT,MD,67.8,684.0,0
10000.0,75000.0,24.06,8 years,A, 36 months,home_improvement,MORTGAGE,FL,37.7,704.0,0
6700.0,71000.0,25.37,10+ years,C, 36 months,home_improvement,MORTGAGE,AL,41.0,679.0,0
12000.0,150000.0,9.79,7 years,B, 60 months,credit_card,MORTGAGE,CA,59.8,709.0,0
24200.0,55000.0,20.05,10+ years,D, 60 months,credit_card,MORTGAGE,OH,91.9,664.0,0
10000.0,50000.0,14.76,10+ years,A, 36 months,debt_consolidation,RENT,CA,37.4,694.0,1
20000.0,52000.0,20.92,2 years,B, 36 months,credit_card,RENT,CA,59.8,669.0,0
2200.0,24000.0,27.98,1 year,C, 36 months,other,RENT,CA,92.7,669.0,0
14625.0,33246.0,26.75,6 years,B, 36 months,debt_consolidation,OWN,TX,64.7,689.0,1
7225.0,50000.0,4.25,1 year,E, 36 months,debt_consolidation,RENT,NJ,50.0,669.0,1
8200.0,165000.0,7.83,5 years,A, 36 months,debt_consolidation,RENT,CA,33.5,724.0,0
6000.0,112673.0,7.7,7 years,B, 36 months,debt_consolidation,MORTGAGE,TX,62.9,679.0,0
6000.0,44600.0,23.78,1 year,C, 36 months,debt_consolidation,RENT,CA,57.6,674.0,0
9000.0,70000.0,7.03,< 1 year,B, 36 months,car,RENT,FL,39.3,694.0,0
35000.0,110000.0,28.65,10+ years,D, 60 months,debt_consolidation,MORTGAGE,NY,55.0,719.0,0
4300.0,38400.0,19.84,1 year,B, 36 months,other,RENT,WA,28.4,769.0,0
17125.0,68000.0,20.56,3 years,B, 36 months,other,MORTGAGE,MN,18.4,759.0,0
20000.0,93523.0,24.07,10+ years,C, 60 months,debt_consolidation,MORTGAGE,AL,72.3,669.0,0
9750.0,30000.0,32.42,10+ years,C, 36 months,credit_card,MORTGAGE,GA,92.7,679.0,0
6700.0,36000.0,22.23,2 years,B, 36 months,home_improvement,MORTGAGE,FL,29.8,709.0,0
13000.0,58000.0,7.22,10+ years,E, 60 months,debt_consolidation,RENT,NV,57.3,664.0,1
23800.0,47600.0,30.46,6 years,D, 60 months,debt_consolidation,RENT,TX,66.8,689.0,0
25000.0,75000.0,30.24,10+ years,A, 36 months,debt_consolidation,RENT,WA,32.4,764.0,0
14000.0,500000.0,20.21,8 years,D, 60 months,home_improvement,MORTGAGE,CT,18.9,709.0,0
10000.0,102000.0,11.72,10+ years,B, 36 months,debt_consolidation,MORTGAGE,CA,85.6,664.0,0
24000.0,79000.0,11.09,10+ years,C, 60 months,debt_consolidation,MORTGAGE,TX,19.9,689.0,1
20000.0,115000.0,16.18,2 years,C, 60 months,debt_consolidation,RENT,CA,90.5,709.0,0
30000.0,82000.0,14.17,10+ years,C, 60 months,home_improvement,MORTGAGE,CA,24.7,739.0,0
14000.0,90000.0,17.66,8 years,D, 60 months,credit_card,MORTGAGE,TX,55.6,704.0,0
8200.0,52000.0,11.6,< 1 year,B, 36 months,debt_consolidation,RENT,FL,22.9,719.0,0
5000.0,21000.0,11.26,10+ years,B, 36 months,major_purchase,MORTGAGE,MS,6.0,664.0,0
3175.0,24000.0,7.4,1 year,D, 36 months,debt_consolidation,RENT,AZ,49.2,664.0,1
10000.0,70000.0,6.51,10+ years,C, 36 months,other,MORTGAGE,FL,68.0,679.0,0
10000.0,38500.0,15.12,2 years,C, 36 months,credit_card,RENT,WI,54.3,669.0,0
28000.0,150000.0,26.76,10+ years,B, 60 months,debt_consolidation,OWN,GA,25.6,764.0,1
25000.0,84000.0,15.27,9 years,E, 60 months,debt_consolidation,RENT,MO,66.8,674.0,0
30000.0,127000.0,13.75,3 years,E, 60 months,debt_consolidation,MORTGAGE,GA,62.2,689.0,1
18350.0,100000.0,2.65,5 years,D, 36 months,credit_card,RENT,MD,49.3,669.0,0
7200.0,23290.0,33.09,4 years,C, 36 months,debt_consolidation,MORTGAGE,LA,80.6,669.0,0
6000.0,40000.0,6.0,4 years,C, 36 months,medical,RENT,CA,32.4,679.0,0
24000.0,65000.0,8.86,10+ years,C, 60 months,home_improvement,OWN,MI,11.8,749.0,0
10000.0,52000.0,25.62,8 years,B, 36 months,debt_consolidation,RENT,OR,70.9,694.0,0
35000.0,150000.0,4.4,10+ years,D, 36 months,home_improvement,MORTGAGE,CA,48.5,669.0,1
10475.0,57000.0,18.06,10+ years,F, 60 months,home_improvement,MORTGAGE,PA,89.9,679.0,0
8400.0,45000.0,20.35,2 years,A, 36 months,credit_card,RENT,CA,48.0,749.0,0
14000.0,75000.0,3.06,5 years,E, 60 months,debt_consolidation,RENT,CA,62.4,664.0,1
7000.0,41000.0,33.93,10+ years,C, 36 months,other,RENT,FL,49.4,694.0,1
5000.0,31000.0,28.15,1 year,D, 36 months,credit_card,RENT,CA,30.9,694.0,1
4000.0,142500.0,10.54,9 years,B, 36 months,debt_consolidation,OWN,NJ,41.7,699.0,0
9500.0,26000.0,36.33,5 years,C, 36 months,credit_card,RENT,NJ,84.6,709.0,0
1500.0,95000.0,2.94,9 years,D, 36 months,other,RENT,NY,77.7,694.0,0
10150.0,47000.0,10.57,5 years,F, 60 months,vacation,RENT,NJ,63.7,664.0,0
10800.0,65000.0,18.24,10+ years,C, 36 months,debt_consolidation,MORTGAGE,MD,80.3,719.0,0
3500.0,100000.0,27.94,10+ years,B, 36 months,debt_consolidation,RENT,DC,80.4,669.0,0
13000.0,45000.0,17.92,< 1 year,C, 36 months,credit_card,RENT,FL,57.0,664.0,0
12000.0,70000.0,11.18,5 years,D, 36 months,major_purchase,RENT,DE,43.0,714.0,0
6000.0,30000.0,7.4,3 years,D, 36 months,debt_consolidation,RENT,NY,53.5,664.0,0
14000.0,83000.0,11.38,3 years,B, 60 months,debt_consolidation,MORTGAGE,MA,46.7,684.0,0
13000.0,48000.0,15.38,3 years,B, 60 months,credit_card,RENT,CT,93.0,704.0,0
35000.0,115000.0,12.93,< 1 year,D, 36 months,debt_consolidation,MORTGAGE,PA,78.9,719.0,0
25000.0,82700.0,33.13,1 year,C, 60 months,debt_consolidation,OWN,IL,48.2,719.0,0
10000.0,80000.0,20.92,10+ years,B, 36 months,credit_card,MORTGAGE,WI,74.3,669.0,0
15000.0,65000.0,25.24,7 years,C, 60 months,debt_consolidation,OWN,SC,50.2,699.0,0
12550.0,80000.0,34.99,5 years,C, 36 months,credit_card,MORTGAGE,NC,44.1,674.0,0
35000.0,83128.32,35.28,6 years,E, 60 months,credit_card,MORTGAGE,FL,87.9,699.0,0
35000.0,85000.0,34.42,9 years,E, 36 months,debt_consolidation,OWN,PA,47.0,689.0,1
2000.0,45000.0,28.08,< 1 year,A, 36 months,other,RENT,GA,35.7,749.0,0
16200.0,36000.0,21.73,3 years,D, 36 months,debt_consolidation,MORTGAGE,MN,75.0,664.0,0
1200.0,80000.0,25.77,10+ years,C, 36 months,small_business,MORTGAGE,UT,56.9,674.0,0
15000.0,35000.0,24.01,10+ years,C, 60 months,credit_card,MORTGAGE,MO,73.9,714.0,0
20400.0,120000.0,19.79,10+ years,B, 36 months,credit_card,MORTGAGE,TX,31.0,674.0,0
14000.0,52000.0,23.01,10+ years,B, 60 months,debt_consolidation,MORTGAGE,MI,68.6,674.0,0
28000.0,80000.0,11.88,2 years,D, 60 months,debt_consolidation,RENT,MT,36.1,719.0,0
8000.0,50000.0,19.81,9 years,B, 36 months,debt_consolidation,MORTGAGE,FL,41.9,694.0,1
5600.0,35000.0,14.99,3 years,A, 36 months,credit_card,RENT,NY,41.9,724.0,0
26000.0,52000.0,13.86,7 years,A, 36 months,home_improvement,MORTGAGE,FL,8.5,724.0,0
6000.0,42000.0,32.87,3 years,A, 36 months,debt_consolidation,MORTGAGE,NC,14.7,759.0,0
3600.0,61000.0,13.18,10+ years,B, 36 months,debt_consolidation,RENT,OH,37.6,699.0,0
12000.0,100000.0,14.38,10+ years,A, 36 months,credit_card,OWN,NY,55.9,714.0,0
5000.0,42000.0,14.11,1 year,C, 36 months,debt_consolidation,MORTGAGE,MN,82.2,669.0,0
20000.0,60000.0,13.4,10+ years,B, 36 months,debt_consolidation,MORTGAGE,FL,51.0,709.0,0
19000.0,75000.0,13.09,9 years,C, 60 months,credit_card,OWN,NY,63.7,669.0,0
5000.0,55000.0,5.63,7 years,A, 36 months,major_purchase,MORTGAGE,CA,21.0,714.0,0
27300.0,65000.0,6.28,10+ years,F, 60 months,debt_consolidation,MORTGAGE,FL,25.6,689.0,1
9600.0,50000.0,6.46,2 years,B, 36 months,debt_consolidation,MORTGAGE,NC,35.2,704.0,0
2800.0,52000.0,27.21,4 years,B, 36 months,credit_card,MORTGAGE,OH,41.3,704.0,0
12800.0,68000.0,18.11,10+ years,C, 60 months,debt_consolidation,MORTGAGE,TX,24.8,704.0,0
3375.0,135000.0,4.37,2 years,C, 36 months,debt_consolidation,MORTGAGE,MS,70.1,684.0,0
10000.0,85000.0,20.95,10+ years,B, 36 months,medical,MORTGAGE,TX,53.7,724.0,0
5000.0,47000.0,16.47,10+ years,A, 36 months,debt_consolidation,RENT,MA,32.9,749.0,1
10000.0,46800.0,25.74,4 years,A, 36 months,debt_consolidation,RENT,CA,66.0,699.0,0
14350.0,70000.0,21.46,5 years,F, 60 months,debt_consolidation,MORTGAGE,FL,92.0,674.0,0
15000.0,52000.0,16.89,3 years,C, 60 months,credit_card,RENT,CA,49.3,684.0,0
20000.0,55000.0,14.82,2 years,C, 60 months,credit_card,RENT,CA,93.4,709.0,0
12000.0,40000.0,33.66,< 1 year,D, 36 months,medical,RENT,CA,24.4,664.0,1
21000.0,100000.0,17.27,10+ years,C, 60 months,debt_consolidation,MORTGAGE,NC,45.1,699.0,0
21000.0,47000.0,27.96,< 1 year,A, 36 months,debt_consolidation,RENT,NY,44.6,734.0,0
12000.0,59000.0,19.3,7 years,D, 60 months,debt_consolidation,RENT,NJ,68.4,674.0,0
20000.0,120000.0,27.35,4 years,A, 36 months,debt_consolidation,RENT,VA,63.8,704.0,0
32000.0,150000.0,20.02,4 years,B, 36 months,debt_consolidation,MORTGAGE,FL,70.1,714.0,0
12000.0,75000.0,19.87,1 year,B, 36 months,debt_consolidation,RENT,TX,96.4,709.0,0
5700.0,47000.0,8.98,10+ years,B, 36 months,credit_card,RENT,KY,54.3,664.0,0
12000.0,90000.0,11.12,3 years,A, 36 months,debt_consolidation,MORTGAGE,IN,32.3,744.0,0
17425.0,60000.0,33.64,< 1 year,B, 60 months,credit_card,MORTGAGE,FL,74.0,684.0,0
12000.0,78000.0,21.47,9 years,B, 36 months,debt_consolidation,MORTGAGE,MS,74.5,709.0,0
5400.0,120000.0,25.03,10+ years,C, 36 months,debt_consolidation,OWN,TX,57.1,664.0,0
21000.0,580000.0,0.21,10+ years,E, 60 months,debt_consolidation,MORTGAGE,MS,56.5,739.0,0
18475.0,42000.0,32.51,10+ years,C, 36 months,debt_consolidation,RENT,TN,43.0,709.0,0
6675.0,48000.0,35.7,10+ years,D, 36 months,home_improvement,MORTGAGE,PA,79.9,689.0,0
14400.0,45000.0,24.64,1 year,C, 36 months,home_improvement,MORTGAGE,MI,14.4,699.0,1
20000.0,130000.0,19.31,4 years,C, 36 months,debt_consolidation,MORTGAGE,CA,69.1,694.0,0
18000.0,95000.0,10.28,10+ years,D, 60 months,debt_consolidation,MORTGAGE,CA,58.2,699.0,0
2500.0,72000.0,10.31,5 years,B, 36 months,debt_consolidation,MORTGAGE,IL,54.1,704.0,0
5000.0,60000.0,15.6,7 years,C, 36 months,vacation,RENT,NV,39.1,679.0,0
23075.0,56000.0,23.89,10+ years,C, 36 months,debt_consolidation,OWN,IL,29.8,669.0,0
4200.0,25000.0,22.13,5 years,C, 36 months,debt_consolidation,RENT,PA,19.0,679.0,0
22000.0,60000.0,22.28,< 1 year,C, 60 months,debt_consolidation,MORTGAGE,IL,70.3,674.0,1
16000.0,70000.0,16.6,10+ years,A, 36 months,debt_consolidation,MORTGAGE,MO,13.0,774.0,0
10000.0,50000.0,18.94,2 years,D, 36 months,other,OWN,KS,30.5,664.0,0
17750.0,118000.0,10.7,10+ years,A, 36 months,credit_card,MORTGAGE,AL,45.0,689.0,0
16000.0,150000.0,17.06,8 years,B, 36 months,debt_consolidation,MORTGAGE,NC,42.5,719.0,0
28000.0,120000.0,34.22,10+ years,D, 60 months,debt_consolidation,MORTGAGE,TX,90.3,689.0,0
9600.0,58000.0,20.44,< 1 year,B, 36 months,debt_consolidation,RENT,NJ,89.8,689.0,0
15600.0,235000.0,21.01,10+ years,A, 36 months,credit_card,MORTGAGE,CO,91.1,714.0,0
8000.0,35000.0,15.12,3 years,A, 36 months,debt_consolidation,OWN,LA,35.7,714.0,0
15000.0,130000.0,28.61,3 years,B, 60 months,other,RENT,TX,48.0,689.0,0
8400.0,60000.0,31.74,7 years,C, 36 months,credit_card,MORTGAGE,NC,70.0,689.0,0
29650.0,184000.0,20.04,5 years,D, 60 months,debt_consolidation,MORTGAGE,VA,94.9,679.0,0
10000.0,67000.0,33.37,10+ years,B, 36 months,debt_consolidation,MORTGAGE,GA,94.8,739.0,0
15000.0,47000.0,10.28,5 years,B, 36 months,debt_consolidation,OWN,FL,82.5,674.0,0
5600.0,27000.0,21.91,5 years,B, 36 months,credit_card,MORTGAGE,ME,46.4,679.0,0
20000.0,170000.0,18.21,2 years,E, 60 months,debt_consolidation,MORTGAGE,NJ,89.4,699.0,0
4000.0,40000.0,16.74,10+ years,C, 36 months,debt_consolidation,RENT,TX,16.4,784.0,0
10000.0,45000.0,25.82,5 years,B, 36 months,debt_consolidation,RENT,TX,42.6,699.0,0
24000.0,52000.0,26.68,5 years,B, 60 months,debt_consolidation,MORTGAGE,TX,9.9,794.0,0
15000.0,65000.0,26.27,10+ years,A, 36 months,debt_consolidation,MORTGAGE,VA,49.4,689.0,0
15000.0,45000.0,37.57,10+ years,D, 60 months,credit_card,MORTGAGE,TN,60.7,674.0,0
10000.0,60000.0,30.98,2 years,A, 36 months,debt_consolidation,RENT,CA,33.5,729.0,0
8000.0,45680.0,12.64,3 years,A, 36 months,debt_consolidation,RENT,GA,29.4,709.0,0
7500.0,60000.0,32.62,1 year,C, 36 months,debt_consolidation,RENT,TX,42.6,684.0,1
27825.0,108000.0,18.59,9 years,C, 60 months,debt_consolidation,MORTGAGE,VA,47.9,739.0,0
12000.0,54000.0,18.07,5 years,B, 60 months,credit_card,MORTGAGE,KY,31.1,764.0,1
35000.0,250000.0,11.71,10+ years,D, 60 months,debt_consolidation,MORTGAGE,TX,46.5,674.0,0
10000.0,72000.0,26.45,10+ years,C, 36 months,other,MORTGAGE,GA,73.1,669.0,0
10000.0,50000.0,34.12,4 years,E, 60 months,debt_consolidation,RENT,CT,44.0,694.0,0
24000.0,100000.0,25.55,2 years,B, 36 months,debt_consolidation,RENT,LA,56.1,664.0,0
15000.0,109000.0,25.83,10+ years,A, 36 months,debt_consolidation,MORTGAGE,MD,52.7,734.0,0
11000.0,55000.0,22.37,10+ years,D, 36 months,debt_consolidation,RENT,IN,32.9,669.0,1
35000.0,228000.0,6.72,2 years,D, 60 months,debt_consolidation,MORTGAGE,NC,21.0,684.0,0
10500.0,42500.0,9.66,1 year,A, 36 months,credit_card,RENT,WI,62.9,684.0,0
18000.0,113000.0,18.47,10+ years,B, 60 months,debt_consolidation,MORTGAGE,VA,34.5,739.0,0
3600.0,60830.0,12.61,10+ years,C, 36 months,debt_consolidation,RENT,TX,97.8,704.0,0
13500.0,93000.0,15.69,10+ years,B, 36 months,debt_consolidation,MORTGAGE,OH,66.8,679.0,0
7200.0,101000.0,17.14,2 years,B, 36 months,debt_consolidation,MORTGAGE,VA,31.1,699.0,0
10000.0,60500.0,28.09,3 years,C, 60 months,credit_card,RENT,NY,17.7,699.0,0
11200.0,48000.0,19.24,< 1 year,B, 36 months,debt_consolidation,MORTGAGE,MD,58.8,664.0,0
25000.0,60000.0,28.1,10+ years,D, 60 months,credit_card,MORTGAGE,VA,42.0,669.0,0
19200.0,78000.0,31.55,7 years,D, 60 months,debt_consolidation,RENT,FL,71.7,664.0,1
7100.0,40000.0,19.28,5 years,D, 36 months,debt_consolidation,RENT,VA,16.8,679.0,0
30000.0,68000.0,32.87,5 years,B, 36 months,credit_card,MORTGAGE,NJ,34.4,729.0,0
6000.0,47000.0,30.51,2 years,D, 36 months,moving,RENT,MI,84.4,679.0,1
22000.0,115000.0,25.12,5 years,A, 60 months,debt_consolidation,RENT,NJ,19.6,759.0,0
24475.0,76000.0,39.87,10+ years,D, 60 months,debt_consolidation,MORTGAGE,MN,24.1,744.0,0
25000.0,125000.0,17.29,7 years,B, 36 months,credit_card,MORTGAGE,NY,87.1,674.0,0
25025.0,60000.0,18.68,3 years,D, 60 months,debt_consolidation,MORTGAGE,WA,47.6,709.0,1
19450.0,106000.0,21.54,9 years,E, 60 months,debt_consolidation,MORTGAGE,TX,56.0,679.0,1
5000.0,45000.0,29.17,3 years,A, 36 months,debt_consolidation,OWN,AR,98.1,669.0,0
21500.0,43000.0,18.81,4 years,E, 60 months,debt_consolidation,MORTGAGE,IN,43.8,689.0,1
33600.0,70000.0,1.2,2 years,D, 60 months,car,RENT,TX,7.7,764.0,0
25200.0,60000.0,12.14,6 years,E, 60 months,debt_consolidation,MORTGAGE,CA,45.8,699.0,0
18500.0,78000.0,15.12,10+ years,D, 60 months,debt_consolidation,RENT,NJ,31.3,704.0,0
15000.0,72645.0,16.6,10+ years,C, 36 months,debt_consolidation,MORTGAGE,OH,74.5,679.0,0
12000.0,85000.0,8.6,< 1 year,A, 36 months,debt_consolidation,RENT,CA,53.5,729.0,0
6000.0,60000.0,33.76,< 1 year,B, 36 months,credit_card,RENT,NC,65.0,689.0,0
15000.0,70000.0,24.96,2 years,C, 60 months,other,MORTGAGE,TX,68.9,699.0,1
9000.0,45000.0,10.07,7 years,A, 36 months,credit_card,RENT,CA,35.9,684.0,0
5000.0,28000.0,15.65,1 year,C, 36 months,debt_consolidation,RENT,TX,43.3,664.0,0
25000.0,107000.0,17.14,2 years,E, 60 months,debt_consolidation,MORTGAGE,VA,30.5,729.0,0
21125.0,45000.0,36.45,9 years,C, 60 months,credit_card,MORTGAGE,CA,68.4,699.0,0
15000.0,125000.0,21.52,10+ years,B, 36 months,debt_consolidation,MORTGAGE,MN,59.8,669.0,0
14400.0,36000.0,29.07,4 years,E, 60 months,debt_consolidation,RENT,TX,76.9,669.0,0
15000.0,71000.0,16.97,6 years,C, 60 months,debt_consolidation,MORTGAGE,LA,61.5,704.0,1
24000.0,250000.0,18.04,10+ years,C, 36 months,credit_card,OWN,MI,95.0,669.0,0
12000.0,74600.0,9.68,5 years,A, 36 months,home_improvement,MORTGAGE,GA,9.1,789.0,0
9000.0,64000.0,15.58,8 years,B, 36 months,debt_consolidation,MORTGAGE,FL,79.4,669.0,0
16000.0,80000.0,1.82,9 years,B, 60 months,home_improvement,MORTGAGE,IL,22.1,679.0,0
22375.0,60000.0,36.68,2 years,D, 60 months,debt_consolidation,MORTGAGE,NC,84.3,674.0,1
12000.0,85000.0,4.59,10+ years,B, 60 months,car,MORTGAGE,CA,50.2,709.0,0
7000.0,42000.0,6.66,10+ years,B, 36 months,debt_consolidation,OWN,TX,51.2,699.0,1
21000.0,97000.0,17.8,7 years,C, 60 months,credit_card,OWN,MD,93.2,679.0,0
7000.0,54000.0,34.36,10+ years,A, 36 months,credit_card,MORTGAGE,FL,68.0,719.0,0
6000.0,30000.0,12.92,2 years,B, 36 months,debt_consolidation,OWN,AL,15.5,724.0,1
35000.0,138000.0,24.42,5 years,E, 60 months,debt_consolidation,MORTGAGE,CA,57.9,684.0,1
12625.0,45000.0,18.53,10+ years,C, 60 months,debt_consolidation,OWN,PA,56.1,699.0,0
6525.0,45000.0,23.6,7 years,D, 36 months,debt_consolidation,RENT,GA,46.0,664.0,0
15600.0,75000.0,29.01,< 1 year,D, 60 months,debt_consolidation,MORTGAGE,OH,64.3,704.0,1
22000.0,65000.0,22.19,5 years,C, 60 months,debt_consolidation,RENT,CA,48.0,694.0,0
10000.0,157000.0,27.21,10+ years,A, 36 months,other,MORTGAGE,VA,87.0,694.0,0
10000.0,49000.0,12.44,6 years,B, 36 months,debt_consolidation,RENT,CA,83.4,734.0,1
24000.0,95000.0,17.75,8 years,D, 60 months,debt_consolidation,MORTGAGE,PA,91.4,664.0,1
17000.0,50150.0,17.09,< 1 year,A, 36 months,debt_consolidation,MORTGAGE,GA,38.6,709.0,0
16000.0,170000.0,8.39,10+ years,A, 60 months,debt_consolidation,MORTGAGE,FL,94.7,764.0,0
24000.0,150000.0,27.81,10+ years,B, 60 months,credit_card,MORTGAGE,MD,88.0,684.0,0
10000.0,90000.0,29.39,3 years,C, 36 months,debt_consolidation,MORTGAGE,OK,57.7,734.0,0
24000.0,60000.0,30.2,10+ years,C, 60 months,debt_consolidation,OWN,MI,88.2,709.0,0
19200.0,59196.0,25.5,8 years,B, 36 months,debt_consolidation,RENT,CA,83.4,674.0,0
10000.0,95000.0,3.37,1 year,C, 36 months,other,RENT,HI,55.0,664.0,1
11200.0,99000.0,19.14,8 years,C, 36 months,debt_consolidation,MORTGAGE,NY,62.4,669.0,0
13175.0,60000.0,20.52,5 years,G, 60 months,debt_consolidation,MORTGAGE,MD,12.6,674.0,1
4000.0,68000.0,7.11,2 years,C, 36 months,moving,RENT,CA,14.5,724.0,0
23000.0,93000.0,19.34,10+ years,C, 60 months,debt_consolidation,MORTGAGE,GA,46.4,709.0,0
10800.0,55000.0,15.32,10+ years,A, 36 months,debt_consolidation,MORTGAGE,OH,70.4,769.0,0
21000.0,60000.0,30.48,2 years,C, 36 months,debt_consolidation,MORTGAGE,FL,82.0,679.0,0
10000.0,66900.0,34.67,10+ years,A, 36 months,debt_consolidation,OWN,NJ,94.7,679.0,1
24000.0,48000.0,25.58,6 years,B, 36 months,debt_consolidation,MORTGAGE,NV,37.6,689.0,0
11200.0,37000.0,16.8,8 years,E, 60 months,debt_consolidation,MORTGAGE,CO,89.7,669.0,0
15000.0,63000.0,8.93,10+ years,B, 36 months,debt_consolidation,MORTGAGE,UT,40.0,664.0,0
5000.0,24400.0,19.38,< 1 year,B, 36 months,debt_consolidation,RENT,FL,54.5,684.0,0
15000.0,40000.0,32.87,2 years,D, 60 months,debt_consolidation,RENT,NE,80.9,684.0,1
12000.0,50000.0,19.56,10+ years,C, 60 months,credit_card,RENT,NY,63.6,669.0,1
20000.0,72000.0,12.37,2 years,B, 60 months,home_improvement,MORTGAGE,WA,8.9,769.0,1
15000.0,44428.0,24.28,1 year,C, 60 months,debt_consolidation,RENT,VT,94.3,689.0,0
20000.0,140000.0,10.89,10+ years,A, 36 months,debt_consolidation,MORTGAGE,NY,33.8,724.0,0
35000.0,170000.0,9.68,6 years,D, 60 months,debt_consolidation,MORTGAGE,UT,67.6,664.0,0
21000.0,88000.0,30.41,10+ years,A, 36 months,debt_consolidation,MORTGAGE,SD,41.3,724.0,0
12000.0,33000.0,21.78,10+ years,F, 60 months,credit_card,OWN,OH,74.4,669.0,1
3000.0,60000.0,22.96,10+ years,A, 36 months,debt_consolidation,MORTGAGE,TX,10.4,814.0,0
28000.0,95000.0,32.07,7 years,D, 60 months,debt_consolidation,RENT,NJ,71.3,719.0,0
7000.0,63000.0,5.39,9 years,A, 36 months,medical,RENT,TX,23.1,739.0,0
29450.0,77500.0,3.09,4 years,F, 60 months,small_business,RENT,CA,13.9,714.0,0
12000.0,55000.0,27.52,3 years,D, 36 months,debt_consolidation,MORTGAGE,OH,42.1,699.0,1
25000.0,200000.0,20.22,6 years,A, 36 months,credit_card,MORTGAGE,NY,61.4,729.0,0
12000.0,80000.0,6.17,10+ years,A, 36 months,debt_consolidation,MORTGAGE,GA,40.7,739.0,0
21600.0,140200.0,14.45,10+ years,C, 60 months,credit_card,MORTGAGE,NY,81.4,664.0,0
16000.0,85000.0,29.52,10+ years,F, 60 months,debt_consolidation,RENT,TN,47.9,664.0,1
3200.0,32000.0,35.45,7 years,E, 36 months,debt_consolidation,MORTGAGE,NY,40.1,694.0,0
15000.0,125000.0,18.21,7 years,A, 36 months,debt_consolidation,MORTGAGE,GA,49.8,719.0,0
12000.0,48000.0,31.76,< 1 year,C, 36 months,debt_consolidation,RENT,NY,48.5,704.0,1
10000.0,55000.0,18.04,2 years,A, 60 months,credit_card,MORTGAGE,CO,29.4,714.0,0
15000.0,32000.0,26.22,4 years,B, 36 months,credit_card,RENT,PA,25.4,744.0,1
10000.0,56000.0,23.6,4 years,C, 36 months,home_improvement,MORTGAGE,TX,14.0,674.0,0
10000.0,55000.0,17.35,10+ years,B, 60 months,debt_consolidation,MORTGAGE,NY,47.4,699.0,0
12000.0,74300.0,29.75,9 years,C, 36 months,debt_consolidation,MORTGAGE,TX,63.0,674.0,0
30000.0,142200.0,25.05,10+ years,C, 60 months,debt_consolidation,MORTGAGE,NV,64.1,729.0,0
20000.0,96000.0,7.48,10+ years,B, 60 months,debt_consolidation,MORTGAGE,MO,60.3,709.0,0
24000.0,83000.0,21.12,10+ years,D, 60 months,debt_consolidation,RENT,WA,94.8,699.0,0
8000.0,54500.0,23.9,1 year,E, 36 months,other,RENT,TN,47.1,684.0,0
10000.0,60000.0,9.92,1 year,B, 36 months,debt_consolidation,RENT,CA,75.3,724.0,0
20000.0,130000.0,8.56,2 years,D, 60 months,home_improvement,OWN,TX,8.8,694.0,0
19000.0,58000.0,30.66,1 year,B, 60 months,credit_card,RENT,IL,41.4,724.0,0
7000.0,30000.0,8.44,2 years,A, 36 months,credit_card,MORTGAGE,GA,39.7,709.0,0
15000.0,80000.0,17.43,10+ years,A, 36 months,credit_card,OWN,LA,47.0,719.0,0
12175.0,50000.0,30.56,7 years,C, 36 months,credit_card,MORTGAGE,MO,52.6,694.0,0
25000.0,185000.0,28.13,5 years,B, 60 months,debt_consolidation,MORTGAGE,NY,63.6,694.0,0
1000.0,26880.0,34.55,6 years,A, 36 months,debt_consolidation,RENT,MO,43.2,719.0,0
20000.0,245000.0,8.82,10+ years,B, 36 months,credit_card,MORTGAGE,WV,48.3,669.0,0
20000.0,91000.0,21.43,4 years,B, 60 months,credit_card,RENT,TX,51.9,704.0,0
24000.0,58000.0,31.86,10+ years,D, 60 months,credit_card,RENT,CA,93.6,669.0,1
5000.0,100000.0,24.73,2 years,A, 36 months,debt_consolidation,MORTGAGE,IN,45.3,684.0,0
12000.0,40000.0,25.59,8 years,A, 36 months,debt_consolidation,RENT,NY,83.9,704.0,0
6000.0,36400.0,11.8,< 1 year,C, 36 months,debt_consolidation,RENT,CO,84.4,699.0,0
20000.0,100000.0,15.66,5 years,C, 36 months,debt_consolidation,RENT,CA,49.6,674.0,0
28000.0,270000.0,12.39,10+ years,C, 60 months,credit_card,MORTGAGE,NC,99.0,694.0,1
15000.0,155000.0,9.21,10+ years,B, 36 months,home_improvement,MORTGAGE,CA,69.2,679.0,0
15000.0,160000.0,3.27,1 year,A, 36 months,credit_card,MORTGAGE,MD,46.8,704.0,0
14000.0,85000.0,19.55,8 years,E, 60 months,debt_consolidation,MORTGAGE,CT,83.7,664.0,0
10000.0,57000.0,18.4,10+ years,C, 60 months,home_improvement,MORTGAGE,CO,31.1,674.0,1
12000.0,120000.0,10.12,2 years,A, 36 months,debt_consolidation,MORTGAGE,OH,23.8,754.0,0
5000.0,74000.0,10.33,10+ years,C, 36 months,debt_consolidation,RENT,NY,28.2,694.0,0
14000.0,52500.0,20.98,2 years,B, 36 months,debt_consolidation,RENT,NY,24.4,689.0,0
8750.0,40000.0,33.51,5 years,E, 36 months,debt_consolidation,MORTGAGE,UT,54.2,674.0,1
10500.0,51000.0,33.94,10+ years,C, 60 months,debt_consolidation,RENT,NY,44.9,679.0,0
7000.0,70000.0,7.27,10+ years,B, 36 months,debt_consolidation,MORTGAGE,NV,79.5,664.0,0
35000.0,71400.0,29.24,6 years,C, 60 months,credit_card,OWN,AR,94.3,704.0,0
10000.0,49753.0,9.48,10+ years,B, 36 months,home_improvement,MORTGAGE,NY,50.0,694.0,0
19000.0,59388.0,14.29,10+ years,D, 60 months,debt_consolidation,MORTGAGE,TX,75.0,669.0,0
25000.0,105000.0,18.73,10+ years,A, 36 months,debt_consolidation,OWN,CO,30.6,769.0,0
25000.0,94000.0,21.56,9 years,A, 60 months,debt_consolidation,MORTGAGE,FL,14.4,824.0,0
10000.0,51283.0,12.17,8 years,B, 36 months,debt_consolidation,MORTGAGE,PA,78.3,699.0,0
15000.0,105000.0,24.55,10+ years,C, 60 months,debt_consolidation,MORTGAGE,NJ,71.0,664.0,0
12000.0,50000.0,4.22,10+ years,C, 60 months,debt_consolidation,RENT,IL,35.9,664.0,0
10500.0,77000.0,6.11,5 years,A, 36 months,debt_consolidation,RENT,CA,35.6,734.0,0
14000.0,82000.0,30.86,5 years,B, 36 months,credit_card,MORTGAGE,CO,67.7,694.0,0
11000.0,34000.0,15.4,10+ years,C, 60 months,debt_consolidation,MORTGAGE,KY,36.9,689.0,0
22300.0,48500.0,6.06,10+ years,C, 60 months,debt_consolidation,MORTGAGE,CA,20.7,739.0,0
28500.0,75000.0,31.65,10+ years,D, 60 months,debt_consolidation,RENT,FL,67.3,704.0,0
18000.0,76000.0,15.9,10+ years,A, 36 months,credit_card,MORTGAGE,IL,54.6,734.0,0
24000.0,100000.0,26.85,5 years,C, 36 months,credit_card,RENT,CA,62.7,694.0,0
7500.0,92000.0,30.59,< 1 year,E, 36 months,small_business,RENT,KY,25.1,674.0,1
15000.0,48000.0,13.85,8 years,B, 36 months,debt_consolidation,RENT,NJ,63.5,749.0,0
16000.0,135000.0,8.5,8 years,A, 36 months,debt_consolidation,RENT,NJ,32.7,744.0,0
24425.0,87000.0,22.14,10+ years,B, 60 months,credit_card,MORTGAGE,KS,22.0,744.0,0
16000.0,80000.0,16.76,10+ years,B, 36 months,credit_card,MORTGAGE,NC,92.1,684.0,0
22000.0,61381.0,27.33,3 years,B, 60 months,debt_consolidation,MORTGAGE,VA,26.2,754.0,0
13000.0,46000.0,34.38,9 years,B, 36 months,debt_consolidation,RENT,NY,12.0,714.0,0
10000.0,80000.0,14.6,3 years,A, 36 months,debt_consolidation,RENT,PA,72.7,689.0,1
30000.0,220000.0,28.83,4 years,B, 60 months,debt_consolidation,MORTGAGE,FL,49.1,739.0,0
10000.0,58000.0,26.26,6 years,B, 36 months,debt_consolidation,RENT,NJ,50.8,694.0,0
9600.0,75000.0,12.8,10+ years,A, 36 months,credit_card,MORTGAGE,GA,46.1,739.0,0
21575.0,85000.0,31.44,10+ years,D, 60 months,credit_card,RENT,CA,79.4,674.0,1
14750.0,41000.0,19.56,10+ years,E, 60 months,debt_consolidation,RENT,SC,54.7,674.0,0
15000.0,50000.0,29.57,< 1 year,C, 36 months,small_business,RENT,TX,41.6,674.0,1
15000.0,40000.0,20.78,10+ years,C, 60 months,debt_consolidation,OWN,UT,35.6,709.0,0
20600.0,108000.0,35.98,2 years,E, 60 months,debt_consolidation,MORTGAGE,OH,79.1,724.0,0
20775.0,47250.0,33.05,1 year,E, 60 months,debt_consolidation,MORTGAGE,GA,91.0,674.0,0
32000.0,95000.0,24.08,10+ years,C, 36 months,debt_consolidation,MORTGAGE,VA,72.7,714.0,0
16000.0,38000.0,16.46,1 year,B, 60 months,credit_card,MORTGAGE,SC,31.7,709.0,0
20975.0,98000.0,12.2,10+ years,C, 60 months,debt_consolidation,MORTGAGE,FL,78.0,684.0,0
15000.0,118000.0,23.7,10+ years,C, 36 months,credit_card,MORTGAGE,MD,44.2,709.0,0
20000.0,100000.0,11.44,10+ years,C, 60 months,debt_consolidation,OWN,AL,73.6,674.0,1
10000.0,25000.0,36.29,10+ years,D, 36 months,debt_consolidation,MORTGAGE,NC,60.1,679.0,0
15000.0,65000.0,17.56,10+ years,C, 60 months,credit_card,MORTGAGE,NY,109.8,714.0,0
25000.0,58000.0,21.33,6 years,D, 60 months,debt_consolidation,RENT,NJ,81.0,664.0,1
4000.0,40000.0,15.72,4 years,B, 36 months,credit_card,RENT,CA,43.0,679.0,1
2000.0,80000.0,8.85,6 years,C, 36 months,home_improvement,MORTGAGE,WA,50.6,669.0,0
10000.0,60000.0,21.73,10+ years,B, 36 months,debt_consolidation,MORTGAGE,FL,93.1,679.0,0
10000.0,70000.0,10.29,10+ years,A, 36 months,debt_consolidation,RENT,FL,66.9,694.0,0
15000.0,68000.0,5.75,9 years,E, 60 months,other,RENT,CA,36.0,674.0,0
14000.0,131506.0,3.71,4 years,A, 36 months,credit_card,OWN,VA,47.1,684.0,0
24000.0,100000.0,10.62,10+ years,A, 36 months,debt_consolidation,MORTGAGE,CA,47.6,714.0,0
17625.0,42000.0,37.2,6 years,E, 60 months,credit_card,RENT,IL,84.2,679.0,0
2400.0,39000.0,19.88,10+ years,C, 36 months,credit_card,RENT,NY,15.4,714.0,0
20000.0,45000.0,11.47,10+ years,B, 36 months,credit_card,OWN,KY,76.5,684.0,1
35000.0,178000.0,19.41,10+ years,E, 60 months,debt_consolidation,MORTGAGE,CA,62.0,699.0,0
20000.0,48000.0,24.2,3 years,C, 60 months,credit_card,RENT,SC,79.6,674.0,0
18000.0,320000.0,12.54,< 1 year,C, 60 months,debt_consolidation,MORTGAGE,NJ,92.5,699.0,0
33000.0,150000.0,14.37,10+ years,A, 36 months,debt_consolidation,MORTGAGE,FL,58.1,734.0,0
25000.0,65000.0,10.19,10+ years,B, 36 months,debt_consolidation,RENT,NY,30.8,719.0,0
4000.0,35000.0,16.94,2 years,B, 36 months,credit_card,RENT,NY,68.0,664.0,0
8000.0,31900.0,8.13,3 years,B, 36 months,credit_card,MORTGAGE,NC,48.4,664.0,0
8000.0,50000.0,14.33,5 years,A, 36 months,debt_consolidation,RENT,IL,64.9,709.0,0
15000.0,52000.0,21.76,9 years,C, 60 months,debt_consolidation,RENT,NJ,30.6,719.0,0
12150.0,42000.0,18.77,2 years,G, 60 months,debt_consolidation,RENT,TX,49.4,664.0,1
5000.0,42000.0,18.11,< 1 year,D, 36 months,moving,OWN,FL,44.3,684.0,0
20000.0,83000.0,22.48,6 years,C, 36 months,debt_consolidation,RENT,UT,75.5,669.0,1
5600.0,49171.0,21.63,5 years,C, 36 months,other,MORTGAGE,AR,32.9,664.0,0
8000.0,52000.0,17.08,2 years,B, 36 months,debt_consolidation,RENT,MA,32.0,679.0,0
10100.0,22000.0,30.17,7 years,C, 36 months,debt_consolidation,RENT,GA,48.1,719.0,0
27275.0,70000.0,14.23,9 years,D, 36 months,debt_consolidation,RENT,CA,99.0,689.0,0
6900.0,15000.0,13.36,1 year,C, 36 months,credit_card,OWN,VA,55.5,684.0,0
13000.0,32000.0,28.81,7 years,B, 60 months,debt_consolidation,RENT,KS,21.8,709.0,0
17000.0,50000.0,12.79,10+ years,C, 60 months,major_purchase,MORTGAGE,AZ,17.0,664.0,0
10000.0,87000.0,10.83,10+ years,A, 36 months,debt_consolidation,MORTGAGE,IL,14.1,789.0,0
12000.0,112159.0,4.25,10+ years,B, 36 months,debt_consolidation,MORTGAGE,PA,95.3,674.0,0
30000.0,90000.0,7.56,2 years,C, 36 months,debt_consolidation,MORTGAGE,NJ,54.8,689.0,1
6400.0,60000.0,36.5,10+ years,C, 36 months,other,OWN,NC,78.8,709.0,0
15000.0,53000.0,4.03,7 years,A, 36 months,home_improvement,MORTGAGE,CA,1.4,789.0,0
10000.0,68000.0,12.14,4 years,B, 36 months,credit_card,RENT,CA,46.3,674.0,0
17400.0,54450.0,38.86,3 years,D, 36 months,credit_card,MORTGAGE,VA,56.4,704.0,1
15000.0,42000.0,25.14,2 years,C, 36 months,debt_consolidation,MORTGAGE,TX,68.1,664.0,0
10000.0,88810.0,24.3,10+ years,A, 36 months,debt_consolidation,RENT,IL,76.9,704.0,0
20800.0,75000.0,32.61,10+ years,C, 60 months,credit_card,OWN,AL,83.4,664.0,1
12000.0,75000.0,8.88,6 years,B, 36 months,debt_consolidation,MORTGAGE,DE,42.9,699.0,0
7000.0,42000.0,24.41,< 1 year,B, 36 months,debt_consolidation,RENT,FL,48.7,734.0,0
12000.0,90000.0,13.04,10+ years,B, 36 months,other,RENT,MA,74.9,669.0,0
4800.0,70000.0,19.78,7 years,B, 36 months,moving,RENT,NY,0.0,734.0,0
4000.0,32000.0,15.68,2 years,D, 36 months,other,RENT,VA,11.9,689.0,0
6900.0,80000.0,9.57,10+ years,E, 36 months,debt_consolidation,RENT,NY,35.9,669.0,0
25475.0,125000.0,22.21,10+ years,C, 36 months,debt_consolidation,MORTGAGE,CA,74.6,734.0,1
7500.0,85000.0,27.09,10+ years,A, 36 months,home_improvement,MORTGAGE,TX,20.6,704.0,1
6000.0,25000.0,2.21,10+ years,B, 36 months,credit_card,RENT,CA,52.0,664.0,0
16000.0,60000.0,18.46,5 years,D, 60 months,debt_consolidation,RENT,CA,79.7,664.0,1
7500.0,64000.0,16.89,10+ years,C, 36 months,credit_card,RENT,KS,65.7,689.0,0
21000.0,150000.0,15.68,10+ years,B, 36 months,credit_card,RENT,CA,62.1,689.0,0
20000.0,82000.0,21.54,3 years,C, 60 months,credit_card,MORTGAGE,NC,97.1,669.0,0
15000.0,115000.0,31.81,10+ years,D, 60 months,debt_consolidation,MORTGAGE,NV,57.0,689.0,0
9000.0,100000.0,27.91,10+ years,A, 36 months,debt_consolidation,RENT,FL,45.2,684.0,0
30000.0,62000.0,37.02,6 years,E, 60 months,debt_consolidation,MORTGAGE,CA,61.0,714.0,0
30000.0,110000.0,7.82,< 1 year,C, 36 months,debt_consolidation,OWN,TX,61.2,674.0,1
9500.0,49000.0,15.31,10+ years,C, 36 months,debt_consolidation,RENT,CA,92.5,699.0,0
6000.0,57200.0,16.69,9 years,B, 36 months,debt_consolidation,RENT,CO,30.5,684.0,0
4325.0,80000.0,11.06,10+ years,B, 36 months,credit_card,MORTGAGE,LA,54.1,684.0,0
4200.0,40000.0,18.99,3 years,C, 36 months,debt_consolidation,RENT,DE,47.8,704.0,0
14725.0,50000.0,26.0,5 years,D, 60 months,debt_consolidation,MORTGAGE,PA,50.8,669.0,0
6000.0,48000.0,27.95,5 years,B, 36 months,home_improvement,MORTGAGE,VT,38.1,704.0,0
16925.0,65500.0,23.28,10+ years,C, 60 months,credit_card,OWN,GA,71.4,679.0,0
12600.0,31000.0,21.56,6 years,D, 60 months,credit_card,RENT,MA,65.0,684.0,0
6000.0,65000.0,7.26,< 1 year,B, 36 months,home_improvement,MORTGAGE,MO,33.5,679.0,0
6000.0,60000.0,10.94,< 1 year,B, 36 months,credit_card,RENT,WA,51.5,684.0,0
30850.0,65000.0,25.92,10+ years,E, 60 months,debt_consolidation,MORTGAGE,OR,98.5,709.0,0
8000.0,36000.0,25.23,8 years,B, 36 months,debt_consolidation,RENT,FL,43.4,689.0,0
7000.0,52000.0,21.49,< 1 year,B, 36 months,credit_card,RENT,TX,88.2,694.0,0
12000.0,45000.0,15.07,2 years,C, 60 months,debt_consolidation,MORTGAGE,AZ,0.3,754.0,0
14800.0,48000.0,32.83,4 years,E, 60 months,debt_consolidation,MORTGAGE,FL,30.3,699.0,0
12150.0,74000.0,9.33,7 years,B, 36 months,debt_consolidation,MORTGAGE,MD,31.7,744.0,0
3000.0,27000.0,23.51,2 years,C, 36 months,moving,RENT,FL,62.5,684.0,0
14000.0,85000.0,27.53,10+ years,F, 60 months,debt_consolidation,MORTGAGE,OH,15.8,714.0,1
15000.0,92000.0,34.69,5 years,B, 36 months,debt_consolidation,MORTGAGE,TX,58.8,674.0,0
7175.0,39000.0,17.6,9 years,D, 36 months,debt_consolidation,RENT,MD,25.2,719.0,0
10000.0,77000.0,12.99,< 1 year,C, 36 months,medical,RENT,IL,25.1,674.0,0
6000.0,84000.0,12.99,10+ years,A, 36 months,debt_consolidation,MORTGAGE,TX,24.1,794.0,0
8000.0,37440.0,7.12,3 years,C, 36 months,debt_consolidation,RENT,CA,19.9,664.0,0
11500.0,32000.0,19.99,2 years,C, 36 months,debt_consolidation,OWN,TN,60.7,679.0,0
12000.0,47000.0,6.65,10+ years,B, 36 months,debt_consolidation,MORTGAGE,CA,2.5,669.0,0
7500.0,105000.0,11.69,10+ years,C, 36 months,home_improvement,MORTGAGE,CO,9.1,674.0,0
35000.0,150000.0,17.02,5 years,A, 36 months,debt_consolidation,MORTGAGE,NV,61.0,709.0,0
24000.0,93000.0,8.92,10+ years,E, 60 months,debt_consolidation,RENT,NY,95.7,664.0,0
5000.0,48000.0,9.54,4 years,B, 36 months,debt_consolidation,RENT,PA,18.6,669.0,0
13675.0,33000.0,35.95,6 years,D, 60 months,debt_consolidation,MORTGAGE,NY,45.5,764.0,0
2450.0,16800.0,6.43,< 1 year,E, 36 months,debt_consolidation,OWN,MI,82.5,669.0,1
16100.0,35000.0,23.66,5 years,D, 60 months,debt_consolidation,RENT,GA,60.4,699.0,0
21000.0,220000.0,19.12,5 years,C, 60 months,debt_consolidation,MORTGAGE,AZ,68.5,694.0,0
10000.0,70000.0,18.9,2 years,B, 36 months,debt_consolidation,RENT,MA,44.6,679.0,0
10000.0,93000.0,36.87,10+ years,D, 36 months,debt_consolidation,MORTGAGE,SC,92.8,699.0,0
35000.0,200000.0,12.84,10+ years,A, 36 months,credit_card,MORTGAGE,CA,42.4,724.0,0
12000.0,65000.0,13.7,2 years,C, 36 months,other,RENT,CA,94.6,674.0,1
25000.0,82000.0,22.83,6 years,C, 36 months,debt_consolidation,RENT,SC,88.5,669.0,1
11000.0,50000.0,19.96,5 years,B, 36 months,debt_consolidation,RENT,IL,51.3,669.0,0
13200.0,30000.0,22.2,10+ years,D, 60 months,debt_consolidation,RENT,CA,62.5,689.0,0
4200.0,74500.0,20.01,10+ years,A, 36 months,debt_consolidation,RENT,CA,7.5,694.0,0
3000.0,130000.0,11.07,10+ years,C, 36 months,small_business,MORTGAGE,MN,77.8,674.0,0
30350.0,66000.0,37.27,< 1 year,D, 60 months,credit_card,MORTGAGE,FL,55.0,664.0,0
15000.0,65000.0,28.42,10+ years,A, 36 months,credit_card,RENT,VA,70.6,694.0,0
28000.0,150000.0,28.5,10+ years,A, 60 months,credit_card,OWN,OH,41.0,724.0,0
35000.0,120000.0,6.84,3 years,C, 36 months,other,RENT,MO,1.1,814.0,0
3000.0,30500.0,12.59,1 year,C, 36 months,debt_consolidation,RENT,CA,44.3,689.0,0
11400.0,70000.0,21.62,10+ years,B, 36 months,debt_consolidation,MORTGAGE,MO,51.0,674.0,0
11225.0,31200.0,8.35,< 1 year,E, 36 months,debt_consolidation,MORTGAGE,MA,41.0,674.0,0
17000.0,150000.0,15.23,10+ years,C, 60 months,debt_consolidation,RENT,TX,58.8,694.0,1
10000.0,55000.0,32.86,10+ years,B, 36 months,debt_consolidation,MORTGAGE,NC,32.7,739.0,1
8000.0,22000.0,9.82,2 years,B, 36 months,debt_consolidation,RENT,TX,46.2,714.0,0
16000.0,75000.0,25.49,10+ years,B, 36 months,debt_consolidation,MORTGAGE,WI,95.0,669.0,1
30000.0,102000.0,9.91,2 years,C, 36 months,home_improvement,MORTGAGE,NC,48.1,679.0,0
15000.0,45000.0,23.57,3 years,C, 60 months,debt_consolidation,OWN,WI,6.6,729.0,0
10000.0,150000.0,7.8,6 years,A, 36 months,debt_consolidation,RENT,CA,35.0,689.0,0
13800.0,65000.0,5.65,10+ years,D, 36 months,debt_consolidation,OWN,SC,12.3,709.0,0
17575.0,46000.0,23.83,10+ years,F, 60 months,credit_card,MORTGAGE,IL,39.5,679.0,0
2000.0,52000.0,20.77,10+ years,B, 36 months,other,MORTGAGE,OH,84.0,679.0,0
11000.0,190000.0,13.78,7 years,A, 36 months,credit_card,MORTGAGE,KY,47.9,739.0,0
28000.0,125000.0,30.66,8 years,B, 60 months,debt_consolidation,MORTGAGE,RI,74.0,684.0,0
18000.0,80127.0,34.28,10+ years,D, 60 months,debt_consolidation,MORTGAGE,CO,96.2,694.0,0
7200.0,125000.0,39.86,2 years,D, 36 months,other,MORTGAGE,CA,62.1,689.0,1
28000.0,172000.0,14.25,2 years,A, 36 months,debt_consolidation,MORTGAGE,MN,47.9,734.0,0
9600.0,40000.0,31.44,10+ years,B, 36 months,debt_consolidation,MORTGAGE,CA,56.0,674.0,0
20000.0,80000.0,19.32,8 years,D, 60 months,debt_consolidation,MORTGAGE,NC,79.4,679.0,0
24000.0,205000.0,11.07,3 years,B, 60 months,debt_consolidation,MORTGAGE,CO,29.0,754.0,0
4800.0,30000.0,7.33,8 years,C, 36 months,debt_consolidation,MORTGAGE,NV,38.1,679.0,0
21000.0,90500.0,21.51,4 years,A, 36 months,debt_consolidation,RENT,TX,0.3,754.0,0
21000.0,200000.0,10.88,5 years,B, 36 months,debt_consolidation,RENT,CA,82.6,709.0,0
14000.0,42000.0,23.03,< 1 year,B, 60 months,home_improvement,MORTGAGE,ND,23.7,769.0,0
20000.0,260000.0,6.98,< 1 year,B, 36 months,debt_consolidation,RENT,CA,63.2,689.0,0
11775.0,31000.0,10.03,10+ years,D, 60 months,credit_card,RENT,OH,31.7,669.0,0
25000.0,83400.0,21.35,9 years,A, 36 months,debt_consolidation,MORTGAGE,MN,60.2,714.0,0
21000.0,78000.0,18.28,10+ years,C, 60 months,credit_card,MORTGAGE,ND,56.2,699.0,1
3600.0,56000.0,26.81,10+ years,D, 36 months,other,MORTGAGE,GA,59.1,689.0,0
10000.0,130000.0,10.03,10+ years,B, 36 months,debt_consolidation,MORTGAGE,VA,91.5,674.0,0
6000.0,45000.0,12.81,1 year,B, 36 months,credit_card,RENT,IN,35.2,669.0,0
20000.0,85000.0,14.2,1 year,B, 36 months,credit_card,RENT,NJ,63.8,674.0,1
12000.0,109000.0,24.07,10+ years,B, 60 months,debt_consolidation,MORTGAGE,TX,33.0,674.0,0
24225.0,92000.0,29.3,2 years,C, 36 months,debt_consolidation,MORTGAGE,NC,66.2,689.0,0
13175.0,65000.0,19.5,10+ years,D, 60 months,other,RENT,NY,11.2,694.0,1
25000.0,63000.0,19.73,10+ years,C, 36 months,debt_consolidation,MORTGAGE,MD,69.8,664.0,1
2500.0,125000.0,10.87,6 years,C, 36 months,debt_consolidation,MORTGAGE,NJ,97.7,684.0,1
20000.0,71000.0,12.78,10+ years,C, 60 months,debt_consolidation,MORTGAGE,FL,48.1,729.0,0
18000.0,95000.0,13.81,5 years,C, 60 months,credit_card,RENT,CT,82.0,699.0,1
8400.0,25000.0,26.79,5 years,C, 36 months,debt_consolidation,RENT,TN,30.3,674.0,0
8400.0,29000.0,9.48,10+ years,C, 36 months,debt_consolidation,MORTGAGE,VA,27.1,679.0,0
10000.0,75000.0,3.62,3 years,D, 60 months,small_business,RENT,TX,49.5,669.0,0
29000.0,58000.0,29.8,1 year,B, 36 months,debt_consolidation,MORTGAGE,VA,27.1,714.0,0
25000.0,79000.0,13.98,10+ years,B, 60 months,debt_consolidation,MORTGAGE,CA,10.3,724.0,0
15000.0,45000.0,32.85,5 years,D, 36 months,debt_consolidation,MORTGAGE,OR,25.2,664.0,0
12000.0,96000.0,28.76,10+ years,B, 36 months,debt_consolidation,MORTGAGE,UT,72.0,679.0,0
26000.0,90000.0,19.41,1 year,C, 36 months,debt_consolidation,RENT,MA,50.9,739.0,0
33600.0,140000.0,20.53,< 1 year,C, 36 months,debt_consolidation,MORTGAGE,MT,89.7,674.0,0
15000.0,110000.0,18.21,9 years,B, 36 months,credit_card,MORTGAGE,AZ,48.6,679.0,1
20000.0,140000.0,5.53,1 year,B, 36 months,credit_card,RENT,NY,65.8,674.0,0
14000.0,35000.0,31.34,2 years,E, 60 months,debt_consolidation,RENT,CO,89.4,679.0,0
20000.0,150000.0,8.32,10+ years,B, 60 months,debt_consolidation,MORTGAGE,TX,20.7,724.0,0
23000.0,65000.0,24.24,< 1 year,B, 60 months,debt_consolidation,OWN,NY,10.3,784.0,0
10500.0,76900.0,29.56,10+ years,C, 36 months,home_improvement,MORTGAGE,TX,84.0,664.0,0
8000.0,48000.0,18.88,8 years,B, 36 months,debt_consolidation,MORTGAGE,NV,47.7,679.0,0
10000.0,60000.0,10.13,5 years,C, 36 months,debt_consolidation,RENT,NY,75.5,699.0,1
6500.0,27000.0,15.56,< 1 year,B, 36 months,credit_card,RENT,NY,55.8,714.0,0
10000.0,83000.0,15.33,3 years,B, 36 months,debt_consolidation,MORTGAGE,ND,44.5,724.0,1
21000.0,99450.0,15.31,7 years,C, 60 months,debt_consolidation,MORTGAGE,PA,66.9,669.0,0
16000.0,99265.0,12.16,2 years,B, 36 months,debt_consolidation,MORTGAGE,TX,59.2,674.0,0
25000.0,140000.0,11.61,10+ years,A, 36 months,debt_consolidation,MORTGAGE,CA,34.0,749.0,0
11700.0,65000.0,28.16,10+ years,C, 60 months,debt_consolidation,MORTGAGE,GA,70.2,694.0,0
8400.0,41000.0,18.09,9 years,C, 36 months,debt_consolidation,MORTGAGE,NY,24.1,674.0,0
9425.0,34535.0,22.03,3 years,A, 36 months,credit_card,MORTGAGE,GA,79.5,729.0,0
10800.0,58716.0,14.82,10+ years,B, 36 months,credit_card,MORTGAGE,WI,63.0,664.0,0
27000.0,69372.0,20.5,3 years,D, 60 months,debt_consolidation,RENT,OR,86.0,704.0,0
24500.0,90000.0,31.77,4 years,D, 60 months,credit_card,MORTGAGE,GA,99.0,694.0,0
6000.0,25000.0,34.18,3 years,C, 36 months,debt_consolidation,MORTGAGE,TN,61.6,689.0,0
28425.0,135000.0,6.91,2 years,E, 60 months,debt_consolidation,OWN,CA,28.3,664.0,0
10000.0,52000.0,10.89,10+ years,C, 36 months,debt_consolidation,RENT,CA,50.7,719.0,0
8000.0,85000.0,23.46,1 year,A, 36 months,home_improvement,MORTGAGE,OH,64.0,704.0,0
26000.0,144000.0,10.45,10+ years,A, 36 months,credit_card,RENT,MD,52.4,714.0,0
16800.0,40000.0,37.83,9 years,D, 60 months,debt_consolidation,RENT,OH,74.2,674.0,0
25500.0,58000.0,28.26,10+ years,E, 60 months,debt_consolidation,OWN,MI,61.5,699.0,0
6000.0,72000.0,5.65,< 1 year,C, 36 months,other,MORTGAGE,GA,13.9,679.0,0
19375.0,60000.0,23.1,3 years,E, 60 months,other,RENT,IN,57.2,719.0,0
10000.0,45000.0,19.6,7 years,A, 36 months,credit_card,RENT,WA,57.5,704.0,0
12000.0,76500.0,14.6,2 years,B, 36 months,credit_card,RENT,NC,62.5,694.0,0
25000.0,70000.0,17.78,2 years,B, 60 months,debt_consolidation,MORTGAGE,GA,26.6,739.0,0
12325.0,64000.0,9.58,10+ years,C, 36 months,debt_consolidation,OWN,MA,93.6,704.0,0
7900.0,46000.0,39.29,10+ years,C, 36 months,debt_consolidation,MORTGAGE,TX,50.5,684.0,1
5000.0,70000.0,13.12,10+ years,B, 36 months,credit_card,OWN,VA,16.3,684.0,0
3500.0,24000.0,7.4,< 1 year,A, 36 months,debt_consolidation,RENT,CT,59.7,689.0,0
20000.0,125000.0,21.12,8 years,A, 36 months,debt_consolidation,MORTGAGE,VA,35.0,729.0,0
13000.0,37000.0,24.68,10+ years,C, 60 months,debt_consolidation,MORTGAGE,CA,17.2,729.0,0
13000.0,68000.0,22.06,3 years,A, 36 months,credit_card,RENT,MT,69.9,719.0,0
9000.0,45000.0,4.96,2 years,A, 36 months,credit_card,MORTGAGE,CT,36.1,694.0,1
33175.0,100000.0,32.62,5 years,C, 60 months,debt_consolidation,RENT,OH,52.4,719.0,0
16000.0,103000.0,24.94,8 years,B, 60 months,debt_consolidation,RENT,NY,68.4,709.0,0
12000.0,45000.0,3.25,3 years,C, 36 months,credit_card,RENT,FL,84.1,719.0,0
16000.0,110000.0,15.45,8 years,B, 60 months,home_improvement,MORTGAGE,CA,19.7,774.0,0
11200.0,55000.0,17.27,3 years,B, 60 months,credit_card,RENT,FL,49.4,704.0,0
15000.0,85500.0,18.3,4 years,A, 36 months,debt_consolidation,RENT,MI,24.3,669.0,0
21000.0,55000.0,13.52,2 years,C, 60 months,major_purchase,MORTGAGE,TX,25.8,764.0,1
6000.0,98000.0,4.3,6 years,B, 36 months,other,RENT,NY,53.8,664.0,0
28800.0,60000.0,13.68,4 years,G, 60 months,debt_consolidation,OWN,GA,29.7,739.0,1
12675.0,60000.0,34.7,10+ years,C, 60 months,credit_card,OWN,PA,69.2,699.0,1
8000.0,23000.0,31.47,2 years,B, 36 months,major_purchase,RENT,OH,39.4,694.0,0
11700.0,64999.98,17.36,3 years,E, 60 months,house,RENT,NY,46.0,694.0,0
20000.0,175000.0,16.46,< 1 year,A, 36 months,debt_consolidation,RENT,VA,42.8,704.0,1
28000.0,190000.0,15.82,6 years,A, 60 months,credit_card,OWN,MD,54.3,769.0,0
4000.0,85000.0,17.8,10+ years,A, 36 months,home_improvement,MORTGAGE,OH,31.8,709.0,0
1000.0,53000.0,21.54,2 years,C, 36 months,vacation,RENT,CA,20.0,689.0,0
20000.0,68000.0,37.89,4 years,C, 36 months,debt_consolidation,MORTGAGE,MO,68.4,719.0,0
24000.0,90000.0,21.04,2 years,C, 60 months,debt_consolidation,MORTGAGE,NY,49.5,719.0,0
18000.0,130000.0,12.73,3 years,C, 60 months,debt_consolidation,MORTGAGE,GA,38.2,679.0,0
8000.0,180000.0,7.7,9 years,A, 36 months,debt_consolidation,RENT,CO,45.4,699.0,0
12600.0,35000.0,19.2,10+ years,D, 36 months,debt_consolidation,OWN,NJ,1.9,689.0,1
23875.0,83000.0,27.73,2 years,C, 36 months,debt_consolidation,MORTGAGE,CA,65.8,719.0,0
12225.0,62000.0,36.68,10+ years,E, 60 months,credit_card,RENT,MN,80.7,669.0,0
17400.0,85000.0,17.41,3 years,D, 60 months,credit_card,MORTGAGE,NY,45.5,709.0,0
17000.0,65000.0,13.77,10+ years,B, 60 months,debt_consolidation,MORTGAGE,AZ,37.7,734.0,0
10000.0,47000.0,22.48,3 years,D, 60 months,credit_card,OWN,CT,88.6,674.0,0
16000.0,65000.0,9.12,1 year,A, 60 months,credit_card,OWN,NY,22.2,804.0,0
18700.0,73000.0,12.18,10+ years,C, 60 months,debt_consolidation,RENT,CA,72.7,714.0,0
10000.0,87750.0,15.8,4 years,C, 36 months,credit_card,MORTGAGE,GA,81.0,704.0,0
5600.0,70000.0,37.19,10+ years,B, 36 months,debt_consolidation,RENT,CA,19.4,759.0,0
20000.0,52000.0,20.22,10+ years,B, 36 months,debt_consolidation,MORTGAGE,RI,57.7,664.0,0
21600.0,175000.0,26.24,10+ years,D, 60 months,debt_consolidation,MORTGAGE,FL,92.1,669.0,0
10250.0,39000.0,17.38,3 years,C, 36 months,debt_consolidation,MORTGAGE,OR,18.5,754.0,0
16450.0,37440.0,6.63,6 years,B, 36 months,home_improvement,MORTGAGE,WI,0.3,719.0,0
19200.0,78000.0,21.49,6 years,B, 60 months,debt_consolidation,RENT,CA,21.9,679.0,0
5000.0,51000.0,17.58,7 years,D, 36 months,debt_consolidation,OWN,CT,51.6,669.0,0
18175.0,53500.0,25.8,2 years,D, 36 months,debt_consolidation,RENT,FL,47.9,664.0,1
25000.0,105000.0,10.19,7 years,D, 36 months,home_improvement,MORTGAGE,GA,0.2,669.0,1
8000.0,50500.0,25.69,9 years,C, 36 months,debt_consolidation,RENT,AZ,58.9,684.0,1
12000.0,60000.0,22.93,10+ years,D, 60 months,home_improvement,MORTGAGE,OH,28.9,669.0,0
4000.0,43800.0,23.15,1 year,B, 36 months,car,RENT,FL,42.0,699.0,0
16200.0,45000.0,16.64,6 years,B, 36 months,debt_consolidation,OWN,NJ,63.9,674.0,0
10000.0,55000.0,7.35,10+ years,A, 36 months,credit_card,OWN,VA,25.7,714.0,0
10000.0,55000.0,21.99,3 years,A, 36 months,debt_consolidation,RENT,CA,45.8,739.0,1
15025.0,42000.0,36.11,10+ years,E, 60 months,debt_consolidation,MORTGAGE,TX,93.6,694.0,0
5000.0,99000.0,14.23,6 years,D, 36 months,debt_consolidation,RENT,CA,61.9,669.0,0
6000.0,51000.0,25.04,10+ years,C, 36 months,debt_consolidation,RENT,OR,32.8,709.0,0
12825.0,120000.0,14.85,3 years,E, 60 months,credit_card,RENT,NY,99.0,664.0,0
5000.0,50000.0,29.19,2 years,D, 36 months,debt_consolidation,RENT,TN,25.7,694.0,0
35000.0,137000.0,16.76,4 years,D, 60 months,debt_consolidation,MORTGAGE,GA,49.1,714.0,0
8500.0,85000.0,5.72,5 years,C, 36 months,debt_consolidation,OWN,TX,13.7,699.0,0
16000.0,130000.0,19.98,6 years,A, 36 months,credit_card,OWN,TX,24.4,759.0,0
16000.0,55000.0,19.77,2 years,B, 60 months,credit_card,RENT,CA,97.7,669.0,0
5000.0,70000.0,19.3,10+ years,A, 36 months,home_improvement,MORTGAGE,IN,83.3,704.0,0
21400.0,51000.0,33.79,2 years,D, 60 months,debt_consolidation,RENT,FL,16.9,794.0,1
12000.0,50000.0,27.21,4 years,B, 36 months,credit_card,RENT,OH,75.3,674.0,0
8850.0,39520.0,14.39,1 year,D, 36 months,debt_consolidation,RENT,UT,63.9,664.0,1
12000.0,250000.0,11.36,< 1 year,B, 36 months,debt_consolidation,MORTGAGE,CO,71.0,669.0,0
18000.0,50000.0,14.71,10+ years,D, 60 months,credit_card,OWN,NY,71.4,664.0,1
23125.0,76000.0,25.86,10+ years,D, 60 months,debt_consolidation,RENT,MI,42.5,669.0,0
10000.0,52000.0,25.99,< 1 year,B, 36 months,credit_card,MORTGAGE,NH,21.2,689.0,0
10000.0,60000.0,5.38,10+ years,E, 60 months,debt_consolidation,RENT,NY,12.8,714.0,0
5275.0,84000.0,34.02,< 1 year,D, 36 months,debt_consolidation,MORTGAGE,NY,92.6,679.0,0
